variant,rep,token_index,time_ms
baseline,0,0,55.7964
baseline,0,1,11.1553
baseline,0,2,11.4084
baseline,0,3,11.066
baseline,0,4,11.0036
baseline,0,5,11.0235
baseline,0,6,10.8966
baseline,0,7,11.2097
baseline,0,8,11.3496
baseline,0,9,11.1658
baseline,0,10,11.0384
baseline,0,11,11.1245
baseline,0,12,11.4581
baseline,0,13,11.3551
baseline,0,14,11.4607
baseline,0,15,11.178
baseline,0,16,11.078
baseline,0,17,11.3464
baseline,0,18,11.5015
baseline,0,19,11.5597
baseline,0,20,11.4636
baseline,0,21,11.5572
baseline,0,22,11.3626
baseline,0,23,11.7182
baseline,0,24,11.2893
baseline,0,25,11.2543
baseline,0,26,11.4202
baseline,0,27,11.3746
baseline,0,28,11.4526
baseline,0,29,11.4688
baseline,0,30,11.5919
baseline,0,31,11.4437
baseline,0,32,11.614
baseline,0,33,11.1819
baseline,0,34,10.7449
baseline,0,35,11.0634
baseline,0,36,11.193
baseline,0,37,11.7332
baseline,0,38,11.6835
baseline,0,39,11.6896
baseline,0,40,11.379
baseline,0,41,11.6636
baseline,0,42,11.9209
baseline,0,43,12.0979
baseline,0,44,11.7845
baseline,0,45,11.6109
baseline,0,46,11.1349
baseline,0,47,11.8444
baseline,0,48,11.8685
baseline,0,49,11.7234
baseline,0,50,11.7395
baseline,0,51,11.5398
baseline,0,52,11.6765
baseline,0,53,11.678
baseline,0,54,11.766
baseline,0,55,11.6543
baseline,0,56,11.5116
baseline,0,57,11.8646
baseline,0,58,11.9671
baseline,0,59,12.2101
baseline,0,60,11.7106
baseline,0,61,11.9987
baseline,0,62,11.6406
baseline,0,63,11.3542
baseline,0,64,11.7432
baseline,0,65,11.7712
baseline,0,66,11.8384
baseline,0,67,11.6595
baseline,0,68,11.6547
baseline,0,69,12.1212
baseline,0,70,12.1359
baseline,0,71,11.9868
baseline,0,72,12.1451
baseline,0,73,12.2275
baseline,0,74,11.9572
baseline,0,75,11.9135
baseline,0,76,11.9803
baseline,0,77,11.7763
baseline,0,78,16.4386
baseline,0,79,18.119
baseline,0,80,14.4334
baseline,0,81,14.0294
baseline,0,82,12.4814
baseline,0,83,12.2569
baseline,0,84,12.4522
baseline,0,85,12.1658
baseline,0,86,12.1154
baseline,0,87,12.6423
baseline,0,88,12.0768
baseline,0,89,12.1351
baseline,0,90,12.1773
baseline,0,91,11.7454
baseline,0,92,12.3526
baseline,0,93,12.1475
baseline,0,94,12.0007
baseline,0,95,11.9211
baseline,0,96,12.1541
baseline,0,97,12.0893
baseline,0,98,12.1196
baseline,0,99,12.1107
baseline,0,100,11.8843
baseline,0,101,12.2654
baseline,0,102,12.3276
baseline,0,103,12.7585
baseline,0,104,12.228
baseline,0,105,12.4211
baseline,0,106,12.1981
baseline,0,107,12.2656
baseline,0,108,12.3718
baseline,0,109,12.4377
baseline,0,110,12.3031
baseline,0,111,12.4397
baseline,0,112,12.1912
baseline,0,113,12.845
baseline,0,114,12.0595
baseline,0,115,12.5273
baseline,0,116,12.4934
baseline,0,117,12.2368
baseline,0,118,12.5678
baseline,0,119,11.8235
baseline,0,120,12.902
baseline,0,121,12.0019
baseline,0,122,11.7847
baseline,0,123,11.8857
baseline,0,124,12.6045
baseline,0,125,11.9119
baseline,0,126,11.9147
baseline,0,127,27.5697
baseline,0,128,12.4569
baseline,0,129,11.8135
baseline,0,130,13.3064
baseline,0,131,12.8586
baseline,0,132,12.8425
baseline,0,133,12.9369
baseline,0,134,13.4302
baseline,0,135,12.4492
baseline,0,136,11.9025
baseline,0,137,12.7167
baseline,0,138,12.9126
baseline,0,139,11.7909
baseline,0,140,12.6916
baseline,0,141,12.4102
baseline,0,142,12.7464
baseline,0,143,12.3358
baseline,0,144,12.6968
baseline,0,145,12.4202
baseline,0,146,12.5045
baseline,0,147,13.16
baseline,0,148,11.878
baseline,0,149,13.2174
baseline,0,150,12.964
baseline,0,151,12.7365
baseline,0,152,12.651
baseline,0,153,13.2462
baseline,0,154,13.0031
baseline,0,155,13.2435
baseline,0,156,12.806
baseline,0,157,13.2592
baseline,0,158,13.02
baseline,0,159,12.7127
baseline,0,160,13.0036
baseline,0,161,13.0076
baseline,0,162,13.0025
baseline,0,163,12.9911
baseline,0,164,12.9042
baseline,0,165,12.64
baseline,0,166,12.9591
baseline,0,167,13.0158
baseline,0,168,12.8748
baseline,0,169,12.8919
baseline,0,170,13.2342
baseline,0,171,13.4932
baseline,0,172,13.215
baseline,0,173,13.1125
baseline,0,174,13.0849
baseline,0,175,13.385
baseline,0,176,13.2761
baseline,0,177,13.0443
baseline,0,178,13.4174
baseline,0,179,12.7025
baseline,0,180,13.3082
baseline,0,181,13.7783
baseline,0,182,13.334
baseline,0,183,13.211
baseline,0,184,12.8413
baseline,0,185,13.234
baseline,0,186,13.3102
baseline,0,187,13.6581
baseline,0,188,13.1477
baseline,0,189,13.4127
baseline,0,190,13.3472
baseline,0,191,13.4005
baseline,0,192,13.4307
baseline,0,193,13.4446
baseline,0,194,13.4093
baseline,0,195,13.6856
baseline,0,196,13.3649
baseline,0,197,13.4958
baseline,0,198,13.5694
baseline,0,199,13.5683
baseline,0,200,13.2371
baseline,0,201,13.345
baseline,0,202,12.8669
baseline,0,203,12.7414
baseline,0,204,12.823
baseline,0,205,13.1705
baseline,0,206,13.5773
baseline,0,207,13.4603
baseline,0,208,13.522
baseline,0,209,13.2655
baseline,0,210,13.6968
baseline,0,211,13.7593
baseline,0,212,13.6619
baseline,0,213,13.6836
baseline,0,214,13.7206
baseline,0,215,13.6282
baseline,0,216,13.826
baseline,0,217,13.8806
baseline,0,218,13.6348
baseline,0,219,13.8758
baseline,0,220,13.3076
baseline,0,221,13.7589
baseline,0,222,13.7967
baseline,0,223,14.034
baseline,0,224,13.3136
baseline,0,225,13.7238
baseline,0,226,13.7425
baseline,0,227,13.8117
baseline,0,228,13.6747
baseline,0,229,13.8466
baseline,0,230,13.8066
baseline,0,231,14.2753
baseline,0,232,13.771
baseline,0,233,14.0804
baseline,0,234,14.1432
baseline,0,235,13.9159
baseline,0,236,13.8922
baseline,0,237,13.8162
baseline,0,238,14.184
baseline,0,239,14.0185
baseline,0,240,13.6453
baseline,0,241,14.0604
baseline,0,242,14.0526
baseline,0,243,13.9355
baseline,0,244,13.856
baseline,0,245,13.9848
baseline,0,246,14.4278
baseline,0,247,13.9359
baseline,0,248,13.9674
baseline,0,249,13.7865
baseline,0,250,14.2135
baseline,0,251,14.1687
baseline,0,252,14.028
baseline,0,253,14.181
baseline,0,254,13.922
baseline,0,255,14.324
baseline,0,256,14.0484
baseline,0,257,14.0515
baseline,0,258,14.2839
baseline,0,259,13.8727
baseline,0,260,14.0369
baseline,0,261,14.5488
baseline,0,262,13.9323
baseline,0,263,14.082
baseline,0,264,14.3513
baseline,0,265,14.2186
baseline,0,266,14.2067
baseline,0,267,14.1229
baseline,0,268,14.4866
baseline,0,269,13.9569
baseline,0,270,14.3797
baseline,0,271,13.9268
baseline,0,272,13.9567
baseline,0,273,14.7291
baseline,0,274,14.0512
baseline,0,275,14.051
baseline,0,276,14.2879
baseline,0,277,14.4747
baseline,0,278,14.1005
baseline,0,279,14.1595
baseline,0,280,14.2445
baseline,0,281,14.2641
baseline,0,282,14.316
baseline,0,283,14.9377
baseline,0,284,14.8425
baseline,0,285,14.7276
baseline,0,286,14.2332
baseline,0,287,14.5168
baseline,0,288,14.0717
baseline,0,289,14.6374
baseline,0,290,14.5169
baseline,0,291,14.346
baseline,0,292,14.3848
baseline,0,293,14.4203
baseline,0,294,14.8077
baseline,0,295,14.6759
baseline,0,296,14.137
baseline,0,297,14.4525
baseline,0,298,14.367
baseline,0,299,14.5158
baseline,0,300,14.8188
baseline,0,301,14.0962
baseline,0,302,14.2616
baseline,0,303,14.0701
baseline,0,304,14.0505
baseline,0,305,14.3468
baseline,0,306,14.4562
baseline,0,307,14.4581
baseline,0,308,14.4369
baseline,0,309,14.5008
baseline,0,310,14.6687
baseline,0,311,14.7312
baseline,0,312,14.8863
baseline,0,313,15.009
baseline,0,314,15.036
baseline,0,315,14.7186
baseline,0,316,14.5801
baseline,0,317,14.935
baseline,0,318,14.5743
baseline,0,319,14.6519
baseline,0,320,14.7598
baseline,0,321,15.0147
baseline,0,322,14.8205
baseline,0,323,14.8267
baseline,0,324,14.8418
baseline,0,325,14.8308
baseline,0,326,14.8463
baseline,0,327,14.472
baseline,0,328,14.9617
baseline,0,329,14.8635
baseline,0,330,14.8635
baseline,0,331,14.5359
baseline,0,332,15.0657
baseline,0,333,15.0567
baseline,0,334,14.9082
baseline,0,335,14.9766
baseline,0,336,14.7733
baseline,0,337,14.9978
baseline,0,338,14.9321
baseline,0,339,14.848
baseline,0,340,15.0346
baseline,0,341,15.1959
baseline,0,342,14.9227
baseline,0,343,14.8252
baseline,0,344,15.1844
baseline,0,345,14.8872
baseline,0,346,14.9386
baseline,0,347,14.8383
baseline,0,348,14.9023
baseline,0,349,15.3133
baseline,0,350,15.18
baseline,0,351,14.9333
baseline,0,352,15.0377
baseline,0,353,14.3931
baseline,0,354,14.7375
baseline,0,355,15.2041
baseline,0,356,15.2132
baseline,0,357,15.0239
baseline,0,358,15.1032
baseline,0,359,15.4556
baseline,0,360,15.2592
baseline,0,361,14.932
baseline,0,362,15.2456
baseline,0,363,15.1111
baseline,0,364,14.5069
baseline,0,365,14.9506
baseline,0,366,14.933
baseline,0,367,15.1327
baseline,0,368,15.3235
baseline,0,369,14.9968
baseline,0,370,15.2425
baseline,0,371,15.0299
baseline,0,372,15.0497
baseline,0,373,15.5187
baseline,0,374,15.3818
baseline,0,375,15.3131
baseline,0,376,15.2463
baseline,0,377,15.3257
baseline,0,378,15.4227
baseline,0,379,15.3268
baseline,0,380,15.5156
baseline,0,381,15.2284
baseline,0,382,15.2591
baseline,0,383,15.2145
baseline,0,384,15.3077
baseline,0,385,15.7296
baseline,0,386,15.4935
baseline,0,387,15.3241
baseline,0,388,15.3785
baseline,0,389,15.2684
baseline,0,390,15.3467
baseline,0,391,15.606
baseline,0,392,15.7267
baseline,0,393,15.8829
baseline,0,394,15.443
baseline,0,395,15.747
baseline,0,396,15.3932
baseline,0,397,15.3819
baseline,0,398,15.1386
baseline,0,399,15.5905
baseline,0,400,15.329
baseline,0,401,15.6969
baseline,0,402,15.5085
baseline,0,403,15.7677
baseline,0,404,16.0391
baseline,0,405,15.8066
baseline,0,406,16.0579
baseline,0,407,15.8565
baseline,0,408,15.5098
baseline,0,409,15.6997
baseline,0,410,15.7422
baseline,0,411,15.7521
baseline,0,412,15.7442
baseline,0,413,15.786
baseline,0,414,15.7287
baseline,0,415,15.7407
baseline,0,416,15.8517
baseline,0,417,16.7645
baseline,0,418,15.9215
baseline,0,419,15.7061
baseline,0,420,16.0756
baseline,0,421,15.9715
baseline,0,422,15.8183
baseline,0,423,16.0247
baseline,0,424,15.7206
baseline,0,425,15.8772
baseline,0,426,15.7115
baseline,0,427,15.9495
baseline,0,428,16.169
baseline,0,429,15.9215
baseline,0,430,15.8156
baseline,0,431,16.188
baseline,0,432,15.9515
baseline,0,433,16.1872
baseline,0,434,16.0949
baseline,0,435,16.0313
baseline,0,436,15.724
baseline,0,437,16.0819
baseline,0,438,15.9322
baseline,0,439,16.0997
baseline,0,440,16.0028
baseline,0,441,16.2156
baseline,0,442,16.0585
baseline,0,443,15.9951
baseline,0,444,16.3443
baseline,0,445,16.1528
baseline,0,446,15.8788
baseline,0,447,15.9972
baseline,0,448,15.9349
baseline,0,449,16.4144
baseline,0,450,16.2045
baseline,0,451,16.3374
baseline,0,452,16.2025
baseline,0,453,16.1505
baseline,0,454,16.2662
baseline,0,455,16.1601
baseline,0,456,15.937
baseline,0,457,16.4097
baseline,0,458,16.6845
baseline,0,459,16.1132
baseline,0,460,16.1728
baseline,0,461,16.4441
baseline,0,462,16.3575
baseline,0,463,16.4804
baseline,0,464,16.567
baseline,0,465,16.4257
baseline,0,466,16.215
baseline,0,467,16.8444
baseline,0,468,16.601
baseline,0,469,16.489
baseline,0,470,16.6056
baseline,0,471,16.5113
baseline,0,472,16.8649
baseline,0,473,17.471
baseline,0,474,16.7874
baseline,0,475,17.2217
baseline,0,476,16.9005
baseline,0,477,16.8674
baseline,0,478,16.9822
baseline,0,479,17.2553
baseline,0,480,16.9288
baseline,0,481,17.1203
baseline,0,482,16.7535
baseline,0,483,16.4247
baseline,0,484,17.078
baseline,0,485,16.9891
baseline,0,486,17.2354
baseline,0,487,16.9172
baseline,0,488,16.8828
baseline,0,489,17.186
baseline,0,490,16.9623
baseline,0,491,17.0242
baseline,0,492,17.2598
baseline,0,493,17.0434
baseline,0,494,17.0056
baseline,0,495,17.0029
baseline,0,496,16.9074
baseline,0,497,16.9468
baseline,0,498,16.8995
baseline,0,499,16.7859
baseline,0,500,17.463
baseline,0,501,17.0261
baseline,0,502,17.1418
baseline,0,503,16.5262
baseline,0,504,16.9611
baseline,0,505,17.1322
baseline,0,506,17.0663
baseline,0,507,17.102
baseline,0,508,17.2364
baseline,0,509,16.9377
baseline,0,510,17.1282
baseline,0,511,17.2891
baseline,0,512,16.9615
baseline,0,513,16.8087
baseline,0,514,16.9059
baseline,0,515,17.603
baseline,0,516,16.7602
baseline,0,517,17.2035
baseline,0,518,16.665
baseline,0,519,16.9328
baseline,0,520,17.625
baseline,0,521,16.9712
baseline,0,522,16.9098
baseline,0,523,17.1268
baseline,0,524,17.6182
baseline,0,525,16.9951
baseline,0,526,16.8463
baseline,0,527,16.9913
baseline,0,528,16.864
baseline,0,529,16.6966
baseline,0,530,16.8718
baseline,0,531,16.9862
baseline,0,532,17.125
baseline,0,533,16.8483
baseline,0,534,17.0854
baseline,0,535,16.7256
baseline,0,536,17.2565
baseline,0,537,17.3003
baseline,0,538,17.4631
baseline,0,539,17.8865
baseline,0,540,17.0093
baseline,0,541,17.148
baseline,0,542,16.7589
baseline,0,543,16.6017
baseline,0,544,17.2205
baseline,0,545,17.3135
baseline,0,546,16.9563
baseline,0,547,16.9909
baseline,0,548,17.3062
baseline,0,549,17.2152
baseline,0,550,17.2362
baseline,0,551,16.7113
baseline,0,552,16.8045
baseline,0,553,17.4835
baseline,0,554,17.0187
baseline,0,555,17.0528
baseline,0,556,16.9342
baseline,0,557,16.289
baseline,0,558,16.6194
baseline,0,559,16.8082
baseline,0,560,16.5642
baseline,0,561,17.0442
baseline,0,562,16.6994
baseline,0,563,16.6236
baseline,0,564,16.4093
baseline,0,565,17.492
baseline,0,566,16.6316
baseline,0,567,17.5619
baseline,0,568,17.041
baseline,0,569,17.0387
baseline,0,570,17.1845
baseline,0,571,16.9131
baseline,0,572,17.0454
baseline,0,573,16.8973
baseline,0,574,17.3738
baseline,0,575,16.8521
baseline,0,576,17.4232
baseline,0,577,17.1477
baseline,0,578,16.6699
baseline,0,579,16.925
baseline,0,580,17.0239
baseline,0,581,17.3126
baseline,0,582,16.8133
baseline,0,583,17.3601
baseline,0,584,17.459
baseline,0,585,16.6811
baseline,0,586,16.7696
baseline,0,587,17.0593
baseline,0,588,17.0806
baseline,0,589,17.1155
baseline,0,590,16.9363
baseline,0,591,16.9734
baseline,0,592,16.949
baseline,0,593,17.0618
baseline,0,594,17.1581
baseline,0,595,17.4029
baseline,0,596,16.968
baseline,0,597,17.2353
baseline,0,598,16.9767
baseline,0,599,17.0537
interleaved,0,0,56.8405
interleaved,0,1,11.3024
interleaved,0,2,10.8438
interleaved,0,3,11.496
interleaved,0,4,11.3345
interleaved,0,5,11.2716
interleaved,0,6,10.978
interleaved,0,7,11.0047
interleaved,0,8,10.676
interleaved,0,9,10.6515
interleaved,0,10,10.9416
interleaved,0,11,11.7884
interleaved,0,12,11.2562
interleaved,0,13,10.0993
interleaved,0,14,10.7872
interleaved,0,15,11.4355
interleaved,0,16,11.2086
interleaved,0,17,11.5139
interleaved,0,18,11.4561
interleaved,0,19,11.3054
interleaved,0,20,11.3127
interleaved,0,21,11.6415
interleaved,0,22,11.2462
interleaved,0,23,11.4885
interleaved,0,24,11.515
interleaved,0,25,10.8076
interleaved,0,26,11.5077
interleaved,0,27,11.5757
interleaved,0,28,11.592
interleaved,0,29,11.7982
interleaved,0,30,11.4293
interleaved,0,31,11.5188
interleaved,0,32,11.4301
interleaved,0,33,11.7547
interleaved,0,34,11.2423
interleaved,0,35,11.551
interleaved,0,36,11.6113
interleaved,0,37,11.6775
interleaved,0,38,11.5343
interleaved,0,39,11.6267
interleaved,0,40,11.5793
interleaved,0,41,11.164
interleaved,0,42,11.3416
interleaved,0,43,11.3992
interleaved,0,44,10.9167
interleaved,0,45,11.2635
interleaved,0,46,11.3996
interleaved,0,47,11.3315
interleaved,0,48,11.5303
interleaved,0,49,11.7152
interleaved,0,50,11.5476
interleaved,0,51,11.6528
interleaved,0,52,11.3246
interleaved,0,53,11.5143
interleaved,0,54,11.3945
interleaved,0,55,11.7333
interleaved,0,56,11.3058
interleaved,0,57,11.4465
interleaved,0,58,11.5617
interleaved,0,59,11.653
interleaved,0,60,11.3432
interleaved,0,61,11.7891
interleaved,0,62,11.8675
interleaved,0,63,11.8713
interleaved,0,64,11.76
interleaved,0,65,11.6823
interleaved,0,66,11.8621
interleaved,0,67,11.9375
interleaved,0,68,11.7609
interleaved,0,69,12.0015
interleaved,0,70,11.826
interleaved,0,71,11.7312
interleaved,0,72,12.0557
interleaved,0,73,11.99
interleaved,0,74,11.8153
interleaved,0,75,12.1374
interleaved,0,76,11.5054
interleaved,0,77,11.9801
interleaved,0,78,12.1625
interleaved,0,79,12.1103
interleaved,0,80,12.1567
interleaved,0,81,12.5798
interleaved,0,82,12.2127
interleaved,0,83,12.1865
interleaved,0,84,12.059
interleaved,0,85,11.9603
interleaved,0,86,11.9603
interleaved,0,87,12.0687
interleaved,0,88,12.0096
interleaved,0,89,11.7605
interleaved,0,90,11.9562
interleaved,0,91,11.8833
interleaved,0,92,11.9914
interleaved,0,93,12.1709
interleaved,0,94,12.4974
interleaved,0,95,12.0226
interleaved,0,96,12.1497
interleaved,0,97,12.0017
interleaved,0,98,12.0241
interleaved,0,99,12.0142
interleaved,0,100,12.0664
interleaved,0,101,12.0834
interleaved,0,102,12.244
interleaved,0,103,11.9372
interleaved,0,104,12.2637
interleaved,0,105,12.4186
interleaved,0,106,12.4832
interleaved,0,107,12.3964
interleaved,0,108,11.8679
interleaved,0,109,12.2308
interleaved,0,110,12.1004
interleaved,0,111,12.3918
interleaved,0,112,12.2319
interleaved,0,113,12.3135
interleaved,0,114,12.1764
interleaved,0,115,12.209
interleaved,0,116,12.0387
interleaved,0,117,12.478
interleaved,0,118,12.3918
interleaved,0,119,12.411
interleaved,0,120,12.2836
interleaved,0,121,12.508
interleaved,0,122,12.145
interleaved,0,123,12.399
interleaved,0,124,12.5127
interleaved,0,125,12.2455
interleaved,0,126,12.4802
interleaved,0,127,12.6795
interleaved,0,128,12.3114
interleaved,0,129,12.2332
interleaved,0,130,12.3782
interleaved,0,131,12.2081
interleaved,0,132,12.7154
interleaved,0,133,12.546
interleaved,0,134,12.5138
interleaved,0,135,12.4706
interleaved,0,136,12.554
interleaved,0,137,12.7332
interleaved,0,138,12.4503
interleaved,0,139,12.3823
interleaved,0,140,12.2224
interleaved,0,141,12.5755
interleaved,0,142,12.4358
interleaved,0,143,12.5785
interleaved,0,144,12.3537
interleaved,0,145,13.0461
interleaved,0,146,12.9382
interleaved,0,147,12.4943
interleaved,0,148,12.7387
interleaved,0,149,12.4902
interleaved,0,150,12.9553
interleaved,0,151,12.487
interleaved,0,152,12.8626
interleaved,0,153,12.6156
interleaved,0,154,12.995
interleaved,0,155,12.499
interleaved,0,156,12.6628
interleaved,0,157,12.7895
interleaved,0,158,12.6492
interleaved,0,159,12.7137
interleaved,0,160,12.8093
interleaved,0,161,12.9002
interleaved,0,162,12.7357
interleaved,0,163,12.6565
interleaved,0,164,12.8293
interleaved,0,165,12.5725
interleaved,0,166,12.4552
interleaved,0,167,13.1549
interleaved,0,168,12.8958
interleaved,0,169,13.4627
interleaved,0,170,13.1422
interleaved,0,171,13.0752
interleaved,0,172,12.8827
interleaved,0,173,12.8265
interleaved,0,174,13.1845
interleaved,0,175,12.7037
interleaved,0,176,13.4396
interleaved,0,177,13.3593
interleaved,0,178,13.0728
interleaved,0,179,12.7566
interleaved,0,180,12.3544
interleaved,0,181,12.404
interleaved,0,182,13.3725
interleaved,0,183,12.8974
interleaved,0,184,13.2133
interleaved,0,185,13.2815
interleaved,0,186,13.1156
interleaved,0,187,13.1238
interleaved,0,188,13.1755
interleaved,0,189,13.4193
interleaved,0,190,13.1148
interleaved,0,191,13.082
interleaved,0,192,13.0631
interleaved,0,193,13.0043
interleaved,0,194,13.1113
interleaved,0,195,12.8057
interleaved,0,196,13.2926
interleaved,0,197,13.1997
interleaved,0,198,13.1747
interleaved,0,199,12.86
interleaved,0,200,13.1109
interleaved,0,201,13.3384
interleaved,0,202,13.3652
interleaved,0,203,13.2122
interleaved,0,204,13.0452
interleaved,0,205,12.9694
interleaved,0,206,13.0632
interleaved,0,207,13.4611
interleaved,0,208,13.4261
interleaved,0,209,13.2997
interleaved,0,210,13.4996
interleaved,0,211,13.2284
interleaved,0,212,13.1372
interleaved,0,213,13.3084
interleaved,0,214,13.3727
interleaved,0,215,13.6329
interleaved,0,216,13.3569
interleaved,0,217,13.5768
interleaved,0,218,13.1984
interleaved,0,219,13.6484
interleaved,0,220,13.4222
interleaved,0,221,13.336
interleaved,0,222,13.8052
interleaved,0,223,13.5042
interleaved,0,224,14.5585
interleaved,0,225,13.9183
interleaved,0,226,13.547
interleaved,0,227,13.561
interleaved,0,228,13.271
interleaved,0,229,13.388
interleaved,0,230,13.753
interleaved,0,231,13.9647
interleaved,0,232,13.8849
interleaved,0,233,13.7605
interleaved,0,234,13.8273
interleaved,0,235,13.5348
interleaved,0,236,14.0217
interleaved,0,237,13.5557
interleaved,0,238,14.0419
interleaved,0,239,14.1014
interleaved,0,240,13.4863
interleaved,0,241,13.8642
interleaved,0,242,13.7081
interleaved,0,243,13.4838
interleaved,0,244,13.8521
interleaved,0,245,13.9181
interleaved,0,246,14.0907
interleaved,0,247,14.0497
interleaved,0,248,13.8158
interleaved,0,249,14.1375
interleaved,0,250,14.2952
interleaved,0,251,13.7165
interleaved,0,252,13.354
interleaved,0,253,13.8207
interleaved,0,254,14.1363
interleaved,0,255,13.7859
interleaved,0,256,12.9108
interleaved,0,257,13.5794
interleaved,0,258,13.7408
interleaved,0,259,13.9625
interleaved,0,260,13.8752
interleaved,0,261,13.3187
interleaved,0,262,13.8919
interleaved,0,263,13.3015
interleaved,0,264,13.6043
interleaved,0,265,13.8168
interleaved,0,266,13.902
interleaved,0,267,13.9179
interleaved,0,268,13.9362
interleaved,0,269,13.4633
interleaved,0,270,13.4761
interleaved,0,271,13.3285
interleaved,0,272,13.3353
interleaved,0,273,13.7384
interleaved,0,274,13.6703
interleaved,0,275,13.4082
interleaved,0,276,13.4838
interleaved,0,277,13.2755
interleaved,0,278,13.7011
interleaved,0,279,13.5838
interleaved,0,280,13.4302
interleaved,0,281,13.3717
interleaved,0,282,13.7653
interleaved,0,283,13.9792
interleaved,0,284,13.5811
interleaved,0,285,13.8812
interleaved,0,286,14.0319
interleaved,0,287,13.6273
interleaved,0,288,13.5782
interleaved,0,289,13.3898
interleaved,0,290,13.5984
interleaved,0,291,13.7528
interleaved,0,292,13.9972
interleaved,0,293,13.7373
interleaved,0,294,13.9422
interleaved,0,295,14.2362
interleaved,0,296,14.0693
interleaved,0,297,14.0387
interleaved,0,298,13.8692
interleaved,0,299,14.0247
interleaved,0,300,13.7398
interleaved,0,301,13.8248
interleaved,0,302,13.9919
interleaved,0,303,13.4884
interleaved,0,304,13.672
interleaved,0,305,13.4395
interleaved,0,306,13.909
interleaved,0,307,13.944
interleaved,0,308,14.088
interleaved,0,309,13.687
interleaved,0,310,13.8163
interleaved,0,311,13.7358
interleaved,0,312,13.942
interleaved,0,313,13.9824
interleaved,0,314,14.1379
interleaved,0,315,13.9549
interleaved,0,316,14.0238
interleaved,0,317,13.9372
interleaved,0,318,13.8072
interleaved,0,319,13.907
interleaved,0,320,13.8613
interleaved,0,321,13.6959
interleaved,0,322,13.9871
interleaved,0,323,13.9083
interleaved,0,324,13.8117
interleaved,0,325,13.9349
interleaved,0,326,13.8331
interleaved,0,327,14.3122
interleaved,0,328,13.9373
interleaved,0,329,13.9743
interleaved,0,330,13.6897
interleaved,0,331,14.1023
interleaved,0,332,13.9244
interleaved,0,333,14.2829
interleaved,0,334,14.0938
interleaved,0,335,14.0317
interleaved,0,336,14.1537
interleaved,0,337,14.1203
interleaved,0,338,14.1007
interleaved,0,339,14.0452
interleaved,0,340,14.0357
interleaved,0,341,14.2187
interleaved,0,342,14.0519
interleaved,0,343,14.5253
interleaved,0,344,14.1385
interleaved,0,345,14.3588
interleaved,0,346,14.2745
interleaved,0,347,14.2418
interleaved,0,348,14.3703
interleaved,0,349,14.5277
interleaved,0,350,14.219
interleaved,0,351,14.2559
interleaved,0,352,14.0955
interleaved,0,353,14.156
interleaved,0,354,14.3066
interleaved,0,355,14.2379
interleaved,0,356,14.2464
interleaved,0,357,14.3566
interleaved,0,358,14.2554
interleaved,0,359,14.0958
interleaved,0,360,14.1566
interleaved,0,361,14.5564
interleaved,0,362,14.1742
interleaved,0,363,14.2473
interleaved,0,364,14.5045
interleaved,0,365,14.8334
interleaved,0,366,14.4665
interleaved,0,367,14.5025
interleaved,0,368,14.7143
interleaved,0,369,14.431
interleaved,0,370,14.1595
interleaved,0,371,14.2041
interleaved,0,372,14.6188
interleaved,0,373,14.2363
interleaved,0,374,14.5978
interleaved,0,375,14.7189
interleaved,0,376,14.515
interleaved,0,377,14.4877
interleaved,0,378,14.3616
interleaved,0,379,14.4438
interleaved,0,380,14.597
interleaved,0,381,14.2968
interleaved,0,382,14.3649
interleaved,0,383,16.2225
interleaved,0,384,15.0557
interleaved,0,385,14.5077
interleaved,0,386,14.5467
interleaved,0,387,14.491
interleaved,0,388,14.6345
interleaved,0,389,14.6677
interleaved,0,390,14.4692
interleaved,0,391,14.9119
interleaved,0,392,14.7868
interleaved,0,393,14.484
interleaved,0,394,14.7235
interleaved,0,395,14.7218
interleaved,0,396,14.515
interleaved,0,397,14.6722
interleaved,0,398,14.792
interleaved,0,399,14.7805
interleaved,0,400,14.8683
interleaved,0,401,15.0762
interleaved,0,402,14.821
interleaved,0,403,14.8364
interleaved,0,404,14.9157
interleaved,0,405,14.6769
interleaved,0,406,14.8054
interleaved,0,407,14.7575
interleaved,0,408,14.9902
interleaved,0,409,15.0147
interleaved,0,410,15.0595
interleaved,0,411,14.8544
interleaved,0,412,14.702
interleaved,0,413,15.0027
interleaved,0,414,14.8795
interleaved,0,415,14.8212
interleaved,0,416,15.0202
interleaved,0,417,15.1457
interleaved,0,418,15.2234
interleaved,0,419,14.6818
interleaved,0,420,14.9657
interleaved,0,421,14.8889
interleaved,0,422,14.7839
interleaved,0,423,14.9125
interleaved,0,424,15.1312
interleaved,0,425,14.755
interleaved,0,426,14.9928
interleaved,0,427,14.8172
interleaved,0,428,15.1843
interleaved,0,429,14.9563
interleaved,0,430,14.888
interleaved,0,431,14.9493
interleaved,0,432,15.1046
interleaved,0,433,14.7956
interleaved,0,434,15.0397
interleaved,0,435,15.2978
interleaved,0,436,15.1708
interleaved,0,437,15.2338
interleaved,0,438,15.3893
interleaved,0,439,15.4898
interleaved,0,440,15.2055
interleaved,0,441,15.1775
interleaved,0,442,15.1869
interleaved,0,443,15.2294
interleaved,0,444,15.2057
interleaved,0,445,15.1552
interleaved,0,446,15.2922
interleaved,0,447,15.2863
interleaved,0,448,15.2846
interleaved,0,449,15.5874
interleaved,0,450,15.3578
interleaved,0,451,15.3242
interleaved,0,452,15.2657
interleaved,0,453,15.4636
interleaved,0,454,15.0391
interleaved,0,455,15.6095
interleaved,0,456,15.0576
interleaved,0,457,15.0937
interleaved,0,458,15.326
interleaved,0,459,15.2419
interleaved,0,460,15.4666
interleaved,0,461,15.3072
interleaved,0,462,15.1158
interleaved,0,463,15.2558
interleaved,0,464,15.4042
interleaved,0,465,15.4797
interleaved,0,466,15.5515
interleaved,0,467,15.3083
interleaved,0,468,15.5099
interleaved,0,469,15.3462
interleaved,0,470,15.5993
interleaved,0,471,15.3519
interleaved,0,472,15.845
interleaved,0,473,16.0763
interleaved,0,474,15.9727
interleaved,0,475,16.2817
interleaved,0,476,15.693
interleaved,0,477,15.8854
interleaved,0,478,16.2964
interleaved,0,479,15.9389
interleaved,0,480,16.0529
interleaved,0,481,16.1734
interleaved,0,482,16.4021
interleaved,0,483,16.11
interleaved,0,484,16.195
interleaved,0,485,16.0516
interleaved,0,486,16.1601
interleaved,0,487,16.0121
interleaved,0,488,16.2797
interleaved,0,489,16.145
interleaved,0,490,16.0851
interleaved,0,491,16.029
interleaved,0,492,16.0483
interleaved,0,493,16.2513
interleaved,0,494,15.8371
interleaved,0,495,16.6558
interleaved,0,496,15.81
interleaved,0,497,15.9607
interleaved,0,498,16.2065
interleaved,0,499,16.0515
interleaved,0,500,16.0123
interleaved,0,501,16.1088
interleaved,0,502,16.0927
interleaved,0,503,16.3082
interleaved,0,504,16.2798
interleaved,0,505,16.2795
interleaved,0,506,16.163
interleaved,0,507,16.1555
interleaved,0,508,15.867
interleaved,0,509,16.4288
interleaved,0,510,16.1625
interleaved,0,511,16.2762
interleaved,0,512,16.0228
interleaved,0,513,16.0601
interleaved,0,514,16.9256
interleaved,0,515,16.0377
interleaved,0,516,16.3846
interleaved,0,517,16.0873
interleaved,0,518,16.0056
interleaved,0,519,16.3752
interleaved,0,520,16.0027
interleaved,0,521,16.0882
interleaved,0,522,16.0351
interleaved,0,523,15.9078
interleaved,0,524,16.1359
interleaved,0,525,16.39
interleaved,0,526,16.2477
interleaved,0,527,16.1054
interleaved,0,528,16.147
interleaved,0,529,16.1817
interleaved,0,530,16.0653
interleaved,0,531,16
interleaved,0,532,16.322
interleaved,0,533,16.4424
interleaved,0,534,16.2155
interleaved,0,535,16.1935
interleaved,0,536,16.0528
interleaved,0,537,16.1093
interleaved,0,538,16.346
interleaved,0,539,16.2078
interleaved,0,540,15.8652
interleaved,0,541,15.9449
interleaved,0,542,16.0975
interleaved,0,543,15.8589
interleaved,0,544,16.0694
interleaved,0,545,15.9697
interleaved,0,546,16.48
interleaved,0,547,16.1612
interleaved,0,548,16.4403
interleaved,0,549,16.3585
interleaved,0,550,15.9192
interleaved,0,551,16.0815
interleaved,0,552,16.1876
interleaved,0,553,16.2503
interleaved,0,554,16.2677
interleaved,0,555,16.3781
interleaved,0,556,16.1836
interleaved,0,557,15.8827
interleaved,0,558,16.0687
interleaved,0,559,15.9659
interleaved,0,560,15.8599
interleaved,0,561,16.2601
interleaved,0,562,16.7408
interleaved,0,563,16.3077
interleaved,0,564,16.1463
interleaved,0,565,16.3042
interleaved,0,566,16.0608
interleaved,0,567,15.8912
interleaved,0,568,16.2708
interleaved,0,569,16.0318
interleaved,0,570,15.7985
interleaved,0,571,15.8461
interleaved,0,572,16.7899
interleaved,0,573,16.2717
interleaved,0,574,15.8158
interleaved,0,575,16.0319
interleaved,0,576,16.2883
interleaved,0,577,16.04
interleaved,0,578,15.9299
interleaved,0,579,16.4579
interleaved,0,580,16.2235
interleaved,0,581,16.1341
interleaved,0,582,16.2377
interleaved,0,583,16.303
interleaved,0,584,16.0783
interleaved,0,585,16.3753
interleaved,0,586,16.0495
interleaved,0,587,15.9678
interleaved,0,588,15.8215
interleaved,0,589,16.082
interleaved,0,590,16.1295
interleaved,0,591,15.8794
interleaved,0,592,16.1159
interleaved,0,593,16.1241
interleaved,0,594,16.4967
interleaved,0,595,16.2107
interleaved,0,596,16.2639
interleaved,0,597,15.9173
interleaved,0,598,16.0584
interleaved,0,599,16.0249
interleaved,1,0,55.6453
interleaved,1,1,11.0257
interleaved,1,2,10.9979
interleaved,1,3,10.6405
interleaved,1,4,10.8778
interleaved,1,5,10.9841
interleaved,1,6,11.2609
interleaved,1,7,10.7539
interleaved,1,8,10.7448
interleaved,1,9,10.4964
interleaved,1,10,10.6805
interleaved,1,11,10.9202
interleaved,1,12,10.6408
interleaved,1,13,10.7973
interleaved,1,14,11.1602
interleaved,1,15,11.2664
interleaved,1,16,11.1668
interleaved,1,17,10.9752
interleaved,1,18,10.6563
interleaved,1,19,10.8392
interleaved,1,20,11.1646
interleaved,1,21,11.155
interleaved,1,22,10.8286
interleaved,1,23,10.969
interleaved,1,24,11.3552
interleaved,1,25,11.121
interleaved,1,26,11.1246
interleaved,1,27,11.3043
interleaved,1,28,11.0453
interleaved,1,29,10.8913
interleaved,1,30,11.2423
interleaved,1,31,11.1265
interleaved,1,32,10.9881
interleaved,1,33,10.8015
interleaved,1,34,11.0407
interleaved,1,35,11.2018
interleaved,1,36,11.3184
interleaved,1,37,11.0562
interleaved,1,38,11.0381
interleaved,1,39,11.0981
interleaved,1,40,10.9148
interleaved,1,41,11.1149
interleaved,1,42,11.0492
interleaved,1,43,11.169
interleaved,1,44,11.0184
interleaved,1,45,11.2148
interleaved,1,46,11.6599
interleaved,1,47,11.2688
interleaved,1,48,11.4164
interleaved,1,49,11.3065
interleaved,1,50,11.6527
interleaved,1,51,11.333
interleaved,1,52,12.6623
interleaved,1,53,11.7543
interleaved,1,54,11.2083
interleaved,1,55,11.2393
interleaved,1,56,11.1608
interleaved,1,57,10.9652
interleaved,1,58,11.0484
interleaved,1,59,11.2608
interleaved,1,60,11.5198
interleaved,1,61,11.5045
interleaved,1,62,11.4366
interleaved,1,63,11.3409
interleaved,1,64,11.0858
interleaved,1,65,11.7249
interleaved,1,66,11.2441
interleaved,1,67,11.3362
interleaved,1,68,11.4024
interleaved,1,69,11.4874
interleaved,1,70,12.0009
interleaved,1,71,11.3291
interleaved,1,72,11.6787
interleaved,1,73,11.4684
interleaved,1,74,11.469
interleaved,1,75,11.8415
interleaved,1,76,11.6112
interleaved,1,77,11.5885
interleaved,1,78,11.3942
interleaved,1,79,11.8174
interleaved,1,80,11.413
interleaved,1,81,11.7648
interleaved,1,82,11.6594
interleaved,1,83,11.5815
interleaved,1,84,11.4515
interleaved,1,85,11.753
interleaved,1,86,12.0203
interleaved,1,87,11.5073
interleaved,1,88,11.9142
interleaved,1,89,11.9962
interleaved,1,90,11.6182
interleaved,1,91,11.6292
interleaved,1,92,12.0018
interleaved,1,93,11.6401
interleaved,1,94,11.4953
interleaved,1,95,11.9138
interleaved,1,96,11.8785
interleaved,1,97,11.6976
interleaved,1,98,11.9898
interleaved,1,99,12.3334
interleaved,1,100,11.9662
interleaved,1,101,11.7925
interleaved,1,102,11.9328
interleaved,1,103,12.4759
interleaved,1,104,12.2788
interleaved,1,105,12.194
interleaved,1,106,12.1998
interleaved,1,107,12.3905
interleaved,1,108,12.3086
interleaved,1,109,12.1562
interleaved,1,110,12.3884
interleaved,1,111,12.4885
interleaved,1,112,12.4235
interleaved,1,113,12.3245
interleaved,1,114,12.0745
interleaved,1,115,12.2841
interleaved,1,116,12.2887
interleaved,1,117,12.3787
interleaved,1,118,12.3609
interleaved,1,119,12.4417
interleaved,1,120,12.5213
interleaved,1,121,12.4271
interleaved,1,122,12.3162
interleaved,1,123,12.3687
interleaved,1,124,12.6283
interleaved,1,125,12.1557
interleaved,1,126,12.5845
interleaved,1,127,12.4975
interleaved,1,128,12.6307
interleaved,1,129,12.5283
interleaved,1,130,12.3693
interleaved,1,131,12.9222
interleaved,1,132,12.4252
interleaved,1,133,12.6701
interleaved,1,134,12.5328
interleaved,1,135,12.4905
interleaved,1,136,12.3503
interleaved,1,137,12.399
interleaved,1,138,12.4268
interleaved,1,139,12.7638
interleaved,1,140,12.4373
interleaved,1,141,12.5876
interleaved,1,142,12.7996
interleaved,1,143,12.4703
interleaved,1,144,12.7451
interleaved,1,145,12.3986
interleaved,1,146,12.688
interleaved,1,147,12.612
interleaved,1,148,12.9984
interleaved,1,149,12.7083
interleaved,1,150,12.6415
interleaved,1,151,12.8698
interleaved,1,152,12.9628
interleaved,1,153,12.6353
interleaved,1,154,12.8065
interleaved,1,155,12.6525
interleaved,1,156,12.7631
interleaved,1,157,13.0227
interleaved,1,158,12.9215
interleaved,1,159,12.9858
interleaved,1,160,12.203
interleaved,1,161,12.7646
interleaved,1,162,12.6502
interleaved,1,163,12.8267
interleaved,1,164,13.1802
interleaved,1,165,12.841
interleaved,1,166,13.4016
interleaved,1,167,12.6755
interleaved,1,168,13.0258
interleaved,1,169,15.7855
interleaved,1,170,16.7638
interleaved,1,171,18.3846
interleaved,1,172,14.3658
interleaved,1,173,13.0453
interleaved,1,174,12.7473
interleaved,1,175,12.7848
interleaved,1,176,13.2382
interleaved,1,177,13.2267
interleaved,1,178,12.6623
interleaved,1,179,12.8815
interleaved,1,180,12.997
interleaved,1,181,13.347
interleaved,1,182,13.1038
interleaved,1,183,13.0373
interleaved,1,184,13.0874
interleaved,1,185,12.3427
interleaved,1,186,12.2818
interleaved,1,187,13.3479
interleaved,1,188,12.6388
interleaved,1,189,12.1433
interleaved,1,190,12.3326
interleaved,1,191,12.01
interleaved,1,192,11.9946
interleaved,1,193,13.2522
interleaved,1,194,13.0617
interleaved,1,195,13.4162
interleaved,1,196,13.2223
interleaved,1,197,13.0879
interleaved,1,198,13.3845
interleaved,1,199,13.3573
interleaved,1,200,11.9248
interleaved,1,201,12.25
interleaved,1,202,13.0005
interleaved,1,203,12.2993
interleaved,1,204,13.1973
interleaved,1,205,13.4739
interleaved,1,206,13.6164
interleaved,1,207,12.3896
interleaved,1,208,13.6705
interleaved,1,209,13.1742
interleaved,1,210,13.3266
interleaved,1,211,13.727
interleaved,1,212,13.4321
interleaved,1,213,13.6444
interleaved,1,214,14.0887
interleaved,1,215,13.2218
interleaved,1,216,13.5895
interleaved,1,217,13.5718
interleaved,1,218,13.6695
interleaved,1,219,13.4404
interleaved,1,220,13.6244
interleaved,1,221,13.1029
interleaved,1,222,12.9506
interleaved,1,223,13.2115
interleaved,1,224,13.0758
interleaved,1,225,12.8481
interleaved,1,226,13.5456
interleaved,1,227,13.6111
interleaved,1,228,13.2597
interleaved,1,229,13.4893
interleaved,1,230,13.5875
interleaved,1,231,13.726
interleaved,1,232,13.7148
interleaved,1,233,13.5524
interleaved,1,234,13.727
interleaved,1,235,13.836
interleaved,1,236,13.6858
interleaved,1,237,13.6565
interleaved,1,238,13.1766
interleaved,1,239,13.1374
interleaved,1,240,14.0215
interleaved,1,241,14.0595
interleaved,1,242,13.8004
interleaved,1,243,14.1102
interleaved,1,244,13.7945
interleaved,1,245,13.6387
interleaved,1,246,13.7512
interleaved,1,247,14.0587
interleaved,1,248,13.8463
interleaved,1,249,13.4367
interleaved,1,250,13.7008
interleaved,1,251,13.9652
interleaved,1,252,13.5462
interleaved,1,253,13.5175
interleaved,1,254,13.7046
interleaved,1,255,14.0483
interleaved,1,256,13.5275
interleaved,1,257,14.0762
interleaved,1,258,13.742
interleaved,1,259,13.6255
interleaved,1,260,13.7557
interleaved,1,261,13.635
interleaved,1,262,13.9337
interleaved,1,263,13.918
interleaved,1,264,13.7734
interleaved,1,265,13.8997
interleaved,1,266,13.6026
interleaved,1,267,14.2104
interleaved,1,268,14.0627
interleaved,1,269,13.8487
interleaved,1,270,14.2681
interleaved,1,271,14.2873
interleaved,1,272,14.3384
interleaved,1,273,14.0325
interleaved,1,274,14.0539
interleaved,1,275,14.0204
interleaved,1,276,14.2
interleaved,1,277,13.7116
interleaved,1,278,13.8983
interleaved,1,279,13.9695
interleaved,1,280,13.9868
interleaved,1,281,14.0005
interleaved,1,282,13.8671
interleaved,1,283,14.0541
interleaved,1,284,13.6374
interleaved,1,285,14.0106
interleaved,1,286,14.1173
interleaved,1,287,14.4012
interleaved,1,288,13.8543
interleaved,1,289,14.0865
interleaved,1,290,14.1149
interleaved,1,291,13.8413
interleaved,1,292,13.9303
interleaved,1,293,13.5998
interleaved,1,294,13.7129
interleaved,1,295,13.678
interleaved,1,296,13.788
interleaved,1,297,13.5842
interleaved,1,298,14.0674
interleaved,1,299,13.7654
interleaved,1,300,13.5703
interleaved,1,301,13.6468
interleaved,1,302,14.0378
interleaved,1,303,14.5595
interleaved,1,304,14.592
interleaved,1,305,14.2581
interleaved,1,306,14.7776
interleaved,1,307,14.6812
interleaved,1,308,14.1236
interleaved,1,309,14.4019
interleaved,1,310,14.4062
interleaved,1,311,14.2635
interleaved,1,312,14.1081
interleaved,1,313,14.7803
interleaved,1,314,14.6209
interleaved,1,315,14.5418
interleaved,1,316,14.4551
interleaved,1,317,14.5284
interleaved,1,318,14.5849
interleaved,1,319,14.6187
interleaved,1,320,14.4048
interleaved,1,321,14.2287
interleaved,1,322,14.69
interleaved,1,323,14.4455
interleaved,1,324,14.1251
interleaved,1,325,14.6594
interleaved,1,326,14.6555
interleaved,1,327,14.377
interleaved,1,328,14.885
interleaved,1,329,14.8083
interleaved,1,330,14.4586
interleaved,1,331,14.7979
interleaved,1,332,14.4367
interleaved,1,333,14.3033
interleaved,1,334,14.4223
interleaved,1,335,14.6001
interleaved,1,336,14.7143
interleaved,1,337,14.5906
interleaved,1,338,14.7277
interleaved,1,339,14.4207
interleaved,1,340,14.8493
interleaved,1,341,14.7544
interleaved,1,342,14.7765
interleaved,1,343,14.8646
interleaved,1,344,15.1467
interleaved,1,345,14.7686
interleaved,1,346,14.9337
interleaved,1,347,14.8185
interleaved,1,348,14.656
interleaved,1,349,14.9596
interleaved,1,350,14.7958
interleaved,1,351,14.7579
interleaved,1,352,14.6386
interleaved,1,353,14.8117
interleaved,1,354,14.651
interleaved,1,355,14.6167
interleaved,1,356,15.1947
interleaved,1,357,15.7074
interleaved,1,358,15.0785
interleaved,1,359,14.6877
interleaved,1,360,14.751
interleaved,1,361,14.6508
interleaved,1,362,14.7243
interleaved,1,363,14.7222
interleaved,1,364,15.1609
interleaved,1,365,14.8496
interleaved,1,366,14.8295
interleaved,1,367,14.8551
interleaved,1,368,14.7114
interleaved,1,369,15.008
interleaved,1,370,14.9948
interleaved,1,371,14.9452
interleaved,1,372,15.1692
interleaved,1,373,15.1565
interleaved,1,374,15.2755
interleaved,1,375,14.9971
interleaved,1,376,14.673
interleaved,1,377,14.9515
interleaved,1,378,15.0433
interleaved,1,379,14.618
interleaved,1,380,15.2455
interleaved,1,381,15.3796
interleaved,1,382,15.0174
interleaved,1,383,14.6598
interleaved,1,384,15.3506
interleaved,1,385,14.7785
interleaved,1,386,14.9579
interleaved,1,387,15.0713
interleaved,1,388,15.0531
interleaved,1,389,15.2867
interleaved,1,390,15.2467
interleaved,1,391,15.5184
interleaved,1,392,15.48
interleaved,1,393,15.3891
interleaved,1,394,15.1649
interleaved,1,395,15.2448
interleaved,1,396,15.251
interleaved,1,397,15.1659
interleaved,1,398,15.3508
interleaved,1,399,15.333
interleaved,1,400,14.9723
interleaved,1,401,15.1604
interleaved,1,402,15.1588
interleaved,1,403,15.2953
interleaved,1,404,15.097
interleaved,1,405,15.2122
interleaved,1,406,15.0187
interleaved,1,407,15.4373
interleaved,1,408,15.246
interleaved,1,409,15.2097
interleaved,1,410,15.3699
interleaved,1,411,15.7145
interleaved,1,412,15.3095
interleaved,1,413,15.0536
interleaved,1,414,15.209
interleaved,1,415,15.3094
interleaved,1,416,15.2231
interleaved,1,417,15.0888
interleaved,1,418,15.2215
interleaved,1,419,15.7622
interleaved,1,420,15.4223
interleaved,1,421,15.5418
interleaved,1,422,15.2594
interleaved,1,423,15.5335
interleaved,1,424,15.4343
interleaved,1,425,15.5257
interleaved,1,426,15.7065
interleaved,1,427,15.5412
interleaved,1,428,15.6212
interleaved,1,429,16.0289
interleaved,1,430,15.4813
interleaved,1,431,15.5763
interleaved,1,432,15.6594
interleaved,1,433,15.153
interleaved,1,434,15.486
interleaved,1,435,15.5437
interleaved,1,436,15.6464
interleaved,1,437,15.6103
interleaved,1,438,16.1496
interleaved,1,439,15.5683
interleaved,1,440,15.6774
interleaved,1,441,16.0344
interleaved,1,442,15.5424
interleaved,1,443,15.7048
interleaved,1,444,15.9489
interleaved,1,445,15.299
interleaved,1,446,15.6264
interleaved,1,447,16.2755
interleaved,1,448,15.6745
interleaved,1,449,15.6186
interleaved,1,450,16.0923
interleaved,1,451,15.7759
interleaved,1,452,16.0786
interleaved,1,453,15.608
interleaved,1,454,16.1317
interleaved,1,455,15.6548
interleaved,1,456,15.9214
interleaved,1,457,15.7812
interleaved,1,458,15.8895
interleaved,1,459,15.8598
interleaved,1,460,15.8022
interleaved,1,461,15.9927
interleaved,1,462,15.9244
interleaved,1,463,15.8338
interleaved,1,464,16.2054
interleaved,1,465,15.9595
interleaved,1,466,15.8753
interleaved,1,467,15.9133
interleaved,1,468,15.4942
interleaved,1,469,15.4734
interleaved,1,470,15.6891
interleaved,1,471,16.3295
interleaved,1,472,16.3042
interleaved,1,473,17.0661
interleaved,1,474,16.6241
interleaved,1,475,16.6479
interleaved,1,476,16.7977
interleaved,1,477,16.6882
interleaved,1,478,16.3423
interleaved,1,479,16.3172
interleaved,1,480,16.8272
interleaved,1,481,16.6103
interleaved,1,482,16.6833
interleaved,1,483,16.3535
interleaved,1,484,16.0165
interleaved,1,485,16.5225
interleaved,1,486,16.5984
interleaved,1,487,17.9189
interleaved,1,488,16.7065
interleaved,1,489,16.5025
interleaved,1,490,16.4597
interleaved,1,491,16.6864
interleaved,1,492,16.7019
interleaved,1,493,16.8305
interleaved,1,494,16.755
interleaved,1,495,16.7018
interleaved,1,496,16.6045
interleaved,1,497,16.4803
interleaved,1,498,16.6746
interleaved,1,499,16.3985
interleaved,1,500,16.714
interleaved,1,501,16.5246
interleaved,1,502,16.4143
interleaved,1,503,17.1345
interleaved,1,504,17.1462
interleaved,1,505,16.64
interleaved,1,506,16.1044
interleaved,1,507,16.8745
interleaved,1,508,16.7195
interleaved,1,509,16.5845
interleaved,1,510,16.5426
interleaved,1,511,16.8173
interleaved,1,512,16.4281
interleaved,1,513,16.9019
interleaved,1,514,16.6254
interleaved,1,515,16.5253
interleaved,1,516,16.6244
interleaved,1,517,16.6883
interleaved,1,518,16.575
interleaved,1,519,16.7302
interleaved,1,520,16.5475
interleaved,1,521,17.1569
interleaved,1,522,16.4931
interleaved,1,523,16.333
interleaved,1,524,16.4723
interleaved,1,525,16.6727
interleaved,1,526,16.6452
interleaved,1,527,17.335
interleaved,1,528,16.6547
interleaved,1,529,16.5843
interleaved,1,530,16.5952
interleaved,1,531,16.4322
interleaved,1,532,16.6243
interleaved,1,533,16.7179
interleaved,1,534,16.7681
interleaved,1,535,16.408
interleaved,1,536,16.6382
interleaved,1,537,17.0881
interleaved,1,538,16.4936
interleaved,1,539,16.8027
interleaved,1,540,16.5924
interleaved,1,541,16.74
interleaved,1,542,16.5789
interleaved,1,543,16.2469
interleaved,1,544,16.3782
interleaved,1,545,16.2547
interleaved,1,546,16.0947
interleaved,1,547,16.9145
interleaved,1,548,16.8536
interleaved,1,549,16.3845
interleaved,1,550,16.4905
interleaved,1,551,16.6626
interleaved,1,552,16.311
interleaved,1,553,16.981
interleaved,1,554,16.6522
interleaved,1,555,16.9642
interleaved,1,556,16.5994
interleaved,1,557,16.6665
interleaved,1,558,16.1994
interleaved,1,559,16.234
interleaved,1,560,16.3168
interleaved,1,561,16.5334
interleaved,1,562,16.4232
interleaved,1,563,16.61
interleaved,1,564,16.4669
interleaved,1,565,16.044
interleaved,1,566,16.9171
interleaved,1,567,17.0162
interleaved,1,568,16.75
interleaved,1,569,16.8885
interleaved,1,570,16.6777
interleaved,1,571,15.9541
interleaved,1,572,15.9446
interleaved,1,573,16.0834
interleaved,1,574,16.2719
interleaved,1,575,16.5082
interleaved,1,576,16.6522
interleaved,1,577,16.6904
interleaved,1,578,16.3324
interleaved,1,579,16.3464
interleaved,1,580,16.6372
interleaved,1,581,16.8216
interleaved,1,582,16.419
interleaved,1,583,16.3686
interleaved,1,584,16.3938
interleaved,1,585,16.4142
interleaved,1,586,16.4202
interleaved,1,587,16.511
interleaved,1,588,16.8402
interleaved,1,589,16.595
interleaved,1,590,16.9348
interleaved,1,591,16.8195
interleaved,1,592,16.504
interleaved,1,593,17.1347
interleaved,1,594,16.6558
interleaved,1,595,16.6325
interleaved,1,596,16.0168
interleaved,1,597,16.1393
interleaved,1,598,16.5466
interleaved,1,599,16.8412
baseline,1,0,57.0373
baseline,1,1,11.0595
baseline,1,2,11.2447
baseline,1,3,11.1892
baseline,1,4,11.2571
baseline,1,5,11.1985
baseline,1,6,11.512
baseline,1,7,11.3507
baseline,1,8,12.0018
baseline,1,9,11.7205
baseline,1,10,11.3582
baseline,1,11,11.297
baseline,1,12,11.1021
baseline,1,13,10.8087
baseline,1,14,11.3268
baseline,1,15,11.4649
baseline,1,16,11.2743
baseline,1,17,11.1951
baseline,1,18,11.2432
baseline,1,19,11.4171
baseline,1,20,11.6569
baseline,1,21,11.6888
baseline,1,22,11.3043
baseline,1,23,11.7979
baseline,1,24,11.1501
baseline,1,25,11.5757
baseline,1,26,11.5055
baseline,1,27,11.5662
baseline,1,28,11.1807
baseline,1,29,11.5846
baseline,1,30,11.9682
baseline,1,31,11.8642
baseline,1,32,11.7309
baseline,1,33,11.6745
baseline,1,34,11.7997
baseline,1,35,11.5902
baseline,1,36,11.4081
baseline,1,37,11.7148
baseline,1,38,11.7417
baseline,1,39,11.6777
baseline,1,40,11.5449
baseline,1,41,11.541
baseline,1,42,11.8599
baseline,1,43,11.708
baseline,1,44,11.887
baseline,1,45,11.8111
baseline,1,46,11.6206
baseline,1,47,12.1644
baseline,1,48,11.6098
baseline,1,49,11.6259
baseline,1,50,11.7959
baseline,1,51,11.7606
baseline,1,52,12.3422
baseline,1,53,11.9575
baseline,1,54,11.6115
baseline,1,55,11.487
baseline,1,56,11.823
baseline,1,57,11.8209
baseline,1,58,12.0702
baseline,1,59,11.7193
baseline,1,60,11.8237
baseline,1,61,11.5695
baseline,1,62,11.6574
baseline,1,63,11.9752
baseline,1,64,11.854
baseline,1,65,11.7125
baseline,1,66,11.8979
baseline,1,67,12.1684
baseline,1,68,12.0508
baseline,1,69,11.7095
baseline,1,70,11.8674
baseline,1,71,12.366
baseline,1,72,11.9022
baseline,1,73,11.9989
baseline,1,74,12.0051
baseline,1,75,11.774
baseline,1,76,12.5399
baseline,1,77,12.2743
baseline,1,78,12.3772
baseline,1,79,12.0386
baseline,1,80,11.9822
baseline,1,81,12.4213
baseline,1,82,12.2624
baseline,1,83,12.1882
baseline,1,84,12.1961
baseline,1,85,12.1716
baseline,1,86,12.1025
baseline,1,87,11.8214
baseline,1,88,12.0201
baseline,1,89,12.2357
baseline,1,90,12.1435
baseline,1,91,12.5305
baseline,1,92,12.4689
baseline,1,93,12.623
baseline,1,94,12.1496
baseline,1,95,12.1814
baseline,1,96,12.1882
baseline,1,97,12.5398
baseline,1,98,12.2529
baseline,1,99,11.6897
baseline,1,100,12.419
baseline,1,101,11.834
baseline,1,102,12.3391
baseline,1,103,12.9647
baseline,1,104,11.9242
baseline,1,105,12.5993
baseline,1,106,12.3422
baseline,1,107,12.0925
baseline,1,108,12.2685
baseline,1,109,12.0757
baseline,1,110,12.3363
baseline,1,111,12.4718
baseline,1,112,12.4933
baseline,1,113,12.461
baseline,1,114,12.3266
baseline,1,115,12.4178
baseline,1,116,12.3768
baseline,1,117,12.397
baseline,1,118,12.494
baseline,1,119,12.3332
baseline,1,120,12.5755
baseline,1,121,12.7852
baseline,1,122,12.3617
baseline,1,123,12.591
baseline,1,124,12.6174
baseline,1,125,12.8041
baseline,1,126,12.835
baseline,1,127,12.6687
baseline,1,128,12.6862
baseline,1,129,12.5968
baseline,1,130,12.7759
baseline,1,131,12.4863
baseline,1,132,12.9022
baseline,1,133,12.85
baseline,1,134,12.8515
baseline,1,135,13.4006
baseline,1,136,13.0383
baseline,1,137,12.7664
baseline,1,138,12.8799
baseline,1,139,12.9655
baseline,1,140,13.052
baseline,1,141,12.8976
baseline,1,142,13.1456
baseline,1,143,12.8154
baseline,1,144,12.9305
baseline,1,145,12.6397
baseline,1,146,12.9206
baseline,1,147,12.3773
baseline,1,148,12.5975
baseline,1,149,12.5206
baseline,1,150,12.7549
baseline,1,151,12.8254
baseline,1,152,12.9797
baseline,1,153,12.7995
baseline,1,154,13.4725
baseline,1,155,13.0634
baseline,1,156,13.0285
baseline,1,157,13.0639
baseline,1,158,13.1288
baseline,1,159,12.8746
baseline,1,160,12.5628
baseline,1,161,12.5278
baseline,1,162,12.7957
baseline,1,163,13.2217
baseline,1,164,12.9069
baseline,1,165,13.2332
baseline,1,166,13.0984
baseline,1,167,12.7259
baseline,1,168,12.9177
baseline,1,169,12.8285
baseline,1,170,13.4602
baseline,1,171,13.2222
baseline,1,172,13.3297
baseline,1,173,14.4793
baseline,1,174,13.7824
baseline,1,175,13.6124
baseline,1,176,13.147
baseline,1,177,13.1513
baseline,1,178,13.1188
baseline,1,179,13.5075
baseline,1,180,13.1156
baseline,1,181,13.094
baseline,1,182,13.1637
baseline,1,183,13.5974
baseline,1,184,13.1446
baseline,1,185,13.2996
baseline,1,186,13.2033
baseline,1,187,13.7307
baseline,1,188,13.4938
baseline,1,189,13.6947
baseline,1,190,13.2978
baseline,1,191,13.5834
baseline,1,192,14.0354
baseline,1,193,13.5209
baseline,1,194,13.165
baseline,1,195,13.1825
baseline,1,196,13.0846
baseline,1,197,13.269
baseline,1,198,13.5747
baseline,1,199,13.4595
baseline,1,200,13.47
baseline,1,201,13.5766
baseline,1,202,12.931
baseline,1,203,13.4993
baseline,1,204,13.479
baseline,1,205,13.6457
baseline,1,206,13.7703
baseline,1,207,13.4184
baseline,1,208,13.6438
baseline,1,209,13.6339
baseline,1,210,13.8264
baseline,1,211,14.0452
baseline,1,212,13.4102
baseline,1,213,13.6764
baseline,1,214,13.8171
baseline,1,215,13.5045
baseline,1,216,13.7464
baseline,1,217,13.784
baseline,1,218,13.5961
baseline,1,219,13.4823
baseline,1,220,13.4055
baseline,1,221,13.7648
baseline,1,222,13.5329
baseline,1,223,13.7012
baseline,1,224,13.8126
baseline,1,225,14.2434
baseline,1,226,13.6273
baseline,1,227,13.6959
baseline,1,228,13.8451
baseline,1,229,13.942
baseline,1,230,13.8655
baseline,1,231,13.5315
baseline,1,232,13.534
baseline,1,233,14.0485
baseline,1,234,13.9563
baseline,1,235,13.9484
baseline,1,236,13.927
baseline,1,237,14.1123
baseline,1,238,14.0345
baseline,1,239,13.9421
baseline,1,240,14.1066
baseline,1,241,13.9535
baseline,1,242,13.984
baseline,1,243,14.1935
baseline,1,244,14.4245
baseline,1,245,14.2593
baseline,1,246,13.6053
baseline,1,247,14.3145
baseline,1,248,14.2546
baseline,1,249,14.1173
baseline,1,250,14.334
baseline,1,251,14.5358
baseline,1,252,14.0524
baseline,1,253,13.904
baseline,1,254,14.1735
baseline,1,255,14.0519
baseline,1,256,14.2665
baseline,1,257,14.0783
baseline,1,258,14.1516
baseline,1,259,14.2497
baseline,1,260,14.4207
baseline,1,261,14.2137
baseline,1,262,14.2
baseline,1,263,14.2155
baseline,1,264,14.528
baseline,1,265,14.3031
baseline,1,266,14.0234
baseline,1,267,14.505
baseline,1,268,14.1
baseline,1,269,14.5055
baseline,1,270,14.4421
baseline,1,271,14.3237
baseline,1,272,14.8673
baseline,1,273,14.7311
baseline,1,274,14.1556
baseline,1,275,14.2805
baseline,1,276,14.3929
baseline,1,277,14.5869
baseline,1,278,14.4415
baseline,1,279,14.1405
baseline,1,280,14.331
baseline,1,281,14.0868
baseline,1,282,14.364
baseline,1,283,14.9519
baseline,1,284,14.8338
baseline,1,285,14.1864
baseline,1,286,14.7296
baseline,1,287,14.852
baseline,1,288,14.4595
baseline,1,289,14.3166
baseline,1,290,14.2301
baseline,1,291,14.5026
baseline,1,292,14.401
baseline,1,293,14.4802
baseline,1,294,14.5952
baseline,1,295,14.8791
baseline,1,296,14.5156
baseline,1,297,14.5873
baseline,1,298,14.2373
baseline,1,299,14.4485
baseline,1,300,14.5727
baseline,1,301,14.4871
baseline,1,302,14.6971
baseline,1,303,14.6075
baseline,1,304,14.6926
baseline,1,305,14.5085
baseline,1,306,14.8402
baseline,1,307,14.7529
baseline,1,308,15.0358
baseline,1,309,14.8708
baseline,1,310,14.3558
baseline,1,311,14.1607
baseline,1,312,14.6648
baseline,1,313,14.8465
baseline,1,314,14.8184
baseline,1,315,14.8314
baseline,1,316,14.4047
baseline,1,317,15.9941
baseline,1,318,14.9189
baseline,1,319,15.1299
baseline,1,320,14.8863
baseline,1,321,15.0193
baseline,1,322,14.7174
baseline,1,323,14.4146
baseline,1,324,15.24
baseline,1,325,14.8674
baseline,1,326,15.2522
baseline,1,327,14.7126
baseline,1,328,15.1668
baseline,1,329,14.8427
baseline,1,330,14.8698
baseline,1,331,14.4411
baseline,1,332,14.9076
baseline,1,333,14.6964
baseline,1,334,14.9063
baseline,1,335,14.7767
baseline,1,336,15.543
baseline,1,337,15.0793
baseline,1,338,14.9871
baseline,1,339,14.8447
baseline,1,340,15.042
baseline,1,341,15.0614
baseline,1,342,14.8081
baseline,1,343,15.1368
baseline,1,344,15.1737
baseline,1,345,14.7919
baseline,1,346,14.7946
baseline,1,347,15.584
baseline,1,348,14.9271
baseline,1,349,15.0165
baseline,1,350,15.1638
baseline,1,351,15.2424
baseline,1,352,15.2635
baseline,1,353,15.3553
baseline,1,354,15.1727
baseline,1,355,15.0382
baseline,1,356,15.327
baseline,1,357,15.2275
baseline,1,358,15.1743
baseline,1,359,15.1386
baseline,1,360,15.6693
baseline,1,361,15.4149
baseline,1,362,14.6843
baseline,1,363,14.6411
baseline,1,364,14.7281
baseline,1,365,15.1883
baseline,1,366,14.9296
baseline,1,367,15.1732
baseline,1,368,15.5021
baseline,1,369,15.2161
baseline,1,370,15.139
baseline,1,371,15.6682
baseline,1,372,15.2855
baseline,1,373,15.2955
baseline,1,374,15.3443
baseline,1,375,15.5395
baseline,1,376,15.0237
baseline,1,377,15.3149
baseline,1,378,15.1849
baseline,1,379,15.6806
baseline,1,380,15.4181
baseline,1,381,15.4802
baseline,1,382,15.22
baseline,1,383,15.2594
baseline,1,384,15.4364
baseline,1,385,15.4901
baseline,1,386,15.9129
baseline,1,387,15.3832
baseline,1,388,15.4078
baseline,1,389,15.5767
baseline,1,390,15.565
baseline,1,391,15.84
baseline,1,392,15.6167
baseline,1,393,15.4362
baseline,1,394,15.4352
baseline,1,395,15.7541
baseline,1,396,15.7971
baseline,1,397,15.7378
baseline,1,398,15.7493
baseline,1,399,15.5964
baseline,1,400,15.724
baseline,1,401,15.1951
baseline,1,402,16.0745
baseline,1,403,16.0105
baseline,1,404,15.7925
baseline,1,405,15.5213
baseline,1,406,15.5729
baseline,1,407,15.6519
baseline,1,408,15.578
baseline,1,409,15.622
baseline,1,410,16.038
baseline,1,411,15.7356
baseline,1,412,15.5561
baseline,1,413,15.6225
baseline,1,414,15.8232
baseline,1,415,15.881
baseline,1,416,16.0452
baseline,1,417,16.0528
baseline,1,418,15.9224
baseline,1,419,15.8537
baseline,1,420,16.2257
baseline,1,421,15.6369
baseline,1,422,15.9848
baseline,1,423,16.0201
baseline,1,424,16.0359
baseline,1,425,15.8476
baseline,1,426,15.9484
baseline,1,427,15.9464
baseline,1,428,16.1108
baseline,1,429,15.6387
baseline,1,430,16.1694
baseline,1,431,16.464
baseline,1,432,16.0636
baseline,1,433,16.1544
baseline,1,434,15.9736
baseline,1,435,16.6066
baseline,1,436,16.2585
baseline,1,437,16.0502
baseline,1,438,16.1258
baseline,1,439,15.6829
baseline,1,440,15.7961
baseline,1,441,15.7693
baseline,1,442,16.5395
baseline,1,443,16.7523
baseline,1,444,16.2116
baseline,1,445,16.1174
baseline,1,446,15.5658
baseline,1,447,16.2954
baseline,1,448,16.8864
baseline,1,449,16.0562
baseline,1,450,16.4059
baseline,1,451,16.3208
baseline,1,452,16.0603
baseline,1,453,16.2019
baseline,1,454,16.641
baseline,1,455,16.3017
baseline,1,456,16.2929
baseline,1,457,16.0939
baseline,1,458,16.4474
baseline,1,459,16.4107
baseline,1,460,16.3618
baseline,1,461,16.5429
baseline,1,462,16.4456
baseline,1,463,16.4093
baseline,1,464,16.3738
baseline,1,465,16.2345
baseline,1,466,15.9383
baseline,1,467,16.3037
baseline,1,468,16.5416
baseline,1,469,16.2701
baseline,1,470,16.3061
baseline,1,471,16.3285
baseline,1,472,17.216
baseline,1,473,17.1651
baseline,1,474,17.0836
baseline,1,475,17.0104
baseline,1,476,17.0201
baseline,1,477,17.4033
baseline,1,478,16.8583
baseline,1,479,17.3464
baseline,1,480,16.9495
baseline,1,481,17.5215
baseline,1,482,16.9737
baseline,1,483,16.9772
baseline,1,484,16.93
baseline,1,485,16.8285
baseline,1,486,17.0409
baseline,1,487,17.0985
baseline,1,488,17.0002
baseline,1,489,17.0873
baseline,1,490,17.1091
baseline,1,491,16.6893
baseline,1,492,16.9315
baseline,1,493,16.8825
baseline,1,494,17.1944
baseline,1,495,16.5907
baseline,1,496,16.5652
baseline,1,497,16.4501
baseline,1,498,16.7353
baseline,1,499,16.7115
baseline,1,500,16.852
baseline,1,501,16.7151
baseline,1,502,16.1859
baseline,1,503,16.7188
baseline,1,504,16.7403
baseline,1,505,16.5026
baseline,1,506,16.5988
baseline,1,507,17.243
baseline,1,508,16.5997
baseline,1,509,16.9116
baseline,1,510,16.9442
baseline,1,511,16.9372
baseline,1,512,16.9503
baseline,1,513,17.3449
baseline,1,514,16.7832
baseline,1,515,16.7634
baseline,1,516,16.9531
baseline,1,517,17.265
baseline,1,518,17.0952
baseline,1,519,17.4698
baseline,1,520,17.4946
baseline,1,521,17.282
baseline,1,522,17.0481
baseline,1,523,17.1928
baseline,1,524,17.2568
baseline,1,525,17.1511
baseline,1,526,17.3856
baseline,1,527,16.8128
baseline,1,528,17.3363
baseline,1,529,16.9491
baseline,1,530,16.9109
baseline,1,531,17.1238
baseline,1,532,16.9896
baseline,1,533,17.1145
baseline,1,534,16.9108
baseline,1,535,17.2422
baseline,1,536,17.0422
baseline,1,537,16.9679
baseline,1,538,17.0467
baseline,1,539,16.8265
baseline,1,540,17.0848
baseline,1,541,17.4273
baseline,1,542,17.0466
baseline,1,543,17.4718
baseline,1,544,16.8757
baseline,1,545,16.7779
baseline,1,546,16.8181
baseline,1,547,17.1136
baseline,1,548,16.919
baseline,1,549,17.252
baseline,1,550,16.9687
baseline,1,551,17.2469
baseline,1,552,17.2535
baseline,1,553,17.1087
baseline,1,554,17.0643
baseline,1,555,16.7435
baseline,1,556,17.2065
baseline,1,557,16.7587
baseline,1,558,17.08
baseline,1,559,16.7165
baseline,1,560,17.1128
baseline,1,561,17.0211
baseline,1,562,17.0877
baseline,1,563,17.0691
baseline,1,564,17.0535
baseline,1,565,17.2658
baseline,1,566,16.8434
baseline,1,567,17.4527
baseline,1,568,17.328
baseline,1,569,17.0635
baseline,1,570,17.0266
baseline,1,571,17.0929
baseline,1,572,17.4163
baseline,1,573,16.5967
baseline,1,574,17.0556
baseline,1,575,16.8468
baseline,1,576,17.1049
baseline,1,577,16.904
baseline,1,578,17.0153
baseline,1,579,16.7418
baseline,1,580,17.273
baseline,1,581,16.9565
baseline,1,582,16.8191
baseline,1,583,17.036
baseline,1,584,17.2687
baseline,1,585,17.1795
baseline,1,586,17.1629
baseline,1,587,17.3049
baseline,1,588,16.6942
baseline,1,589,16.939
baseline,1,590,16.8684
baseline,1,591,16.9374
baseline,1,592,17.0625
baseline,1,593,17.0959
baseline,1,594,17.0727
baseline,1,595,16.9705
baseline,1,596,17.0908
baseline,1,597,17.44
baseline,1,598,17.34
baseline,1,599,17.2541
baseline,2,0,57.6253
baseline,2,1,11.2323
baseline,2,2,11.054
baseline,2,3,11.1427
baseline,2,4,10.9374
baseline,2,5,11.3294
baseline,2,6,11.2202
baseline,2,7,11.4578
baseline,2,8,11.2893
baseline,2,9,11.1326
baseline,2,10,11.4579
baseline,2,11,11.2598
baseline,2,12,11.293
baseline,2,13,11.1205
baseline,2,14,11.1344
baseline,2,15,11.5327
baseline,2,16,11.1812
baseline,2,17,11.6028
baseline,2,18,10.906
baseline,2,19,11.5565
baseline,2,20,11.4907
baseline,2,21,11.3135
baseline,2,22,11.6553
baseline,2,23,11.3013
baseline,2,24,11.397
baseline,2,25,11.4947
baseline,2,26,11.8771
baseline,2,27,11.2333
baseline,2,28,11.3139
baseline,2,29,11.5147
baseline,2,30,11.2706
baseline,2,31,11.402
baseline,2,32,10.8283
baseline,2,33,11.4238
baseline,2,34,11.6445
baseline,2,35,11.2388
baseline,2,36,11.255
baseline,2,37,11.3145
baseline,2,38,11.0322
baseline,2,39,10.9956
baseline,2,40,11.5384
baseline,2,41,11.3269
baseline,2,42,10.9954
baseline,2,43,11.5676
baseline,2,44,11.8845
baseline,2,45,11.4467
baseline,2,46,11.4157
baseline,2,47,11.1755
baseline,2,48,11.0309
baseline,2,49,11.4479
baseline,2,50,11.6662
baseline,2,51,11.6454
baseline,2,52,11.3108
baseline,2,53,11.3011
baseline,2,54,11.6365
baseline,2,55,11.1632
baseline,2,56,11.4036
baseline,2,57,11.3283
baseline,2,58,11.6205
baseline,2,59,11.5932
baseline,2,60,11.612
baseline,2,61,11.5476
baseline,2,62,11.4707
baseline,2,63,11.7933
baseline,2,64,11.643
baseline,2,65,11.6009
baseline,2,66,12.0452
baseline,2,67,11.9272
baseline,2,68,11.7928
baseline,2,69,11.7293
baseline,2,70,11.415
baseline,2,71,11.3302
baseline,2,72,11.572
baseline,2,73,11.4291
baseline,2,74,11.1695
baseline,2,75,11.7112
baseline,2,76,11.7877
baseline,2,77,11.8313
baseline,2,78,11.4276
baseline,2,79,11.7978
baseline,2,80,11.4128
baseline,2,81,11.6956
baseline,2,82,11.9042
baseline,2,83,11.7418
baseline,2,84,12.0478
baseline,2,85,11.8479
baseline,2,86,11.9145
baseline,2,87,11.9657
baseline,2,88,12.172
baseline,2,89,12.0786
baseline,2,90,11.8535
baseline,2,91,12.0204
baseline,2,92,11.9191
baseline,2,93,11.5725
baseline,2,94,11.96
baseline,2,95,11.963
baseline,2,96,12.2242
baseline,2,97,12.0058
baseline,2,98,11.8661
baseline,2,99,11.8576
baseline,2,100,12.2543
baseline,2,101,11.9307
baseline,2,102,12.0885
baseline,2,103,11.7855
baseline,2,104,11.9394
baseline,2,105,12.0091
baseline,2,106,11.9499
baseline,2,107,12.0197
baseline,2,108,12.0331
baseline,2,109,12.0124
baseline,2,110,12.0741
baseline,2,111,11.6535
baseline,2,112,11.66
baseline,2,113,11.8004
baseline,2,114,12.3013
baseline,2,115,11.6203
baseline,2,116,12.2864
baseline,2,117,12.0509
baseline,2,118,12.2545
baseline,2,119,12.3186
baseline,2,120,12.3887
baseline,2,121,12.0364
baseline,2,122,12.774
baseline,2,123,21.1323
baseline,2,124,12.1245
baseline,2,125,12.139
baseline,2,126,12.3161
baseline,2,127,12.5213
baseline,2,128,12.0989
baseline,2,129,12.143
baseline,2,130,12.4256
baseline,2,131,12.4996
baseline,2,132,12.1393
baseline,2,133,12.1271
baseline,2,134,12.3932
baseline,2,135,12.0527
baseline,2,136,12.5306
baseline,2,137,12.2261
baseline,2,138,12.4695
baseline,2,139,12.4733
baseline,2,140,12.7188
baseline,2,141,12.406
baseline,2,142,12.4907
baseline,2,143,12.4876
baseline,2,144,12.5812
baseline,2,145,12.7558
baseline,2,146,12.4534
baseline,2,147,12.55
baseline,2,148,12.3866
baseline,2,149,12.8585
baseline,2,150,12.4775
baseline,2,151,12.3491
baseline,2,152,12.3871
baseline,2,153,12.5615
baseline,2,154,12.9012
baseline,2,155,12.6498
baseline,2,156,12.7419
baseline,2,157,12.6601
baseline,2,158,12.6275
baseline,2,159,12.3015
baseline,2,160,12.4617
baseline,2,161,12.9325
baseline,2,162,12.6125
baseline,2,163,12.614
baseline,2,164,12.5367
baseline,2,165,12.1259
baseline,2,166,12.6068
baseline,2,167,12.604
baseline,2,168,12.4282
baseline,2,169,12.6588
baseline,2,170,12.4812
baseline,2,171,12.7139
baseline,2,172,12.35
baseline,2,173,12.601
baseline,2,174,13.0783
baseline,2,175,13.1284
baseline,2,176,12.9135
baseline,2,177,12.3823
baseline,2,178,12.655
baseline,2,179,12.9699
baseline,2,180,12.8821
baseline,2,181,12.7996
baseline,2,182,12.9229
baseline,2,183,13.2746
baseline,2,184,12.9991
baseline,2,185,12.9266
baseline,2,186,13.409
baseline,2,187,12.9875
baseline,2,188,12.8334
baseline,2,189,12.772
baseline,2,190,12.9493
baseline,2,191,13.1972
baseline,2,192,13.3451
baseline,2,193,13.2279
baseline,2,194,12.7363
baseline,2,195,13.0023
baseline,2,196,13.0546
baseline,2,197,13.158
baseline,2,198,12.9024
baseline,2,199,12.9385
baseline,2,200,13.0752
baseline,2,201,12.9695
baseline,2,202,13.1305
baseline,2,203,13.3184
baseline,2,204,13.2492
baseline,2,205,12.9006
baseline,2,206,13.0673
baseline,2,207,13.0275
baseline,2,208,12.8638
baseline,2,209,13.2592
baseline,2,210,12.841
baseline,2,211,13.1682
baseline,2,212,13.2148
baseline,2,213,13.517
baseline,2,214,13.0293
baseline,2,215,13.0799
baseline,2,216,13.4241
baseline,2,217,13.5063
baseline,2,218,13.2389
baseline,2,219,12.9532
baseline,2,220,13.2798
baseline,2,221,13.2225
baseline,2,222,13.6303
baseline,2,223,13.525
baseline,2,224,13.244
baseline,2,225,13.3233
baseline,2,226,13.6635
baseline,2,227,13.356
baseline,2,228,13.0994
baseline,2,229,13.4388
baseline,2,230,13.2803
baseline,2,231,13.4386
baseline,2,232,13.4061
baseline,2,233,13.3008
baseline,2,234,13.0917
baseline,2,235,13.3944
baseline,2,236,13.4006
baseline,2,237,13.5229
baseline,2,238,13.4739
baseline,2,239,13.5727
baseline,2,240,13.907
baseline,2,241,13.6061
baseline,2,242,13.3936
baseline,2,243,13.2378
baseline,2,244,13.9191
baseline,2,245,13.8963
baseline,2,246,13.5837
baseline,2,247,13.5924
baseline,2,248,13.7624
baseline,2,249,13.3856
baseline,2,250,13.6882
baseline,2,251,13.5357
baseline,2,252,13.5102
baseline,2,253,13.4577
baseline,2,254,13.7955
baseline,2,255,13.5668
baseline,2,256,13.5499
baseline,2,257,13.5474
baseline,2,258,13.6812
baseline,2,259,13.6253
baseline,2,260,13.9109
baseline,2,261,13.4032
baseline,2,262,13.9209
baseline,2,263,13.7097
baseline,2,264,13.296
baseline,2,265,13.6487
baseline,2,266,13.7241
baseline,2,267,13.7441
baseline,2,268,13.7812
baseline,2,269,13.5523
baseline,2,270,14.1574
baseline,2,271,13.7046
baseline,2,272,13.5709
baseline,2,273,13.8732
baseline,2,274,14.0758
baseline,2,275,13.4335
baseline,2,276,13.6334
baseline,2,277,14.4584
baseline,2,278,14.9712
baseline,2,279,13.7492
baseline,2,280,14.2036
baseline,2,281,13.7863
baseline,2,282,14.0454
baseline,2,283,14.0078
baseline,2,284,14.0552
baseline,2,285,18.942
baseline,2,286,17.1165
baseline,2,287,15.4299
baseline,2,288,14.9727
baseline,2,289,14.2565
baseline,2,290,13.9685
baseline,2,291,14.41
baseline,2,292,13.7882
baseline,2,293,13.9579
baseline,2,294,13.8302
baseline,2,295,14.2184
baseline,2,296,14.1298
baseline,2,297,14.4413
baseline,2,298,14.173
baseline,2,299,14.1228
baseline,2,300,14.5195
baseline,2,301,14.1976
baseline,2,302,14.104
baseline,2,303,14.0418
baseline,2,304,14.5572
baseline,2,305,14.2955
baseline,2,306,14.2493
baseline,2,307,14.2015
baseline,2,308,14.1997
baseline,2,309,14.3275
baseline,2,310,14.8561
baseline,2,311,14.4439
baseline,2,312,14.4245
baseline,2,313,14.0375
baseline,2,314,14.4955
baseline,2,315,14.0374
baseline,2,316,14.5212
baseline,2,317,14.3095
baseline,2,318,14.4008
baseline,2,319,14.3284
baseline,2,320,14.4177
baseline,2,321,14.1178
baseline,2,322,14.5191
baseline,2,323,14.2283
baseline,2,324,14.3449
baseline,2,325,14.4531
baseline,2,326,14.6934
baseline,2,327,14.2932
baseline,2,328,14.3119
baseline,2,329,14.4268
baseline,2,330,14.59
baseline,2,331,14.0932
baseline,2,332,14.3176
baseline,2,333,14.502
baseline,2,334,14.5045
baseline,2,335,14.5349
baseline,2,336,14.3007
baseline,2,337,14.8622
baseline,2,338,14.793
baseline,2,339,14.4006
baseline,2,340,14.587
baseline,2,341,14.7812
baseline,2,342,14.3383
baseline,2,343,14.4128
baseline,2,344,14.2918
baseline,2,345,14.993
baseline,2,346,14.5113
baseline,2,347,14.8637
baseline,2,348,15.205
baseline,2,349,14.7527
baseline,2,350,14.9535
baseline,2,351,14.5168
baseline,2,352,14.5037
baseline,2,353,14.9837
baseline,2,354,15.1872
baseline,2,355,14.8545
baseline,2,356,15.1656
baseline,2,357,14.9758
baseline,2,358,15.0899
baseline,2,359,14.7844
baseline,2,360,14.9566
baseline,2,361,14.7762
baseline,2,362,14.9121
baseline,2,363,14.7785
baseline,2,364,14.9735
baseline,2,365,14.7645
baseline,2,366,14.8233
baseline,2,367,14.8112
baseline,2,368,14.6621
baseline,2,369,14.7967
baseline,2,370,15.1905
baseline,2,371,14.7345
baseline,2,372,15.002
baseline,2,373,15.5036
baseline,2,374,15.3342
baseline,2,375,15.363
baseline,2,376,15.1814
baseline,2,377,14.8045
baseline,2,378,15.5954
baseline,2,379,15.2584
baseline,2,380,14.9006
baseline,2,381,15.2652
baseline,2,382,14.9745
baseline,2,383,15.0178
baseline,2,384,15.1957
baseline,2,385,15.007
baseline,2,386,14.9781
baseline,2,387,15.0215
baseline,2,388,15.267
baseline,2,389,15.2863
baseline,2,390,15.1355
baseline,2,391,15.0471
baseline,2,392,15.3321
baseline,2,393,15.3339
baseline,2,394,15.3823
baseline,2,395,14.882
baseline,2,396,15.1469
baseline,2,397,14.9518
baseline,2,398,14.9455
baseline,2,399,15.1815
baseline,2,400,15.4536
baseline,2,401,15.323
baseline,2,402,15.6278
baseline,2,403,15.4544
baseline,2,404,15.3863
baseline,2,405,15.1682
baseline,2,406,15.1394
baseline,2,407,15.4277
baseline,2,408,15.3618
baseline,2,409,15.3232
baseline,2,410,15.5322
baseline,2,411,15.3298
baseline,2,412,15.1096
baseline,2,413,15.1296
baseline,2,414,16.5515
baseline,2,415,15.5345
baseline,2,416,15.3998
baseline,2,417,15.4661
baseline,2,418,15.6125
baseline,2,419,15.4756
baseline,2,420,15.757
baseline,2,421,15.4913
baseline,2,422,15.3546
baseline,2,423,15.2148
baseline,2,424,15.6699
baseline,2,425,15.3859
baseline,2,426,15.5604
baseline,2,427,15.6391
baseline,2,428,15.7057
baseline,2,429,15.6095
baseline,2,430,15.6669
baseline,2,431,15.5209
baseline,2,432,15.8419
baseline,2,433,15.4257
baseline,2,434,15.3624
baseline,2,435,15.6511
baseline,2,436,15.3153
baseline,2,437,15.8019
baseline,2,438,15.7644
baseline,2,439,15.7808
baseline,2,440,15.9618
baseline,2,441,15.5838
baseline,2,442,15.5908
baseline,2,443,15.6115
baseline,2,444,15.5314
baseline,2,445,16.0351
baseline,2,446,15.8367
baseline,2,447,15.8111
baseline,2,448,16.1138
baseline,2,449,15.9581
baseline,2,450,15.7608
baseline,2,451,15.7223
baseline,2,452,15.8889
baseline,2,453,16.006
baseline,2,454,15.8966
baseline,2,455,15.8664
baseline,2,456,15.9255
baseline,2,457,15.6379
baseline,2,458,15.9373
baseline,2,459,15.8093
baseline,2,460,15.8057
baseline,2,461,15.7103
baseline,2,462,16.2041
baseline,2,463,15.6684
baseline,2,464,15.7773
baseline,2,465,16.1691
baseline,2,466,16.0985
baseline,2,467,16.2033
baseline,2,468,15.8586
baseline,2,469,16.4834
baseline,2,470,16.2962
baseline,2,471,15.8304
baseline,2,472,16.3962
baseline,2,473,16.9798
baseline,2,474,16.5447
baseline,2,475,16.7272
baseline,2,476,16.8594
baseline,2,477,16.3725
baseline,2,478,16.6478
baseline,2,479,16.7816
baseline,2,480,16.5676
baseline,2,481,16.585
baseline,2,482,16.6803
baseline,2,483,16.6625
baseline,2,484,16.5648
baseline,2,485,17.02
baseline,2,486,16.9287
baseline,2,487,17.0938
baseline,2,488,17.0222
baseline,2,489,17.1709
baseline,2,490,16.9633
baseline,2,491,16.5449
baseline,2,492,16.4264
baseline,2,493,16.6793
baseline,2,494,16.8961
baseline,2,495,17.3983
baseline,2,496,17.2128
baseline,2,497,17.2677
baseline,2,498,17.0459
baseline,2,499,17.2243
baseline,2,500,17.1582
baseline,2,501,17.342
baseline,2,502,16.8875
baseline,2,503,17.0799
baseline,2,504,16.9503
baseline,2,505,17.2209
baseline,2,506,16.5689
baseline,2,507,17.0529
baseline,2,508,16.8395
baseline,2,509,17.274
baseline,2,510,16.8632
baseline,2,511,17.4296
baseline,2,512,17.1202
baseline,2,513,16.8756
baseline,2,514,16.9855
baseline,2,515,16.8769
baseline,2,516,17.2582
baseline,2,517,16.7647
baseline,2,518,17.3219
baseline,2,519,17.2491
baseline,2,520,17.2793
baseline,2,521,17.4133
baseline,2,522,17.0909
baseline,2,523,17.4798
baseline,2,524,17.5393
baseline,2,525,17.087
baseline,2,526,17.0698
baseline,2,527,17.1019
baseline,2,528,17.1023
baseline,2,529,17.1152
baseline,2,530,16.6788
baseline,2,531,16.9842
baseline,2,532,17.2839
baseline,2,533,17.281
baseline,2,534,17.0445
baseline,2,535,16.8837
baseline,2,536,17.41
baseline,2,537,17.8344
baseline,2,538,17.2757
baseline,2,539,17.0832
baseline,2,540,17.0479
baseline,2,541,16.9665
baseline,2,542,17.3959
baseline,2,543,16.9849
baseline,2,544,17.7914
baseline,2,545,17.0365
baseline,2,546,17.1558
baseline,2,547,16.6558
baseline,2,548,17.0185
baseline,2,549,16.8298
baseline,2,550,17.0236
baseline,2,551,17.2808
baseline,2,552,17.0708
baseline,2,553,17.3495
baseline,2,554,17.0362
baseline,2,555,17.5027
baseline,2,556,17.3033
baseline,2,557,16.7844
baseline,2,558,17.0249
baseline,2,559,16.7555
baseline,2,560,17.021
baseline,2,561,17.089
baseline,2,562,17.0592
baseline,2,563,16.9171
baseline,2,564,17.1714
baseline,2,565,17.4395
baseline,2,566,17.1923
baseline,2,567,16.8292
baseline,2,568,17.3814
baseline,2,569,16.9722
baseline,2,570,17.1699
baseline,2,571,16.679
baseline,2,572,16.7051
baseline,2,573,17.1685
baseline,2,574,17.1044
baseline,2,575,17.4662
baseline,2,576,17.2139
baseline,2,577,17.0562
baseline,2,578,17.3079
baseline,2,579,17.5382
baseline,2,580,17.2114
baseline,2,581,16.5096
baseline,2,582,16.9098
baseline,2,583,17.3121
baseline,2,584,17.2552
baseline,2,585,17.3086
baseline,2,586,17.1668
baseline,2,587,17.4303
baseline,2,588,17.1306
baseline,2,589,17.3282
baseline,2,590,17.201
baseline,2,591,17.0588
baseline,2,592,17.6217
baseline,2,593,16.7611
baseline,2,594,16.8887
baseline,2,595,17.2253
baseline,2,596,16.8642
baseline,2,597,17.0613
baseline,2,598,17.0744
baseline,2,599,16.8457
interleaved,2,0,58.1656
interleaved,2,1,10.9133
interleaved,2,2,10.9868
interleaved,2,3,10.835
interleaved,2,4,11.1586
interleaved,2,5,10.7506
interleaved,2,6,11.0849
interleaved,2,7,11.177
interleaved,2,8,11.6434
interleaved,2,9,11.5157
interleaved,2,10,11.1598
interleaved,2,11,11.1703
interleaved,2,12,11.0829
interleaved,2,13,10.9868
interleaved,2,14,11.2618
interleaved,2,15,11.0616
interleaved,2,16,11.304
interleaved,2,17,11.1617
interleaved,2,18,10.8549
interleaved,2,19,11.497
interleaved,2,20,11.3569
interleaved,2,21,11.5409
interleaved,2,22,11.2014
interleaved,2,23,11.5403
interleaved,2,24,11.339
interleaved,2,25,11.599
interleaved,2,26,11.3974
interleaved,2,27,11.5853
interleaved,2,28,11.2357
interleaved,2,29,11.4484
interleaved,2,30,11.4572
interleaved,2,31,11.4775
interleaved,2,32,11.3778
interleaved,2,33,11.0289
interleaved,2,34,11.4274
interleaved,2,35,11.6055
interleaved,2,36,11.3742
interleaved,2,37,12.0307
interleaved,2,38,11.8616
interleaved,2,39,11.8225
interleaved,2,40,11.344
interleaved,2,41,11.1852
interleaved,2,42,12.1145
interleaved,2,43,11.5566
interleaved,2,44,11.6565
interleaved,2,45,11.7063
interleaved,2,46,11.3956
interleaved,2,47,11.4451
interleaved,2,48,11.6896
interleaved,2,49,11.7388
interleaved,2,50,11.2243
interleaved,2,51,11.7192
interleaved,2,52,11.5362
interleaved,2,53,11.9322
interleaved,2,54,11.9712
interleaved,2,55,11.5517
interleaved,2,56,11.7436
interleaved,2,57,11.6985
interleaved,2,58,11.7321
interleaved,2,59,11.9395
interleaved,2,60,11.6335
interleaved,2,61,11.6177
interleaved,2,62,11.62
interleaved,2,63,11.9172
interleaved,2,64,11.583
interleaved,2,65,11.6831
interleaved,2,66,12.0781
interleaved,2,67,12.1107
interleaved,2,68,11.6801
interleaved,2,69,11.468
interleaved,2,70,11.7802
interleaved,2,71,11.9173
interleaved,2,72,11.8531
interleaved,2,73,11.9636
interleaved,2,74,11.5836
interleaved,2,75,11.6378
interleaved,2,76,11.611
interleaved,2,77,12.2077
interleaved,2,78,13.129
interleaved,2,79,12.111
interleaved,2,80,11.9835
interleaved,2,81,11.7887
interleaved,2,82,11.9848
interleaved,2,83,12.2259
interleaved,2,84,12.1248
interleaved,2,85,11.8723
interleaved,2,86,12.0721
interleaved,2,87,11.8642
interleaved,2,88,11.9828
interleaved,2,89,12.005
interleaved,2,90,12.2874
interleaved,2,91,12.1359
interleaved,2,92,11.9884
interleaved,2,93,12.5473
interleaved,2,94,12.0534
interleaved,2,95,12.2958
interleaved,2,96,12.1193
interleaved,2,97,11.7832
interleaved,2,98,11.7669
interleaved,2,99,12.0153
interleaved,2,100,12.4019
interleaved,2,101,12.823
interleaved,2,102,12.7873
interleaved,2,103,12.7628
interleaved,2,104,12.558
interleaved,2,105,12.3308
interleaved,2,106,12.4162
interleaved,2,107,12.5685
interleaved,2,108,11.8327
interleaved,2,109,12.5335
interleaved,2,110,12.2112
interleaved,2,111,12.4725
interleaved,2,112,12.4739
interleaved,2,113,12.0794
interleaved,2,114,12.3708
interleaved,2,115,12.1105
interleaved,2,116,12.2185
interleaved,2,117,12.3522
interleaved,2,118,12.5252
interleaved,2,119,12.6344
interleaved,2,120,12.1045
interleaved,2,121,12.5533
interleaved,2,122,12.4691
interleaved,2,123,12.461
interleaved,2,124,12.7773
interleaved,2,125,12.319
interleaved,2,126,12.7137
interleaved,2,127,12.325
interleaved,2,128,11.9408
interleaved,2,129,12.5641
interleaved,2,130,12.4344
interleaved,2,131,12.3455
interleaved,2,132,12.3662
interleaved,2,133,12.9794
interleaved,2,134,12.3948
interleaved,2,135,12.7582
interleaved,2,136,12.1892
interleaved,2,137,11.9013
interleaved,2,138,12.4476
interleaved,2,139,12.5988
interleaved,2,140,12.3419
interleaved,2,141,12.5958
interleaved,2,142,12.7152
interleaved,2,143,12.7576
interleaved,2,144,12.7508
interleaved,2,145,12.5781
interleaved,2,146,12.9495
interleaved,2,147,12.9062
interleaved,2,148,12.849
interleaved,2,149,12.6046
interleaved,2,150,12.785
interleaved,2,151,12.9995
interleaved,2,152,12.8937
interleaved,2,153,12.8891
interleaved,2,154,12.7052
interleaved,2,155,12.8465
interleaved,2,156,12.7097
interleaved,2,157,12.5168
interleaved,2,158,12.8325
interleaved,2,159,13.0002
interleaved,2,160,12.7587
interleaved,2,161,12.8264
interleaved,2,162,12.6707
interleaved,2,163,12.913
interleaved,2,164,13.059
interleaved,2,165,13.0691
interleaved,2,166,12.9013
interleaved,2,167,13.1357
interleaved,2,168,13.0101
interleaved,2,169,13.1086
interleaved,2,170,13.0071
interleaved,2,171,12.8806
interleaved,2,172,13.1359
interleaved,2,173,12.6743
interleaved,2,174,12.9235
interleaved,2,175,13.144
interleaved,2,176,13.3475
interleaved,2,177,12.7271
interleaved,2,178,13.317
interleaved,2,179,12.9157
interleaved,2,180,13.4894
interleaved,2,181,13.2208
interleaved,2,182,13.2386
interleaved,2,183,13.5043
interleaved,2,184,13.0573
interleaved,2,185,13.1845
interleaved,2,186,12.8106
interleaved,2,187,13.3558
interleaved,2,188,13.2672
interleaved,2,189,13.2508
interleaved,2,190,13.0796
interleaved,2,191,13.2573
interleaved,2,192,13.0968
interleaved,2,193,13.4184
interleaved,2,194,13.2175
interleaved,2,195,12.9213
interleaved,2,196,12.979
interleaved,2,197,13.8057
interleaved,2,198,13.6731
interleaved,2,199,13.0555
interleaved,2,200,13.5077
interleaved,2,201,13.2839
interleaved,2,202,13.0047
interleaved,2,203,13.5438
interleaved,2,204,13.239
interleaved,2,205,13.2975
interleaved,2,206,13.3737
interleaved,2,207,13.3606
interleaved,2,208,13.0752
interleaved,2,209,13.5452
interleaved,2,210,13.3797
interleaved,2,211,13.1425
interleaved,2,212,13.6904
interleaved,2,213,13.3065
interleaved,2,214,13.29
interleaved,2,215,13.3782
interleaved,2,216,13.6167
interleaved,2,217,13.6764
interleaved,2,218,13.3141
interleaved,2,219,13.4392
interleaved,2,220,13.629
interleaved,2,221,13.7683
interleaved,2,222,13.4537
interleaved,2,223,13.2028
interleaved,2,224,13.6579
interleaved,2,225,14.0425
interleaved,2,226,13.4777
interleaved,2,227,13.4051
interleaved,2,228,13.7405
interleaved,2,229,13.7818
interleaved,2,230,14.0342
interleaved,2,231,13.6486
interleaved,2,232,13.5704
interleaved,2,233,13.4008
interleaved,2,234,13.5615
interleaved,2,235,14.0831
interleaved,2,236,14.4338
interleaved,2,237,13.9882
interleaved,2,238,13.768
interleaved,2,239,13.6448
interleaved,2,240,14.2032
interleaved,2,241,14.2768
interleaved,2,242,13.6454
interleaved,2,243,13.6397
interleaved,2,244,13.8314
interleaved,2,245,13.9237
interleaved,2,246,13.9677
interleaved,2,247,13.8604
interleaved,2,248,13.468
interleaved,2,249,13.725
interleaved,2,250,13.9078
interleaved,2,251,13.4791
interleaved,2,252,13.9622
interleaved,2,253,13.9614
interleaved,2,254,14.2821
interleaved,2,255,13.7417
interleaved,2,256,13.7041
interleaved,2,257,14.3737
interleaved,2,258,14.1544
interleaved,2,259,13.8259
interleaved,2,260,14.0322
interleaved,2,261,14.2275
interleaved,2,262,14.0935
interleaved,2,263,14.0408
interleaved,2,264,14.045
interleaved,2,265,14.0606
interleaved,2,266,14.4262
interleaved,2,267,13.9929
interleaved,2,268,13.7423
interleaved,2,269,14.2287
interleaved,2,270,13.3753
interleaved,2,271,13.4721
interleaved,2,272,13.6273
interleaved,2,273,13.6483
interleaved,2,274,13.8207
interleaved,2,275,13.8787
interleaved,2,276,14.2983
interleaved,2,277,14.0393
interleaved,2,278,13.9979
interleaved,2,279,13.5493
interleaved,2,280,13.5935
interleaved,2,281,13.6574
interleaved,2,282,13.974
interleaved,2,283,13.8206
interleaved,2,284,13.3557
interleaved,2,285,13.562
interleaved,2,286,13.974
interleaved,2,287,14.1375
interleaved,2,288,13.8076
interleaved,2,289,14.0785
interleaved,2,290,14.1282
interleaved,2,291,13.9626
interleaved,2,292,13.9628
interleaved,2,293,14.012
interleaved,2,294,13.8279
interleaved,2,295,13.8976
interleaved,2,296,13.7473
interleaved,2,297,13.9719
interleaved,2,298,13.5908
interleaved,2,299,13.861
interleaved,2,300,13.8183
interleaved,2,301,14.0296
interleaved,2,302,14.2306
interleaved,2,303,13.9326
interleaved,2,304,14.0809
interleaved,2,305,14.2095
interleaved,2,306,13.8725
interleaved,2,307,13.8992
interleaved,2,308,13.719
interleaved,2,309,13.964
interleaved,2,310,14.0995
interleaved,2,311,13.8761
interleaved,2,312,14.1778
interleaved,2,313,14.0887
interleaved,2,314,14.0682
interleaved,2,315,13.7424
interleaved,2,316,14.2516
interleaved,2,317,13.5661
interleaved,2,318,14.0817
interleaved,2,319,14.0179
interleaved,2,320,14.1971
interleaved,2,321,14.262
interleaved,2,322,13.9649
interleaved,2,323,14.2016
interleaved,2,324,14.2624
interleaved,2,325,14.0073
interleaved,2,326,13.9215
interleaved,2,327,14.0773
interleaved,2,328,14.0393
interleaved,2,329,14.2281
interleaved,2,330,14.0135
interleaved,2,331,14.0663
interleaved,2,332,13.9588
interleaved,2,333,14.4498
interleaved,2,334,14.0167
interleaved,2,335,14.6197
interleaved,2,336,14.2845
interleaved,2,337,14.134
interleaved,2,338,14.1544
interleaved,2,339,14.3875
interleaved,2,340,14.299
interleaved,2,341,14.1691
interleaved,2,342,14.1925
interleaved,2,343,14.3806
interleaved,2,344,14.0805
interleaved,2,345,14.1116
interleaved,2,346,14.6295
interleaved,2,347,14.2205
interleaved,2,348,14.4765
interleaved,2,349,13.9513
interleaved,2,350,14.5296
interleaved,2,351,14.2085
interleaved,2,352,14.247
interleaved,2,353,14.4105
interleaved,2,354,14.3209
interleaved,2,355,14.1084
interleaved,2,356,14.1926
interleaved,2,357,14.4297
interleaved,2,358,14.5397
interleaved,2,359,14.429
interleaved,2,360,14.2342
interleaved,2,361,14.3918
interleaved,2,362,14.1738
interleaved,2,363,14.1831
interleaved,2,364,14.2115
interleaved,2,365,14.718
interleaved,2,366,14.6117
interleaved,2,367,14.3816
interleaved,2,368,14.3488
interleaved,2,369,14.5785
interleaved,2,370,14.6529
interleaved,2,371,14.5707
interleaved,2,372,14.3845
interleaved,2,373,14.4194
interleaved,2,374,14.564
interleaved,2,375,14.4704
interleaved,2,376,14.7776
interleaved,2,377,14.6759
interleaved,2,378,14.4464
interleaved,2,379,15.2629
interleaved,2,380,14.9429
interleaved,2,381,14.7514
interleaved,2,382,14.8686
interleaved,2,383,14.8826
interleaved,2,384,14.8688
interleaved,2,385,14.3486
interleaved,2,386,14.3191
interleaved,2,387,14.5629
interleaved,2,388,14.7963
interleaved,2,389,14.6873
interleaved,2,390,14.7408
interleaved,2,391,14.7309
interleaved,2,392,14.4321
interleaved,2,393,14.3925
interleaved,2,394,14.8987
interleaved,2,395,14.7283
interleaved,2,396,14.7477
interleaved,2,397,14.5415
interleaved,2,398,14.6307
interleaved,2,399,14.6128
interleaved,2,400,15.0627
interleaved,2,401,14.7489
interleaved,2,402,15.1686
interleaved,2,403,14.8143
interleaved,2,404,14.7368
interleaved,2,405,14.6982
interleaved,2,406,14.7528
interleaved,2,407,14.6277
interleaved,2,408,14.6975
interleaved,2,409,14.931
interleaved,2,410,14.7529
interleaved,2,411,14.7526
interleaved,2,412,15.0717
interleaved,2,413,15.223
interleaved,2,414,15.0277
interleaved,2,415,14.8765
interleaved,2,416,14.9266
interleaved,2,417,15.1713
interleaved,2,418,14.7817
interleaved,2,419,14.8831
interleaved,2,420,15.223
interleaved,2,421,15.362
interleaved,2,422,15.2073
interleaved,2,423,15.015
interleaved,2,424,15.0637
interleaved,2,425,15.1318
interleaved,2,426,15.2279
interleaved,2,427,15.1161
interleaved,2,428,14.9291
interleaved,2,429,15.1322
interleaved,2,430,14.9812
interleaved,2,431,15.3977
interleaved,2,432,15.0553
interleaved,2,433,15.0503
interleaved,2,434,14.8812
interleaved,2,435,15.2759
interleaved,2,436,14.8513
interleaved,2,437,15.2283
interleaved,2,438,15.37
interleaved,2,439,14.9936
interleaved,2,440,15.1815
interleaved,2,441,15.4954
interleaved,2,442,15.0932
interleaved,2,443,15.3707
interleaved,2,444,15.0157
interleaved,2,445,15.2877
interleaved,2,446,15.2781
interleaved,2,447,15.0218
interleaved,2,448,15.3113
interleaved,2,449,15.0228
interleaved,2,450,15.2482
interleaved,2,451,15.2776
interleaved,2,452,15.5748
interleaved,2,453,15.4102
interleaved,2,454,15.6105
interleaved,2,455,15.2852
interleaved,2,456,15.2003
interleaved,2,457,15.2568
interleaved,2,458,15.3217
interleaved,2,459,15.418
interleaved,2,460,15.4437
interleaved,2,461,15.2861
interleaved,2,462,15.6813
interleaved,2,463,15.3606
interleaved,2,464,15.5421
interleaved,2,465,15.5458
interleaved,2,466,15.4693
interleaved,2,467,15.6266
interleaved,2,468,15.4391
interleaved,2,469,15.7709
interleaved,2,470,15.8791
interleaved,2,471,15.7833
interleaved,2,472,16.3444
interleaved,2,473,16.6125
interleaved,2,474,16.3369
interleaved,2,475,16.324
interleaved,2,476,16.4542
interleaved,2,477,16.5063
interleaved,2,478,15.9843
interleaved,2,479,16.1412
interleaved,2,480,16.4627
interleaved,2,481,16.4185
interleaved,2,482,16.0296
interleaved,2,483,16.6057
interleaved,2,484,16.5583
interleaved,2,485,16.2076
interleaved,2,486,16.171
interleaved,2,487,16.4955
interleaved,2,488,16.3951
interleaved,2,489,16.2629
interleaved,2,490,16.0977
interleaved,2,491,16.2131
interleaved,2,492,16.8073
interleaved,2,493,16.2366
interleaved,2,494,16.2817
interleaved,2,495,16.5614
interleaved,2,496,16.366
interleaved,2,497,16.6463
interleaved,2,498,16.0493
interleaved,2,499,16.5812
interleaved,2,500,16.7448
interleaved,2,501,16.2955
interleaved,2,502,16.2038
interleaved,2,503,16.5694
interleaved,2,504,16.0987
interleaved,2,505,16.3975
interleaved,2,506,16.5126
interleaved,2,507,16.208
interleaved,2,508,16.3072
interleaved,2,509,16.1004
interleaved,2,510,17.8379
interleaved,2,511,15.9986
interleaved,2,512,16.2336
interleaved,2,513,16.1445
interleaved,2,514,16.3145
interleaved,2,515,16.0975
interleaved,2,516,16.1852
interleaved,2,517,16.2431
interleaved,2,518,16.2218
interleaved,2,519,16.501
interleaved,2,520,16.6167
interleaved,2,521,16.4671
interleaved,2,522,15.9533
interleaved,2,523,16.2993
interleaved,2,524,16.2231
interleaved,2,525,16.1453
interleaved,2,526,16.4798
interleaved,2,527,16.2279
interleaved,2,528,15.9408
interleaved,2,529,16.3353
interleaved,2,530,16.356
interleaved,2,531,15.8213
interleaved,2,532,16.2057
interleaved,2,533,16.2237
interleaved,2,534,16.3706
interleaved,2,535,16.1735
interleaved,2,536,16.1732
interleaved,2,537,16.283
interleaved,2,538,16.2229
interleaved,2,539,16.0738
interleaved,2,540,16.1478
interleaved,2,541,16.0936
interleaved,2,542,16.4249
interleaved,2,543,16.5067
interleaved,2,544,15.894
interleaved,2,545,15.8891
interleaved,2,546,16.3113
interleaved,2,547,16.042
interleaved,2,548,16.2915
interleaved,2,549,16.2815
interleaved,2,550,16.2858
interleaved,2,551,16.366
interleaved,2,552,16.2735
interleaved,2,553,16.5082
interleaved,2,554,16.1313
interleaved,2,555,16.2659
interleaved,2,556,16.5148
interleaved,2,557,16.2311
interleaved,2,558,16.4839
interleaved,2,559,15.7597
interleaved,2,560,16.34
interleaved,2,561,16.5761
interleaved,2,562,16.2038
interleaved,2,563,16.1453
interleaved,2,564,16.2589
interleaved,2,565,16.1933
interleaved,2,566,16.4689
interleaved,2,567,16.2989
interleaved,2,568,16.2637
interleaved,2,569,16.2533
interleaved,2,570,16.0993
interleaved,2,571,16.3131
interleaved,2,572,16.2664
interleaved,2,573,16.4212
interleaved,2,574,16.1426
interleaved,2,575,15.8832
interleaved,2,576,16.353
interleaved,2,577,16.3529
interleaved,2,578,16.0975
interleaved,2,579,15.7225
interleaved,2,580,16.5112
interleaved,2,581,16.2689
interleaved,2,582,16.4251
interleaved,2,583,16.1985
interleaved,2,584,15.8696
interleaved,2,585,15.7805
interleaved,2,586,15.8941
interleaved,2,587,15.9153
interleaved,2,588,16.0572
interleaved,2,589,16.4507
interleaved,2,590,16.378
interleaved,2,591,15.9803
interleaved,2,592,16.3354
interleaved,2,593,16.1087
interleaved,2,594,16.5487
interleaved,2,595,16.0928
interleaved,2,596,16.2471
interleaved,2,597,16.2403
interleaved,2,598,16.3426
interleaved,2,599,15.5912
interleaved,3,0,57.4575
interleaved,3,1,10.9702
interleaved,3,2,11.1367
interleaved,3,3,10.7261
interleaved,3,4,10.1053
interleaved,3,5,11.1083
interleaved,3,6,11.0292
interleaved,3,7,10.7434
interleaved,3,8,11.2299
interleaved,3,9,10.9831
interleaved,3,10,10.7161
interleaved,3,11,11.063
interleaved,3,12,11.2614
interleaved,3,13,11.0275
interleaved,3,14,10.5962
interleaved,3,15,11.0986
interleaved,3,16,10.9707
interleaved,3,17,11.0431
interleaved,3,18,10.813
interleaved,3,19,11.0671
interleaved,3,20,10.9601
interleaved,3,21,11.1792
interleaved,3,22,11.6393
interleaved,3,23,10.9057
interleaved,3,24,11.3764
interleaved,3,25,11.6105
interleaved,3,26,11.6631
interleaved,3,27,11.3892
interleaved,3,28,11.4241
interleaved,3,29,10.93
interleaved,3,30,11.1136
interleaved,3,31,11.2564
interleaved,3,32,11.1079
interleaved,3,33,11.0163
interleaved,3,34,11.2003
interleaved,3,35,11.4518
interleaved,3,36,11.3946
interleaved,3,37,11.0468
interleaved,3,38,11.279
interleaved,3,39,10.5115
interleaved,3,40,11.0365
interleaved,3,41,10.9332
interleaved,3,42,11.1618
interleaved,3,43,11.0761
interleaved,3,44,11.1884
interleaved,3,45,11.3318
interleaved,3,46,11.7352
interleaved,3,47,12.492
interleaved,3,48,11.6069
interleaved,3,49,11.0136
interleaved,3,50,11.1539
interleaved,3,51,11.4981
interleaved,3,52,11.0658
interleaved,3,53,11.2532
interleaved,3,54,11.3052
interleaved,3,55,11.3988
interleaved,3,56,11.3172
interleaved,3,57,11.1747
interleaved,3,58,11.4952
interleaved,3,59,11.2805
interleaved,3,60,11.4463
interleaved,3,61,11.5386
interleaved,3,62,11.568
interleaved,3,63,11.1382
interleaved,3,64,11.3441
interleaved,3,65,11.4773
interleaved,3,66,11.3723
interleaved,3,67,11.1428
interleaved,3,68,11.361
interleaved,3,69,11.4101
interleaved,3,70,11.1439
interleaved,3,71,11.6567
interleaved,3,72,11.5155
interleaved,3,73,11.3977
interleaved,3,74,11.6717
interleaved,3,75,11.7129
interleaved,3,76,11.257
interleaved,3,77,11.6016
interleaved,3,78,11.5079
interleaved,3,79,11.5736
interleaved,3,80,11.6493
interleaved,3,81,11.7749
interleaved,3,82,11.6002
interleaved,3,83,11.3819
interleaved,3,84,11.507
interleaved,3,85,11.482
interleaved,3,86,11.757
interleaved,3,87,11.5898
interleaved,3,88,11.5446
interleaved,3,89,11.8662
interleaved,3,90,11.6755
interleaved,3,91,11.6878
interleaved,3,92,11.7917
interleaved,3,93,11.8217
interleaved,3,94,11.3453
interleaved,3,95,11.7667
interleaved,3,96,11.6235
interleaved,3,97,11.7894
interleaved,3,98,11.4194
interleaved,3,99,11.5681
interleaved,3,100,11.4938
interleaved,3,101,11.9039
interleaved,3,102,11.6258
interleaved,3,103,11.946
interleaved,3,104,11.9794
interleaved,3,105,12.1832
interleaved,3,106,12.053
interleaved,3,107,11.8445
interleaved,3,108,12.0049
interleaved,3,109,12.2952
interleaved,3,110,12.4343
interleaved,3,111,11.9978
interleaved,3,112,11.9438
interleaved,3,113,11.7993
interleaved,3,114,12.1025
interleaved,3,115,11.9761
interleaved,3,116,12.3782
interleaved,3,117,12.3661
interleaved,3,118,12.2068
interleaved,3,119,12.5363
interleaved,3,120,12.372
interleaved,3,121,12.6093
interleaved,3,122,11.752
interleaved,3,123,11.8334
interleaved,3,124,12.4989
interleaved,3,125,12.0707
interleaved,3,126,12.7
interleaved,3,127,12.5125
interleaved,3,128,12.6526
interleaved,3,129,12.6777
interleaved,3,130,12.6258
interleaved,3,131,12.3461
interleaved,3,132,12.5804
interleaved,3,133,12.6183
interleaved,3,134,12.5962
interleaved,3,135,12.3133
interleaved,3,136,12.8692
interleaved,3,137,12.6542
interleaved,3,138,12.5936
interleaved,3,139,12.5809
interleaved,3,140,12.6418
interleaved,3,141,12.3424
interleaved,3,142,12.8314
interleaved,3,143,12.266
interleaved,3,144,12.7585
interleaved,3,145,12.7888
interleaved,3,146,12.3932
interleaved,3,147,12.2142
interleaved,3,148,12.4475
interleaved,3,149,12.6111
interleaved,3,150,12.6047
interleaved,3,151,12.931
interleaved,3,152,12.6852
interleaved,3,153,12.886
interleaved,3,154,12.5535
interleaved,3,155,12.8333
interleaved,3,156,12.8981
interleaved,3,157,12.7117
interleaved,3,158,12.8891
interleaved,3,159,12.7095
interleaved,3,160,12.9673
interleaved,3,161,12.9239
interleaved,3,162,13.1452
interleaved,3,163,12.9181
interleaved,3,164,13.2293
interleaved,3,165,12.9367
interleaved,3,166,13.3163
interleaved,3,167,12.6884
interleaved,3,168,12.9504
interleaved,3,169,12.6702
interleaved,3,170,13.0476
interleaved,3,171,13.0983
interleaved,3,172,13.2651
interleaved,3,173,13.1807
interleaved,3,174,12.9769
interleaved,3,175,13.1871
interleaved,3,176,12.8218
interleaved,3,177,13.3066
interleaved,3,178,13.4245
interleaved,3,179,13.18
interleaved,3,180,13.462
interleaved,3,181,13.2194
interleaved,3,182,13.2404
interleaved,3,183,12.9437
interleaved,3,184,13.2859
interleaved,3,185,13.1094
interleaved,3,186,13.4045
interleaved,3,187,13.3011
interleaved,3,188,13.2727
interleaved,3,189,13.2895
interleaved,3,190,13.0978
interleaved,3,191,13.5443
interleaved,3,192,13.3767
interleaved,3,193,13.346
interleaved,3,194,13.1865
interleaved,3,195,13.3202
interleaved,3,196,12.9312
interleaved,3,197,13.4975
interleaved,3,198,13.4864
interleaved,3,199,13.1455
interleaved,3,200,13.12
interleaved,3,201,13.5868
interleaved,3,202,13.481
interleaved,3,203,13.438
interleaved,3,204,13.5904
interleaved,3,205,13.4146
interleaved,3,206,13.4667
interleaved,3,207,13.2936
interleaved,3,208,12.2866
interleaved,3,209,13.3385
interleaved,3,210,14.1035
interleaved,3,211,13.9945
interleaved,3,212,13.3011
interleaved,3,213,13.393
interleaved,3,214,13.1958
interleaved,3,215,13.9239
interleaved,3,216,13.6642
interleaved,3,217,13.1907
interleaved,3,218,13.3652
interleaved,3,219,13.7442
interleaved,3,220,13.4625
interleaved,3,221,13.4641
interleaved,3,222,13.8541
interleaved,3,223,13.4367
interleaved,3,224,13.317
interleaved,3,225,13.3457
interleaved,3,226,13.7925
interleaved,3,227,13.4825
interleaved,3,228,13.6422
interleaved,3,229,13.5021
interleaved,3,230,13.7782
interleaved,3,231,13.6391
interleaved,3,232,13.504
interleaved,3,233,13.3925
interleaved,3,234,13.738
interleaved,3,235,14.0198
interleaved,3,236,13.8586
interleaved,3,237,14.0867
interleaved,3,238,13.8977
interleaved,3,239,13.7745
interleaved,3,240,13.5867
interleaved,3,241,13.6822
interleaved,3,242,13.4071
interleaved,3,243,13.6617
interleaved,3,244,13.3314
interleaved,3,245,13.9239
interleaved,3,246,13.7863
interleaved,3,247,14.005
interleaved,3,248,13.6938
interleaved,3,249,13.641
interleaved,3,250,14.1775
interleaved,3,251,13.8013
interleaved,3,252,13.8808
interleaved,3,253,13.9772
interleaved,3,254,14.05
interleaved,3,255,14.0499
interleaved,3,256,13.4697
interleaved,3,257,14.1748
interleaved,3,258,14.1778
interleaved,3,259,14.1127
interleaved,3,260,13.833
interleaved,3,261,14.1252
interleaved,3,262,13.885
interleaved,3,263,14.0421
interleaved,3,264,14.2632
interleaved,3,265,13.9113
interleaved,3,266,13.8955
interleaved,3,267,14.0615
interleaved,3,268,13.9975
interleaved,3,269,14.2018
interleaved,3,270,13.9017
interleaved,3,271,13.8385
interleaved,3,272,13.9746
interleaved,3,273,13.8647
interleaved,3,274,13.7189
interleaved,3,275,13.6827
interleaved,3,276,14.0054
interleaved,3,277,14.4501
interleaved,3,278,14.0071
interleaved,3,279,14.2199
interleaved,3,280,14.0661
interleaved,3,281,14.3405
interleaved,3,282,14.1046
interleaved,3,283,14.0221
interleaved,3,284,14.0656
interleaved,3,285,14.259
interleaved,3,286,14.1376
interleaved,3,287,14.3098
interleaved,3,288,14.363
interleaved,3,289,14.4365
interleaved,3,290,14.2112
interleaved,3,291,14.1533
interleaved,3,292,14.3176
interleaved,3,293,14.2258
interleaved,3,294,14.6192
interleaved,3,295,13.8046
interleaved,3,296,14.5048
interleaved,3,297,14.6395
interleaved,3,298,14.2515
interleaved,3,299,14.1173
interleaved,3,300,14.4214
interleaved,3,301,14.1182
interleaved,3,302,13.8287
interleaved,3,303,13.7657
interleaved,3,304,13.9938
interleaved,3,305,14.1081
interleaved,3,306,14.5042
interleaved,3,307,14.6447
interleaved,3,308,14.4053
interleaved,3,309,14.7071
interleaved,3,310,14.74
interleaved,3,311,15.2122
interleaved,3,312,14.5507
interleaved,3,313,14.5074
interleaved,3,314,14.5308
interleaved,3,315,14.5052
interleaved,3,316,14.4571
interleaved,3,317,14.2173
interleaved,3,318,14.357
interleaved,3,319,14.3971
interleaved,3,320,14.6812
interleaved,3,321,14.2269
interleaved,3,322,14.7392
interleaved,3,323,14.618
interleaved,3,324,14.8518
interleaved,3,325,14.9738
interleaved,3,326,14.705
interleaved,3,327,14.3347
interleaved,3,328,14.601
interleaved,3,329,14.7366
interleaved,3,330,14.2688
interleaved,3,331,14.3391
interleaved,3,332,14.173
interleaved,3,333,14.2733
interleaved,3,334,14.3607
interleaved,3,335,14.3089
interleaved,3,336,14.1892
interleaved,3,337,14.1538
interleaved,3,338,14.2116
interleaved,3,339,14.1978
interleaved,3,340,15.3247
interleaved,3,341,15.3922
interleaved,3,342,16.3256
interleaved,3,343,15.1915
interleaved,3,344,15.5989
interleaved,3,345,14.5615
interleaved,3,346,14.7918
interleaved,3,347,14.5683
interleaved,3,348,14.3383
interleaved,3,349,15.0145
interleaved,3,350,14.8416
interleaved,3,351,14.7417
interleaved,3,352,14.513
interleaved,3,353,15.2776
interleaved,3,354,15.1933
interleaved,3,355,15.3303
interleaved,3,356,14.7585
interleaved,3,357,14.8312
interleaved,3,358,14.7645
interleaved,3,359,14.9561
interleaved,3,360,15.0764
interleaved,3,361,14.694
interleaved,3,362,15.0355
interleaved,3,363,14.5518
interleaved,3,364,14.9906
interleaved,3,365,14.455
interleaved,3,366,14.5907
interleaved,3,367,15.1918
interleaved,3,368,14.7678
interleaved,3,369,14.988
interleaved,3,370,15.3732
interleaved,3,371,15.0272
interleaved,3,372,14.9452
interleaved,3,373,15.5863
interleaved,3,374,15.0508
interleaved,3,375,15.0372
interleaved,3,376,15.2335
interleaved,3,377,14.9323
interleaved,3,378,15.19
interleaved,3,379,15.0817
interleaved,3,380,14.8945
interleaved,3,381,15.0286
interleaved,3,382,15.4209
interleaved,3,383,15.18
interleaved,3,384,15.3139
interleaved,3,385,15.0543
interleaved,3,386,15.1251
interleaved,3,387,15.3179
interleaved,3,388,15.2808
interleaved,3,389,15.093
interleaved,3,390,23.326
interleaved,3,391,19.4459
interleaved,3,392,16.7483
interleaved,3,393,15.3975
interleaved,3,394,15.4222
interleaved,3,395,15.4061
interleaved,3,396,14.9738
interleaved,3,397,15.3239
interleaved,3,398,15.5662
interleaved,3,399,15.2732
interleaved,3,400,15.1729
interleaved,3,401,15.376
interleaved,3,402,15.9358
interleaved,3,403,15.5565
interleaved,3,404,15.489
interleaved,3,405,15.5818
interleaved,3,406,15.5899
interleaved,3,407,15.3212
interleaved,3,408,15.4898
interleaved,3,409,15.572
interleaved,3,410,15.4362
interleaved,3,411,15.3767
interleaved,3,412,15.6523
interleaved,3,413,15.8317
interleaved,3,414,15.2793
interleaved,3,415,15.5161
interleaved,3,416,15.6664
interleaved,3,417,15.322
interleaved,3,418,15.6103
interleaved,3,419,15.6354
interleaved,3,420,15.3628
interleaved,3,421,15.0248
interleaved,3,422,14.9642
interleaved,3,423,15.1944
interleaved,3,424,15.3099
interleaved,3,425,15.5101
interleaved,3,426,15.5049
interleaved,3,427,15.5611
interleaved,3,428,15.4816
interleaved,3,429,15.516
interleaved,3,430,15.7217
interleaved,3,431,15.5838
interleaved,3,432,15.6743
interleaved,3,433,15.6529
interleaved,3,434,15.4454
interleaved,3,435,15.581
interleaved,3,436,15.4046
interleaved,3,437,15.9817
interleaved,3,438,15.7345
interleaved,3,439,15.9024
interleaved,3,440,15.801
interleaved,3,441,15.3407
interleaved,3,442,15.0875
interleaved,3,443,15.3802
interleaved,3,444,15.5603
interleaved,3,445,15.9239
interleaved,3,446,15.8865
interleaved,3,447,15.9137
interleaved,3,448,15.4841
interleaved,3,449,16.0004
interleaved,3,450,15.9498
interleaved,3,451,15.6506
interleaved,3,452,15.579
interleaved,3,453,15.9655
interleaved,3,454,15.7063
interleaved,3,455,15.2444
interleaved,3,456,15.8633
interleaved,3,457,15.4968
interleaved,3,458,15.3549
interleaved,3,459,15.1147
interleaved,3,460,15.4646
interleaved,3,461,15.4539
interleaved,3,462,15.2727
interleaved,3,463,15.5641
interleaved,3,464,15.6506
interleaved,3,465,15.5467
interleaved,3,466,15.8474
interleaved,3,467,15.8993
interleaved,3,468,15.4697
interleaved,3,469,16.1696
interleaved,3,470,15.6239
interleaved,3,471,15.9913
interleaved,3,472,16.5864
interleaved,3,473,16.7938
interleaved,3,474,16.2292
interleaved,3,475,16.4559
interleaved,3,476,16.2462
interleaved,3,477,16.6297
interleaved,3,478,16.449
interleaved,3,479,16.9243
interleaved,3,480,16.0908
interleaved,3,481,16.1107
interleaved,3,482,16.1715
interleaved,3,483,16.6482
interleaved,3,484,16.1825
interleaved,3,485,16.314
interleaved,3,486,16.3992
interleaved,3,487,16.2228
interleaved,3,488,16.5527
interleaved,3,489,16.0603
interleaved,3,490,16.2947
interleaved,3,491,16.4171
interleaved,3,492,16.5118
interleaved,3,493,16.3566
interleaved,3,494,16.9345
interleaved,3,495,16.345
interleaved,3,496,16.4149
interleaved,3,497,16.3814
interleaved,3,498,15.852
interleaved,3,499,16.2139
interleaved,3,500,16.3297
interleaved,3,501,16.1772
interleaved,3,502,16.386
interleaved,3,503,15.8866
interleaved,3,504,16.0772
interleaved,3,505,16.307
interleaved,3,506,16.0646
interleaved,3,507,16.3105
interleaved,3,508,16.3627
interleaved,3,509,16.2976
interleaved,3,510,16.9609
interleaved,3,511,16.6342
interleaved,3,512,16.2415
interleaved,3,513,16.2314
interleaved,3,514,16.4539
interleaved,3,515,16.6077
interleaved,3,516,16.4017
interleaved,3,517,16.0586
interleaved,3,518,16.1877
interleaved,3,519,16.245
interleaved,3,520,16.5263
interleaved,3,521,16.3807
interleaved,3,522,16.2253
interleaved,3,523,16.2762
interleaved,3,524,16.2312
interleaved,3,525,16.053
interleaved,3,526,16.0942
interleaved,3,527,16.5242
interleaved,3,528,16.1303
interleaved,3,529,15.9848
interleaved,3,530,15.9405
interleaved,3,531,16.5291
interleaved,3,532,16.2413
interleaved,3,533,16.3541
interleaved,3,534,16.1914
interleaved,3,535,16.5123
interleaved,3,536,16.3219
interleaved,3,537,16.2157
interleaved,3,538,16.4842
interleaved,3,539,16.5669
interleaved,3,540,16.563
interleaved,3,541,16.395
interleaved,3,542,16.3558
interleaved,3,543,16.239
interleaved,3,544,16.4122
interleaved,3,545,16.113
interleaved,3,546,16.2135
interleaved,3,547,16.0791
interleaved,3,548,16.4281
interleaved,3,549,16.3204
interleaved,3,550,16.3126
interleaved,3,551,16.4672
interleaved,3,552,16.4662
interleaved,3,553,16.1885
interleaved,3,554,16.4134
interleaved,3,555,16.474
interleaved,3,556,16.4172
interleaved,3,557,16.511
interleaved,3,558,16.5428
interleaved,3,559,16.3119
interleaved,3,560,16.5069
interleaved,3,561,16.08
interleaved,3,562,16.171
interleaved,3,563,16.2525
interleaved,3,564,16.1729
interleaved,3,565,16.4755
interleaved,3,566,16.1671
interleaved,3,567,16.2608
interleaved,3,568,16.3494
interleaved,3,569,16.0517
interleaved,3,570,15.9331
interleaved,3,571,16.1642
interleaved,3,572,16.0896
interleaved,3,573,16.086
interleaved,3,574,15.9529
interleaved,3,575,16.3012
interleaved,3,576,16.0623
interleaved,3,577,16.4581
interleaved,3,578,15.9678
interleaved,3,579,16.3766
interleaved,3,580,16.3608
interleaved,3,581,15.8697
interleaved,3,582,16.4192
interleaved,3,583,16.4367
interleaved,3,584,16.1938
interleaved,3,585,16.6874
interleaved,3,586,15.8609
interleaved,3,587,16.1492
interleaved,3,588,16.2212
interleaved,3,589,16.2639
interleaved,3,590,16.5344
interleaved,3,591,16.5047
interleaved,3,592,16.4902
interleaved,3,593,16.2968
interleaved,3,594,16.547
interleaved,3,595,16.4028
interleaved,3,596,16.719
interleaved,3,597,16.5545
baseline,3,0,58.9213
baseline,3,1,11.1131
baseline,3,2,10.8843
baseline,3,3,11.1079
baseline,3,4,10.9578
baseline,3,5,10.9978
baseline,3,6,11.3859
baseline,3,7,12.7756
baseline,3,8,11.4591
baseline,3,9,11.2374
baseline,3,10,11.047
baseline,3,11,11.3775
baseline,3,12,11.6143
baseline,3,13,10.9295
baseline,3,14,11.5097
baseline,3,15,11.3355
baseline,3,16,10.6336
baseline,3,17,11.7578
baseline,3,18,11.1581
baseline,3,19,11.413
baseline,3,20,11.4834
baseline,3,21,11.462
baseline,3,22,11.739
baseline,3,23,11.5476
baseline,3,24,11.8176
baseline,3,25,11.7053
baseline,3,26,11.4576
baseline,3,27,11.4619
baseline,3,28,11.5815
baseline,3,29,11.644
baseline,3,30,11.7485
baseline,3,31,11.5675
baseline,3,32,11.303
baseline,3,33,11.4336
baseline,3,34,11.231
baseline,3,35,11.4323
baseline,3,36,11.5549
baseline,3,37,11.4987
baseline,3,38,11.4237
baseline,3,39,11.0385
baseline,3,40,11.4917
baseline,3,41,11.1452
baseline,3,42,11.3553
baseline,3,43,11.4269
baseline,3,44,11.4414
baseline,3,45,11.7267
baseline,3,46,11.1858
baseline,3,47,11.4234
baseline,3,48,11.4057
baseline,3,49,11.5764
baseline,3,50,11.6536
baseline,3,51,11.4428
baseline,3,52,11.4639
baseline,3,53,11.4124
baseline,3,54,11.6233
baseline,3,55,11.7003
baseline,3,56,11.516
baseline,3,57,11.3705
baseline,3,58,11.559
baseline,3,59,11.1676
baseline,3,60,11.5398
baseline,3,61,11.5531
baseline,3,62,11.9328
baseline,3,63,11.2627
baseline,3,64,11.7462
baseline,3,65,11.4512
baseline,3,66,11.6104
baseline,3,67,11.9024
baseline,3,68,11.499
baseline,3,69,11.8208
baseline,3,70,11.9999
baseline,3,71,11.67
baseline,3,72,11.4691
baseline,3,73,11.4071
baseline,3,74,12.0691
baseline,3,75,11.8564
baseline,3,76,11.6632
baseline,3,77,11.8482
baseline,3,78,11.6906
baseline,3,79,11.9194
baseline,3,80,11.5838
baseline,3,81,11.6258
baseline,3,82,11.4726
baseline,3,83,11.8488
baseline,3,84,11.9093
baseline,3,85,11.7053
baseline,3,86,11.9934
baseline,3,87,11.8406
baseline,3,88,11.6877
baseline,3,89,11.7106
baseline,3,90,11.6955
baseline,3,91,11.9855
baseline,3,92,12.0332
baseline,3,93,12.0097
baseline,3,94,11.8548
baseline,3,95,12.0122
baseline,3,96,11.7005
baseline,3,97,12.0381
baseline,3,98,11.718
baseline,3,99,12.2137
baseline,3,100,11.8377
baseline,3,101,12.2018
baseline,3,102,11.8698
baseline,3,103,12.3732
baseline,3,104,11.9228
baseline,3,105,11.601
baseline,3,106,12.2342
baseline,3,107,11.788
baseline,3,108,12.1412
baseline,3,109,11.9383
baseline,3,110,12.2309
baseline,3,111,12.1502
baseline,3,112,12.1485
baseline,3,113,12.303
baseline,3,114,12.0417
baseline,3,115,11.9053
baseline,3,116,12.1673
baseline,3,117,12.2341
baseline,3,118,12.193
baseline,3,119,12.4836
baseline,3,120,11.8801
baseline,3,121,12.3875
baseline,3,122,12.2704
baseline,3,123,12.3859
baseline,3,124,12.3649
baseline,3,125,12.6171
baseline,3,126,11.9132
baseline,3,127,12.2608
baseline,3,128,12.3247
baseline,3,129,12.8611
baseline,3,130,12.3297
baseline,3,131,15.8916
baseline,3,132,13.6468
baseline,3,133,12.0054
baseline,3,134,12.633
baseline,3,135,12.6301
baseline,3,136,12.2495
baseline,3,137,12.8592
baseline,3,138,12.1799
baseline,3,139,12.1999
baseline,3,140,12.7884
baseline,3,141,11.8381
baseline,3,142,12.3837
baseline,3,143,12.8718
baseline,3,144,11.8431
baseline,3,145,12.6868
baseline,3,146,12.7838
baseline,3,147,12.7029
baseline,3,148,12.5399
baseline,3,149,12.4002
baseline,3,150,12.7786
baseline,3,151,12.8462
baseline,3,152,13.5223
baseline,3,153,12.8856
baseline,3,154,12.5204
baseline,3,155,13.2462
baseline,3,156,12.5576
baseline,3,157,12.7937
baseline,3,158,12.6264
baseline,3,159,12.993
baseline,3,160,12.5985
baseline,3,161,12.7996
baseline,3,162,12.4761
baseline,3,163,12.9374
baseline,3,164,12.6695
baseline,3,165,12.6945
baseline,3,166,12.7444
baseline,3,167,12.8085
baseline,3,168,12.9375
baseline,3,169,12.6356
baseline,3,170,13.019
baseline,3,171,12.7733
baseline,3,172,13.0951
baseline,3,173,13.0481
baseline,3,174,12.9027
baseline,3,175,14.2097
baseline,3,176,13.274
baseline,3,177,12.691
baseline,3,178,13.0442
baseline,3,179,13.0062
baseline,3,180,13.1399
baseline,3,181,12.8623
baseline,3,182,12.8358
baseline,3,183,12.7236
baseline,3,184,13.1026
baseline,3,185,13.1296
baseline,3,186,12.8039
baseline,3,187,12.7858
baseline,3,188,13.2706
baseline,3,189,13.4036
baseline,3,190,12.9112
baseline,3,191,13.2042
baseline,3,192,13.3091
baseline,3,193,12.8958
baseline,3,194,13.2207
baseline,3,195,13.0336
baseline,3,196,13.1115
baseline,3,197,13.3758
baseline,3,198,13.266
baseline,3,199,13.2653
baseline,3,200,13.2127
baseline,3,201,12.9947
baseline,3,202,13.5587
baseline,3,203,12.9399
baseline,3,204,13.2386
baseline,3,205,13.7125
baseline,3,206,12.9668
baseline,3,207,13.1071
baseline,3,208,13.4383
baseline,3,209,13.3774
baseline,3,210,12.9565
baseline,3,211,13.3015
baseline,3,212,13.2372
baseline,3,213,13.5027
baseline,3,214,13.4241
baseline,3,215,13.3907
baseline,3,216,13.4887
baseline,3,217,13.5894
baseline,3,218,13.3553
baseline,3,219,13.0531
baseline,3,220,13.3223
baseline,3,221,13.2073
baseline,3,222,13.0885
baseline,3,223,13.1998
baseline,3,224,13.3677
baseline,3,225,13.6028
baseline,3,226,13.468
baseline,3,227,13.4014
baseline,3,228,13.6113
baseline,3,229,13.605
baseline,3,230,13.6166
baseline,3,231,13.5962
baseline,3,232,13.1599
baseline,3,233,13.4575
baseline,3,234,13.5376
baseline,3,235,13.7143
baseline,3,236,13.7213
baseline,3,237,13.3304
baseline,3,238,13.4122
baseline,3,239,13.3728
baseline,3,240,13.4668
baseline,3,241,13.1622
baseline,3,242,13.1858
baseline,3,243,13.9258
baseline,3,244,13.3202
baseline,3,245,13.3338
baseline,3,246,13.7263
baseline,3,247,13.6266
baseline,3,248,13.3666
baseline,3,249,13.7148
baseline,3,250,13.584
baseline,3,251,14.0765
baseline,3,252,13.8999
baseline,3,253,13.9385
baseline,3,254,13.5814
baseline,3,255,13.8701
baseline,3,256,13.7706
baseline,3,257,13.9546
baseline,3,258,13.8741
baseline,3,259,13.9995
baseline,3,260,13.5143
baseline,3,261,13.8417
baseline,3,262,13.8289
baseline,3,263,13.8554
baseline,3,264,13.9898
baseline,3,265,13.8676
baseline,3,266,13.77
baseline,3,267,14.0983
baseline,3,268,13.8339
baseline,3,269,13.8121
baseline,3,270,13.8564
baseline,3,271,14.3305
baseline,3,272,13.6052
baseline,3,273,13.6042
baseline,3,274,14.0999
baseline,3,275,14.0623
baseline,3,276,13.8178
baseline,3,277,14.3899
baseline,3,278,14.0832
baseline,3,279,14.0871
baseline,3,280,13.9402
baseline,3,281,13.7056
baseline,3,282,13.8865
baseline,3,283,13.9677
baseline,3,284,14.0701
baseline,3,285,14.4647
baseline,3,286,14.0805
baseline,3,287,14.0223
baseline,3,288,13.8849
baseline,3,289,14.1961
baseline,3,290,14.2432
baseline,3,291,13.9642
baseline,3,292,13.9987
baseline,3,293,14.2597
baseline,3,294,14.3126
baseline,3,295,13.9272
baseline,3,296,14.4454
baseline,3,297,14.384
baseline,3,298,14.159
baseline,3,299,14.094
baseline,3,300,14.1057
baseline,3,301,14.4967
baseline,3,302,14.4422
baseline,3,303,14.244
baseline,3,304,14.2801
baseline,3,305,14.4172
baseline,3,306,14.224
baseline,3,307,14.3972
baseline,3,308,14.347
baseline,3,309,14.1509
baseline,3,310,14.3621
baseline,3,311,14.0052
baseline,3,312,14.667
baseline,3,313,14.3358
baseline,3,314,14.2585
baseline,3,315,14.3577
baseline,3,316,14.2109
baseline,3,317,14.319
baseline,3,318,14.3601
baseline,3,319,14.5361
baseline,3,320,14.2197
baseline,3,321,14.7608
baseline,3,322,14.591
baseline,3,323,15.7243
baseline,3,324,14.665
baseline,3,325,14.812
baseline,3,326,14.6049
baseline,3,327,14.4243
baseline,3,328,14.8585
baseline,3,329,14.7683
baseline,3,330,14.7387
baseline,3,331,14.4779
baseline,3,332,14.7698
baseline,3,333,14.9893
baseline,3,334,14.7973
baseline,3,335,14.8097
baseline,3,336,14.6885
baseline,3,337,14.4809
baseline,3,338,14.9633
baseline,3,339,14.8725
baseline,3,340,15.0211
baseline,3,341,14.7172
baseline,3,342,14.7951
baseline,3,343,14.7232
baseline,3,344,14.8368
baseline,3,345,14.6426
baseline,3,346,14.7281
baseline,3,347,14.8939
baseline,3,348,14.5388
baseline,3,349,14.7432
baseline,3,350,15.3711
baseline,3,351,15.1169
baseline,3,352,14.8752
baseline,3,353,14.7787
baseline,3,354,14.7098
baseline,3,355,14.7806
baseline,3,356,14.6739
baseline,3,357,14.7874
baseline,3,358,15.1309
baseline,3,359,14.785
baseline,3,360,14.5869
baseline,3,361,14.7361
baseline,3,362,14.9555
baseline,3,363,14.8903
baseline,3,364,14.8028
baseline,3,365,15.0347
baseline,3,366,14.8296
baseline,3,367,14.8504
baseline,3,368,14.9017
baseline,3,369,15.2159
baseline,3,370,14.9853
baseline,3,371,14.8382
baseline,3,372,15.2982
baseline,3,373,15.1022
baseline,3,374,14.81
baseline,3,375,15.2735
baseline,3,376,15.4727
baseline,3,377,15.0147
baseline,3,378,14.8611
baseline,3,379,15.1089
baseline,3,380,15.0887
baseline,3,381,14.9986
baseline,3,382,14.8863
baseline,3,383,15.2562
baseline,3,384,15.2122
baseline,3,385,15.0944
baseline,3,386,15.1638
baseline,3,387,15.2974
baseline,3,388,15.3559
baseline,3,389,15.2547
baseline,3,390,15.1394
baseline,3,391,15.3302
baseline,3,392,14.977
baseline,3,393,15.0294
baseline,3,394,15.0973
baseline,3,395,15.1568
baseline,3,396,15.3935
baseline,3,397,15.2204
baseline,3,398,15.4475
baseline,3,399,15.4332
baseline,3,400,15.3875
baseline,3,401,15.3353
baseline,3,402,15.823
baseline,3,403,15.4483
baseline,3,404,15.2835
baseline,3,405,15.327
baseline,3,406,15.4168
baseline,3,407,15.5745
baseline,3,408,15.9427
baseline,3,409,15.6155
baseline,3,410,15.3763
baseline,3,411,15.382
baseline,3,412,15.5453
baseline,3,413,15.4763
baseline,3,414,15.4597
baseline,3,415,15.5574
baseline,3,416,15.4577
baseline,3,417,15.4841
baseline,3,418,15.5786
baseline,3,419,15.6674
baseline,3,420,15.6668
baseline,3,421,15.7114
baseline,3,422,16.0616
baseline,3,423,15.3285
baseline,3,424,15.5765
baseline,3,425,15.455
baseline,3,426,15.6006
baseline,3,427,15.628
baseline,3,428,15.349
baseline,3,429,15.5525
baseline,3,430,15.3199
baseline,3,431,15.6588
baseline,3,432,15.576
baseline,3,433,15.8409
baseline,3,434,15.6779
baseline,3,435,15.7314
baseline,3,436,15.581
baseline,3,437,15.9246
baseline,3,438,15.6786
baseline,3,439,15.4394
baseline,3,440,15.7755
baseline,3,441,15.7156
baseline,3,442,15.8
baseline,3,443,15.7793
baseline,3,444,15.8291
baseline,3,445,15.5703
baseline,3,446,15.7485
baseline,3,447,16.0509
baseline,3,448,15.9904
baseline,3,449,16.1275
baseline,3,450,15.815
baseline,3,451,15.8384
baseline,3,452,15.8575
baseline,3,453,15.6043
baseline,3,454,15.9025
baseline,3,455,16.8101
baseline,3,456,16.0634
baseline,3,457,15.8741
baseline,3,458,16.1782
baseline,3,459,16.2627
baseline,3,460,16.1325
baseline,3,461,16.5666
baseline,3,462,16.0795
baseline,3,463,16.0553
baseline,3,464,16.1474
baseline,3,465,16.1216
baseline,3,466,15.8316
baseline,3,467,16.179
baseline,3,468,16.2035
baseline,3,469,15.8901
baseline,3,470,16.0593
baseline,3,471,16.1088
baseline,3,472,16.7269
baseline,3,473,16.6312
baseline,3,474,16.9298
baseline,3,475,16.337
baseline,3,476,16.3322
baseline,3,477,17.0935
baseline,3,478,16.8578
baseline,3,479,16.5038
baseline,3,480,17.1237
baseline,3,481,16.6806
baseline,3,482,16.7214
baseline,3,483,16.8887
baseline,3,484,17.1007
baseline,3,485,16.5986
baseline,3,486,16.4548
baseline,3,487,16.9359
baseline,3,488,16.465
baseline,3,489,16.9593
baseline,3,490,16.5481
baseline,3,491,16.8818
baseline,3,492,16.8331
baseline,3,493,16.6492
baseline,3,494,16.7066
baseline,3,495,16.8206
baseline,3,496,16.7139
baseline,3,497,16.8481
baseline,3,498,16.9074
baseline,3,499,16.7275
baseline,3,500,17.3442
baseline,3,501,16.4199
baseline,3,502,16.6926
baseline,3,503,17.3843
baseline,3,504,17.0468
baseline,3,505,16.9164
baseline,3,506,16.8107
baseline,3,507,17.1758
baseline,3,508,16.961
baseline,3,509,16.5773
baseline,3,510,16.8113
baseline,3,511,16.6295
baseline,3,512,16.8861
baseline,3,513,17.0583
baseline,3,514,16.4798
baseline,3,515,16.4282
baseline,3,516,17.1244
baseline,3,517,16.8804
baseline,3,518,16.7045
baseline,3,519,16.6109
baseline,3,520,16.5544
baseline,3,521,16.6567
baseline,3,522,16.5889
baseline,3,523,16.4796
baseline,3,524,16.4447
baseline,3,525,16.8821
baseline,3,526,16.6891
baseline,3,527,16.7265
baseline,3,528,16.6233
baseline,3,529,16.6164
baseline,3,530,16.8708
baseline,3,531,16.9827
baseline,3,532,16.9061
baseline,3,533,16.822
baseline,3,534,17.1061
baseline,3,535,16.8779
baseline,3,536,16.5067
baseline,3,537,16.3237
baseline,3,538,16.5941
baseline,3,539,16.9657
baseline,3,540,16.7795
baseline,3,541,17.1928
baseline,3,542,16.5822
baseline,3,543,16.7035
baseline,3,544,16.5368
baseline,3,545,16.4208
baseline,3,546,16.808
baseline,3,547,16.7077
baseline,3,548,16.8188
baseline,3,549,16.5946
baseline,3,550,16.7245
baseline,3,551,16.815
baseline,3,552,16.6015
baseline,3,553,16.7081
baseline,3,554,16.4435
baseline,3,555,16.9017
baseline,3,556,16.9166
baseline,3,557,16.4316
baseline,3,558,16.615
baseline,3,559,16.4079
baseline,3,560,17.0363
baseline,3,561,16.4879
baseline,3,562,16.8297
baseline,3,563,16.1538
baseline,3,564,16.5117
baseline,3,565,16.9338
baseline,3,566,16.6532
baseline,3,567,16.166
baseline,3,568,16.5873
baseline,3,569,16.4906
baseline,3,570,16.4059
baseline,3,571,16.5558
baseline,3,572,16.6456
baseline,3,573,16.5026
baseline,3,574,17.1183
baseline,3,575,16.5988
baseline,3,576,17.2622
baseline,3,577,17.5342
baseline,3,578,16.5737
baseline,3,579,16.8938
baseline,3,580,16.5712
baseline,3,581,16.596
baseline,3,582,16.6138
baseline,3,583,16.3601
baseline,3,584,16.8403
baseline,3,585,16.8782
baseline,3,586,16.4405
baseline,3,587,16.6656
baseline,3,588,16.7677
baseline,3,589,16.4432
baseline,3,590,16.4288
baseline,3,591,16.8857
baseline,3,592,16.8633
baseline,3,593,16.6762
baseline,3,594,16.6161
baseline,3,595,16.6432
baseline,3,596,16.2555
baseline,3,597,16.7597
baseline,3,598,16.61
baseline,3,599,16.8433
baseline,4,0,57.5032
baseline,4,1,10.574
baseline,4,2,10.6658
baseline,4,3,10.8032
baseline,4,4,10.7136
baseline,4,5,10.5395
baseline,4,6,10.5989
baseline,4,7,11.1347
baseline,4,8,11.0535
baseline,4,9,10.9449
baseline,4,10,11.2282
baseline,4,11,11.0969
baseline,4,12,10.9798
baseline,4,13,11.2471
baseline,4,14,10.7788
baseline,4,15,11.2865
baseline,4,16,11.0447
baseline,4,17,11.1022
baseline,4,18,11.1207
baseline,4,19,10.9259
baseline,4,20,10.9185
baseline,4,21,11.193
baseline,4,22,11.2199
baseline,4,23,11.052
baseline,4,24,11.1431
baseline,4,25,11.342
baseline,4,26,11.0804
baseline,4,27,11.5855
baseline,4,28,11.36
baseline,4,29,10.9844
baseline,4,30,10.9908
baseline,4,31,11.2309
baseline,4,32,11.1863
baseline,4,33,11.2032
baseline,4,34,10.7338
baseline,4,35,11.3324
baseline,4,36,11.3271
baseline,4,37,11.0848
baseline,4,38,11.4845
baseline,4,39,11.524
baseline,4,40,11.0482
baseline,4,41,11.0987
baseline,4,42,11.3335
baseline,4,43,11.6303
baseline,4,44,11.5041
baseline,4,45,11.2326
baseline,4,46,11.3131
baseline,4,47,11.5178
baseline,4,48,11.6281
baseline,4,49,11.7133
baseline,4,50,11.4391
baseline,4,51,11.3182
baseline,4,52,11.349
baseline,4,53,11.6563
baseline,4,54,11.5599
baseline,4,55,11.5765
baseline,4,56,11.4332
baseline,4,57,11.6563
baseline,4,58,11.7297
baseline,4,59,11.5457
baseline,4,60,11.2612
baseline,4,61,11.1943
baseline,4,62,11.573
baseline,4,63,11.3892
baseline,4,64,11.6051
baseline,4,65,11.6325
baseline,4,66,11.5072
baseline,4,67,11.7426
baseline,4,68,11.596
baseline,4,69,11.7148
baseline,4,70,11.6115
baseline,4,71,11.7628
baseline,4,72,11.6073
baseline,4,73,11.4877
baseline,4,74,11.694
baseline,4,75,11.8944
baseline,4,76,11.5071
baseline,4,77,11.7924
baseline,4,78,11.6884
baseline,4,79,11.6561
baseline,4,80,11.8124
baseline,4,81,11.7154
baseline,4,82,11.5003
baseline,4,83,11.7023
baseline,4,84,11.9445
baseline,4,85,11.7429
baseline,4,86,12.0278
baseline,4,87,11.8181
baseline,4,88,11.6218
baseline,4,89,11.966
baseline,4,90,11.9311
baseline,4,91,11.8099
baseline,4,92,12.0197
baseline,4,93,11.6245
baseline,4,94,12.112
baseline,4,95,11.7928
baseline,4,96,11.7933
baseline,4,97,11.4756
baseline,4,98,11.7837
baseline,4,99,11.9418
baseline,4,100,11.8461
baseline,4,101,12.0039
baseline,4,102,11.9532
baseline,4,103,11.9764
baseline,4,104,12.2
baseline,4,105,12.1881
baseline,4,106,12.1532
baseline,4,107,11.9231
baseline,4,108,11.8526
baseline,4,109,12.034
baseline,4,110,12.113
baseline,4,111,11.958
baseline,4,112,11.7321
baseline,4,113,12.1447
baseline,4,114,11.8634
baseline,4,115,12.2499
baseline,4,116,12.3945
baseline,4,117,12.3864
baseline,4,118,12.2513
baseline,4,119,11.9834
baseline,4,120,12.0365
baseline,4,121,12.0117
baseline,4,122,12.3284
baseline,4,123,12.3123
baseline,4,124,12.3802
baseline,4,125,12.1279
baseline,4,126,12.4817
baseline,4,127,12.387
baseline,4,128,12.3099
baseline,4,129,12.2537
baseline,4,130,12.0271
baseline,4,131,12.5415
baseline,4,132,12.3265
baseline,4,133,12.3115
baseline,4,134,12.3768
baseline,4,135,12.3733
baseline,4,136,12.3872
baseline,4,137,13.3584
baseline,4,138,12.764
baseline,4,139,12.5726
baseline,4,140,12.431
baseline,4,141,12.4545
baseline,4,142,12.3544
baseline,4,143,12.5893
baseline,4,144,12.781
baseline,4,145,12.5131
baseline,4,146,12.3775
baseline,4,147,12.4115
baseline,4,148,12.753
baseline,4,149,12.5515
baseline,4,150,12.4864
baseline,4,151,12.2656
baseline,4,152,12.5743
baseline,4,153,12.8595
baseline,4,154,12.71
baseline,4,155,12.7803
baseline,4,156,12.7666
baseline,4,157,13.1251
baseline,4,158,12.5119
baseline,4,159,12.5524
baseline,4,160,12.5031
baseline,4,161,12.5454
baseline,4,162,12.886
baseline,4,163,12.663
baseline,4,164,12.8553
baseline,4,165,12.5052
baseline,4,166,13.0368
baseline,4,167,12.6888
baseline,4,168,12.6553
baseline,4,169,12.6545
baseline,4,170,13.0132
baseline,4,171,12.72
baseline,4,172,12.882
baseline,4,173,12.7717
baseline,4,174,12.671
baseline,4,175,12.7617
baseline,4,176,13.2783
baseline,4,177,12.8173
baseline,4,178,12.8309
baseline,4,179,13.0247
baseline,4,180,13.0388
baseline,4,181,12.6352
baseline,4,182,13.005
baseline,4,183,13.1184
baseline,4,184,13.2628
baseline,4,185,12.9381
baseline,4,186,13.678
baseline,4,187,13.1004
baseline,4,188,13.5242
baseline,4,189,12.6403
baseline,4,190,13.1737
baseline,4,191,13.1346
baseline,4,192,12.7218
baseline,4,193,12.9493
baseline,4,194,13.0103
baseline,4,195,13.1192
baseline,4,196,13.3493
baseline,4,197,13.2202
baseline,4,198,13.326
baseline,4,199,13.1923
baseline,4,200,13.512
baseline,4,201,13.1026
baseline,4,202,13.3347
baseline,4,203,13.308
baseline,4,204,13.066
baseline,4,205,12.8675
baseline,4,206,12.9319
baseline,4,207,13.2297
baseline,4,208,13.5136
baseline,4,209,13.4559
baseline,4,210,13.342
baseline,4,211,13.0686
baseline,4,212,13.3631
baseline,4,213,13.1568
baseline,4,214,13.0941
baseline,4,215,13.316
baseline,4,216,13.4393
baseline,4,217,13.2457
baseline,4,218,13.5846
baseline,4,219,13.183
baseline,4,220,13.4526
baseline,4,221,13.3092
baseline,4,222,13.2465
baseline,4,223,13.2357
baseline,4,224,13.519
baseline,4,225,13.1607
baseline,4,226,13.4358
baseline,4,227,13.3843
baseline,4,228,13.394
baseline,4,229,13.6912
baseline,4,230,13.3566
baseline,4,231,13.7371
baseline,4,232,13.011
baseline,4,233,13.6335
baseline,4,234,12.9495
baseline,4,235,13.4578
baseline,4,236,13.2637
baseline,4,237,13.3332
baseline,4,238,13.4858
baseline,4,239,13.5516
baseline,4,240,13.6615
baseline,4,241,13.6405
baseline,4,242,13.5356
baseline,4,243,13.4382
baseline,4,244,13.4961
baseline,4,245,13.5727
baseline,4,246,13.3176
baseline,4,247,13.6853
baseline,4,248,13.5962
baseline,4,249,13.802
baseline,4,250,13.8068
baseline,4,251,13.3135
baseline,4,252,13.956
baseline,4,253,13.9276
baseline,4,254,13.6443
baseline,4,255,13.2653
baseline,4,256,13.427
baseline,4,257,13.795
baseline,4,258,13.8513
baseline,4,259,13.9712
baseline,4,260,13.7355
baseline,4,261,13.903
baseline,4,262,13.8079
baseline,4,263,13.7955
baseline,4,264,13.6584
baseline,4,265,13.4924
baseline,4,266,13.7656
baseline,4,267,14.3063
baseline,4,268,13.8242
baseline,4,269,14.7206
baseline,4,270,13.9734
baseline,4,271,13.9724
baseline,4,272,14.142
baseline,4,273,14.2029
baseline,4,274,13.721
baseline,4,275,14.3972
baseline,4,276,13.9155
baseline,4,277,14.187
baseline,4,278,13.8362
baseline,4,279,13.8245
baseline,4,280,13.9162
baseline,4,281,13.7915
baseline,4,282,14.4195
baseline,4,283,14.3652
baseline,4,284,13.9101
baseline,4,285,13.834
baseline,4,286,13.986
baseline,4,287,13.687
baseline,4,288,14.3692
baseline,4,289,15.2413
baseline,4,290,14.1773
baseline,4,291,14.084
baseline,4,292,13.7708
baseline,4,293,14.2275
baseline,4,294,13.8255
baseline,4,295,14.1984
baseline,4,296,14.2492
baseline,4,297,14.0972
baseline,4,298,14.0255
baseline,4,299,14.3337
baseline,4,300,13.7693
baseline,4,301,14.3135
baseline,4,302,14.0114
baseline,4,303,14.2913
baseline,4,304,14.2674
baseline,4,305,14.1233
baseline,4,306,14.1531
baseline,4,307,14.1822
baseline,4,308,14.2562
baseline,4,309,14.1121
baseline,4,310,14.2924
baseline,4,311,14.4395
baseline,4,312,14.5702
baseline,4,313,14.3131
baseline,4,314,14.2906
baseline,4,315,14.2976
baseline,4,316,14.5507
baseline,4,317,14.5422
baseline,4,318,14.9879
baseline,4,319,14.4243
baseline,4,320,14.4223
baseline,4,321,14.4876
baseline,4,322,14.4254
baseline,4,323,14.7241
baseline,4,324,14.4775
baseline,4,325,14.5705
baseline,4,326,14.6612
baseline,4,327,14.5845
baseline,4,328,14.54
baseline,4,329,14.591
baseline,4,330,14.7818
baseline,4,331,14.2566
baseline,4,332,14.5235
baseline,4,333,14.4802
baseline,4,334,14.9336
baseline,4,335,14.6887
baseline,4,336,13.9898
baseline,4,337,14.7709
baseline,4,338,14.2964
baseline,4,339,14.6296
baseline,4,340,14.5445
baseline,4,341,14.5955
baseline,4,342,14.659
baseline,4,343,14.9425
baseline,4,344,14.6359
baseline,4,345,14.4868
baseline,4,346,14.8756
baseline,4,347,14.6034
baseline,4,348,14.6879
baseline,4,349,14.9136
baseline,4,350,15.0035
baseline,4,351,14.9618
baseline,4,352,14.8653
baseline,4,353,14.9228
baseline,4,354,14.8422
baseline,4,355,14.623
baseline,4,356,14.7501
baseline,4,357,15.012
baseline,4,358,14.6275
baseline,4,359,14.6671
baseline,4,360,15.1917
baseline,4,361,14.7827
baseline,4,362,14.6567
baseline,4,363,14.8008
baseline,4,364,15.0096
baseline,4,365,15.1022
baseline,4,366,14.951
baseline,4,367,15.0708
baseline,4,368,14.9399
baseline,4,369,14.7347
baseline,4,370,14.932
baseline,4,371,15.0751
baseline,4,372,14.9957
baseline,4,373,14.8024
baseline,4,374,14.9153
baseline,4,375,14.8851
baseline,4,376,15.2222
baseline,4,377,15.2335
baseline,4,378,15.0082
baseline,4,379,15.0765
baseline,4,380,15.1623
baseline,4,381,14.8555
baseline,4,382,14.9031
baseline,4,383,15.1062
baseline,4,384,15.0016
baseline,4,385,15.0473
baseline,4,386,14.9682
baseline,4,387,15.2078
baseline,4,388,14.852
baseline,4,389,14.9406
baseline,4,390,15.4729
baseline,4,391,15.071
baseline,4,392,15.1849
baseline,4,393,15.3107
baseline,4,394,15.1075
baseline,4,395,15.1957
baseline,4,396,15.234
baseline,4,397,15.2808
baseline,4,398,15.3506
baseline,4,399,15.1796
baseline,4,400,14.9886
baseline,4,401,15.3224
baseline,4,402,14.942
baseline,4,403,15.5548
baseline,4,404,14.9565
baseline,4,405,15.4795
baseline,4,406,15.2373
baseline,4,407,15.2768
baseline,4,408,15.8289
baseline,4,409,14.9553
baseline,4,410,15.4574
baseline,4,411,15.2593
baseline,4,412,15.5668
baseline,4,413,15.7325
baseline,4,414,15.3876
baseline,4,415,16.1816
baseline,4,416,15.4495
baseline,4,417,15.2803
baseline,4,418,15.5859
baseline,4,419,15.5445
baseline,4,420,15.5207
baseline,4,421,15.1749
baseline,4,422,15.7293
baseline,4,423,15.5079
baseline,4,424,15.4415
baseline,4,425,17.0472
baseline,4,426,15.832
baseline,4,427,15.4004
baseline,4,428,15.7168
baseline,4,429,15.3788
baseline,4,430,15.2979
baseline,4,431,15.5127
baseline,4,432,15.4693
baseline,4,433,15.6415
baseline,4,434,15.4386
baseline,4,435,15.8213
baseline,4,436,15.822
baseline,4,437,15.7681
baseline,4,438,15.556
baseline,4,439,15.9507
baseline,4,440,15.972
baseline,4,441,15.5187
baseline,4,442,15.8653
baseline,4,443,15.88
baseline,4,444,15.7697
baseline,4,445,15.819
baseline,4,446,15.6871
baseline,4,447,16.0695
baseline,4,448,15.5717
baseline,4,449,15.891
baseline,4,450,16.0785
baseline,4,451,15.8429
baseline,4,452,15.8365
baseline,4,453,15.9339
baseline,4,454,15.8557
baseline,4,455,15.9947
baseline,4,456,15.8724
baseline,4,457,15.9475
baseline,4,458,15.8103
baseline,4,459,15.929
baseline,4,460,16.021
baseline,4,461,16.0367
baseline,4,462,15.8359
baseline,4,463,15.7474
baseline,4,464,16.1561
baseline,4,465,15.9498
baseline,4,466,15.9587
baseline,4,467,16.1526
baseline,4,468,16.3145
baseline,4,469,16.1102
baseline,4,470,15.7538
baseline,4,471,16.196
baseline,4,472,16.8505
baseline,4,473,16.6036
baseline,4,474,17.0632
baseline,4,475,16.7217
baseline,4,476,16.9235
baseline,4,477,16.8397
baseline,4,478,16.6277
baseline,4,479,16.254
baseline,4,480,16.7448
baseline,4,481,17.0616
baseline,4,482,16.5063
baseline,4,483,16.9649
baseline,4,484,17.1055
baseline,4,485,16.659
baseline,4,486,16.6772
baseline,4,487,16.8231
baseline,4,488,16.6849
baseline,4,489,16.733
baseline,4,490,16.7171
baseline,4,491,16.6551
baseline,4,492,16.5362
baseline,4,493,16.9098
baseline,4,494,16.7982
baseline,4,495,16.8627
baseline,4,496,16.2548
baseline,4,497,16.6937
baseline,4,498,16.7545
baseline,4,499,16.6905
baseline,4,500,16.7602
baseline,4,501,16.6725
baseline,4,502,16.6701
baseline,4,503,16.8766
baseline,4,504,16.7456
baseline,4,505,16.5866
baseline,4,506,16.454
baseline,4,507,16.7981
baseline,4,508,16.8878
baseline,4,509,17.0255
baseline,4,510,17.0999
baseline,4,511,16.6978
baseline,4,512,16.7158
baseline,4,513,16.9133
baseline,4,514,16.5338
baseline,4,515,16.5533
baseline,4,516,16.6185
baseline,4,517,16.6985
baseline,4,518,16.7918
baseline,4,519,16.9704
baseline,4,520,16.7763
baseline,4,521,16.7117
baseline,4,522,20.8348
baseline,4,523,20.247
baseline,4,524,18.4945
baseline,4,525,17.7741
baseline,4,526,16.7567
baseline,4,527,16.7067
baseline,4,528,16.791
baseline,4,529,16.6535
baseline,4,530,16.7814
baseline,4,531,17.0385
baseline,4,532,16.7153
baseline,4,533,16.7141
baseline,4,534,16.6911
baseline,4,535,16.7052
baseline,4,536,16.7832
baseline,4,537,16.485
baseline,4,538,16.7018
baseline,4,539,16.6946
baseline,4,540,16.8457
baseline,4,541,16.6532
baseline,4,542,17.0637
baseline,4,543,16.7146
baseline,4,544,16.4481
baseline,4,545,17.6967
baseline,4,546,17.8957
baseline,4,547,17.7293
baseline,4,548,16.6487
baseline,4,549,17.2979
baseline,4,550,16.6724
baseline,4,551,16.921
baseline,4,552,17.9414
baseline,4,553,16.9993
baseline,4,554,16.7756
baseline,4,555,17.002
baseline,4,556,16.4177
baseline,4,557,16.324
baseline,4,558,16.6084
baseline,4,559,16.8685
baseline,4,560,16.7231
baseline,4,561,16.3466
baseline,4,562,16.5801
baseline,4,563,16.9225
baseline,4,564,16.5517
baseline,4,565,16.691
baseline,4,566,16.8238
baseline,4,567,16.8585
baseline,4,568,16.3096
baseline,4,569,16.7214
baseline,4,570,16.3788
baseline,4,571,16.7542
baseline,4,572,16.7128
baseline,4,573,16.6924
baseline,4,574,16.4582
baseline,4,575,16.5886
baseline,4,576,16.5604
baseline,4,577,16.7985
baseline,4,578,16.7327
baseline,4,579,16.6814
baseline,4,580,16.9309
baseline,4,581,16.5775
baseline,4,582,16.6403
baseline,4,583,16.7855
baseline,4,584,16.6244
baseline,4,585,16.6265
baseline,4,586,16.7277
baseline,4,587,16.7409
baseline,4,588,16.7144
baseline,4,589,17.1098
baseline,4,590,16.7869
baseline,4,591,16.9782
baseline,4,592,16.8916
baseline,4,593,16.8115
baseline,4,594,16.7112
baseline,4,595,16.8621
baseline,4,596,17.0004
baseline,4,597,16.605
baseline,4,598,16.7959
baseline,4,599,16.8553
interleaved,4,0,58.0576
interleaved,4,1,10.7867
interleaved,4,2,10.7521
interleaved,4,3,10.9105
interleaved,4,4,10.7076
interleaved,4,5,10.45
interleaved,4,6,10.7548
interleaved,4,7,11.0584
interleaved,4,8,10.8084
interleaved,4,9,11.0226
interleaved,4,10,10.9581
interleaved,4,11,11.0098
interleaved,4,12,10.6182
interleaved,4,13,11.0316
interleaved,4,14,11.0238
interleaved,4,15,11.0259
interleaved,4,16,10.9163
interleaved,4,17,11.0042
interleaved,4,18,11.1767
interleaved,4,19,11.0605
interleaved,4,20,11.1579
interleaved,4,21,11.1512
interleaved,4,22,11.0178
interleaved,4,23,11.0923
interleaved,4,24,11.1051
interleaved,4,25,11.0151
interleaved,4,26,10.9811
interleaved,4,27,11.0471
interleaved,4,28,11.277
interleaved,4,29,11.2093
interleaved,4,30,11.4116
interleaved,4,31,10.9933
interleaved,4,32,11.2396
interleaved,4,33,11.4916
interleaved,4,34,11.2906
interleaved,4,35,11.0712
interleaved,4,36,11.1945
interleaved,4,37,11.4776
interleaved,4,38,11.0665
interleaved,4,39,11.4091
interleaved,4,40,11.0692
interleaved,4,41,11.3603
interleaved,4,42,11.1303
interleaved,4,43,11.2427
interleaved,4,44,11.2161
interleaved,4,45,11.2787
interleaved,4,46,11.2808
interleaved,4,47,11.387
interleaved,4,48,11.3353
interleaved,4,49,11.2361
interleaved,4,50,11.4595
interleaved,4,51,11.1918
interleaved,4,52,11.5688
interleaved,4,53,11.2163
interleaved,4,54,11.436
interleaved,4,55,11.7252
interleaved,4,56,11.6654
interleaved,4,57,11.4194
interleaved,4,58,11.2793
interleaved,4,59,11.5117
interleaved,4,60,11.4652
interleaved,4,61,11.3335
interleaved,4,62,11.6886
interleaved,4,63,11.7262
interleaved,4,64,11.4799
interleaved,4,65,11.4454
interleaved,4,66,11.6665
interleaved,4,67,11.4894
interleaved,4,68,11.796
interleaved,4,69,11.3355
interleaved,4,70,11.5318
interleaved,4,71,11.3398
interleaved,4,72,11.638
interleaved,4,73,11.4006
interleaved,4,74,11.4984
interleaved,4,75,11.635
interleaved,4,76,11.703
interleaved,4,77,11.3691
interleaved,4,78,11.1917
interleaved,4,79,11.6645
interleaved,4,80,11.7515
interleaved,4,81,11.7419
interleaved,4,82,11.9582
interleaved,4,83,11.3537
interleaved,4,84,11.7095
interleaved,4,85,11.6023
interleaved,4,86,12.2643
interleaved,4,87,11.5648
interleaved,4,88,11.637
interleaved,4,89,11.6047
interleaved,4,90,11.824
interleaved,4,91,11.8368
interleaved,4,92,11.6973
interleaved,4,93,11.7677
interleaved,4,94,11.5982
interleaved,4,95,11.7862
interleaved,4,96,12.5535
interleaved,4,97,19.3131
interleaved,4,98,11.8791
interleaved,4,99,11.982
interleaved,4,100,11.9361
interleaved,4,101,11.925
interleaved,4,102,11.8645
interleaved,4,103,12.0262
interleaved,4,104,11.9842
interleaved,4,105,11.9185
interleaved,4,106,11.6001
interleaved,4,107,11.816
interleaved,4,108,12.0706
interleaved,4,109,11.9669
interleaved,4,110,11.8942
interleaved,4,111,11.8045
interleaved,4,112,12.1392
interleaved,4,113,12.0042
interleaved,4,114,11.9767
interleaved,4,115,12.1203
interleaved,4,116,12.0875
interleaved,4,117,12.2037
interleaved,4,118,12.0291
interleaved,4,119,11.8637
interleaved,4,120,11.7862
interleaved,4,121,11.9929
interleaved,4,122,11.8118
interleaved,4,123,11.9674
interleaved,4,124,11.8078
interleaved,4,125,11.961
interleaved,4,126,12.0618
interleaved,4,127,12.2463
interleaved,4,128,12.0144
interleaved,4,129,11.8875
interleaved,4,130,12.2142
interleaved,4,131,12.5881
interleaved,4,132,12.5096
interleaved,4,133,12.2632
interleaved,4,134,12.3212
interleaved,4,135,12.321
interleaved,4,136,12.3604
interleaved,4,137,12.1415
interleaved,4,138,12.1611
interleaved,4,139,12.0995
interleaved,4,140,12.4062
interleaved,4,141,12.1059
interleaved,4,142,12.2151
interleaved,4,143,12.13
interleaved,4,144,12.3429
interleaved,4,145,12.1662
interleaved,4,146,12.4167
interleaved,4,147,11.9779
interleaved,4,148,12.1299
interleaved,4,149,12.4853
interleaved,4,150,12.3551
interleaved,4,151,12.4471
interleaved,4,152,12.4025
interleaved,4,153,12.2055
interleaved,4,154,12.3142
interleaved,4,155,12.264
interleaved,4,156,12.5371
interleaved,4,157,12.3959
interleaved,4,158,12.2701
interleaved,4,159,12.487
interleaved,4,160,12.3829
interleaved,4,161,12.3338
interleaved,4,162,12.7071
interleaved,4,163,12.8198
interleaved,4,164,12.2045
interleaved,4,165,12.5352
interleaved,4,166,12.3782
interleaved,4,167,12.9261
interleaved,4,168,12.3712
interleaved,4,169,12.4791
interleaved,4,170,12.2147
interleaved,4,171,12.5102
interleaved,4,172,12.6403
interleaved,4,173,12.521
interleaved,4,174,12.2551
interleaved,4,175,12.2414
interleaved,4,176,12.6455
interleaved,4,177,12.4565
interleaved,4,178,12.7679
interleaved,4,179,12.8903
interleaved,4,180,12.723
interleaved,4,181,12.6787
interleaved,4,182,13.095
interleaved,4,183,12.8871
interleaved,4,184,12.84
interleaved,4,185,12.994
interleaved,4,186,12.9585
interleaved,4,187,12.7027
interleaved,4,188,12.7338
interleaved,4,189,13.1327
interleaved,4,190,12.7978
interleaved,4,191,12.7283
interleaved,4,192,12.5768
interleaved,4,193,13.7342
interleaved,4,194,13.6872
interleaved,4,195,12.7565
interleaved,4,196,12.9509
interleaved,4,197,12.635
interleaved,4,198,13.1526
interleaved,4,199,12.7741
interleaved,4,200,12.7894
interleaved,4,201,13.2111
interleaved,4,202,13.0445
interleaved,4,203,13.053
interleaved,4,204,13.6967
interleaved,4,205,12.7256
interleaved,4,206,12.7314
interleaved,4,207,12.9073
interleaved,4,208,13.0891
interleaved,4,209,12.9201
interleaved,4,210,13.0731
interleaved,4,211,12.9669
interleaved,4,212,12.8059
interleaved,4,213,13.2514
interleaved,4,214,13.1906
interleaved,4,215,13.0777
interleaved,4,216,13.0087
interleaved,4,217,12.8286
interleaved,4,218,13.4613
interleaved,4,219,13.1268
interleaved,4,220,12.9687
interleaved,4,221,12.9258
interleaved,4,222,12.9656
interleaved,4,223,13.0772
interleaved,4,224,13.0793
interleaved,4,225,12.6836
interleaved,4,226,13.1562
interleaved,4,227,13.324
interleaved,4,228,13.2021
interleaved,4,229,13.372
interleaved,4,230,13.1994
interleaved,4,231,13.3558
interleaved,4,232,13.1361
interleaved,4,233,13.289
interleaved,4,234,13.066
interleaved,4,235,13.2863
interleaved,4,236,13.0707
interleaved,4,237,13.4029
interleaved,4,238,13.0271
interleaved,4,239,13.172
interleaved,4,240,13.284
interleaved,4,241,13.3174
interleaved,4,242,13.4262
interleaved,4,243,13.8097
interleaved,4,244,13.1324
interleaved,4,245,13.079
interleaved,4,246,13.1817
interleaved,4,247,13.5023
interleaved,4,248,13.3265
interleaved,4,249,13.4269
interleaved,4,250,13.534
interleaved,4,251,13.8458
interleaved,4,252,13.5262
interleaved,4,253,13.635
interleaved,4,254,13.3895
interleaved,4,255,13.5913
interleaved,4,256,14.2342
interleaved,4,257,13.8
interleaved,4,258,13.3254
interleaved,4,259,13.9487
interleaved,4,260,13.3052
interleaved,4,261,13.5222
interleaved,4,262,13.508
interleaved,4,263,13.7031
interleaved,4,264,13.7119
interleaved,4,265,13.6312
interleaved,4,266,13.665
interleaved,4,267,13.5211
interleaved,4,268,13.6625
interleaved,4,269,13.5866
interleaved,4,270,13.702
interleaved,4,271,13.683
interleaved,4,272,13.6636
interleaved,4,273,13.474
interleaved,4,274,13.6308
interleaved,4,275,13.5793
interleaved,4,276,13.6296
interleaved,4,277,13.589
interleaved,4,278,13.6662
interleaved,4,279,13.9572
interleaved,4,280,13.9464
interleaved,4,281,13.6985
interleaved,4,282,13.9219
interleaved,4,283,13.6462
interleaved,4,284,13.8458
interleaved,4,285,13.7172
interleaved,4,286,13.701
interleaved,4,287,13.785
interleaved,4,288,13.455
interleaved,4,289,13.5635
interleaved,4,290,13.6452
interleaved,4,291,13.6043
interleaved,4,292,13.782
interleaved,4,293,13.6294
interleaved,4,294,13.6589
interleaved,4,295,13.7767
interleaved,4,296,13.856
interleaved,4,297,13.7364
interleaved,4,298,13.6843
interleaved,4,299,13.9125
interleaved,4,300,13.9337
interleaved,4,301,14.107
interleaved,4,302,13.8141
interleaved,4,303,14.3419
interleaved,4,304,13.9641
interleaved,4,305,14.1182
interleaved,4,306,14.08
interleaved,4,307,14.355
interleaved,4,308,13.9823
interleaved,4,309,14.0926
interleaved,4,310,14.4441
interleaved,4,311,14.3198
interleaved,4,312,14.0765
interleaved,4,313,14.2204
interleaved,4,314,14.0388
interleaved,4,315,14.0116
interleaved,4,316,14.389
interleaved,4,317,13.9471
interleaved,4,318,14.1672
interleaved,4,319,14.3645
interleaved,4,320,14.2587
interleaved,4,321,13.9705
interleaved,4,322,14.0855
interleaved,4,323,14.4225
interleaved,4,324,14.2272
interleaved,4,325,14.429
interleaved,4,326,14.2341
interleaved,4,327,14.588
interleaved,4,328,13.9627
interleaved,4,329,14.4695
interleaved,4,330,14.4611
interleaved,4,331,14.4331
interleaved,4,332,14.3125
interleaved,4,333,14.8763
interleaved,4,334,14.295
interleaved,4,335,14.5083
interleaved,4,336,14.2419
interleaved,4,337,14.214
interleaved,4,338,14.433
interleaved,4,339,14.2986
interleaved,4,340,14.3231
interleaved,4,341,14.2385
interleaved,4,342,14.137
interleaved,4,343,14.1514
interleaved,4,344,14.3326
interleaved,4,345,14.1609
interleaved,4,346,14.495
interleaved,4,347,14.5306
interleaved,4,348,14.464
interleaved,4,349,14.5617
interleaved,4,350,14.6464
interleaved,4,351,14.3817
interleaved,4,352,14.3047
interleaved,4,353,14.2265
interleaved,4,354,14.2881
interleaved,4,355,14.7153
interleaved,4,356,14.0682
interleaved,4,357,14.4815
interleaved,4,358,14.7043
interleaved,4,359,14.3463
interleaved,4,360,14.2366
interleaved,4,361,14.6563
interleaved,4,362,14.3609
interleaved,4,363,14.5445
interleaved,4,364,14.8596
interleaved,4,365,14.4479
interleaved,4,366,14.5412
interleaved,4,367,14.705
interleaved,4,368,14.4881
interleaved,4,369,14.6665
interleaved,4,370,14.2365
interleaved,4,371,14.454
interleaved,4,372,14.5854
interleaved,4,373,14.6333
interleaved,4,374,14.4994
interleaved,4,375,14.3808
interleaved,4,376,14.6738
interleaved,4,377,15.0189
interleaved,4,378,14.4665
interleaved,4,379,15.1523
interleaved,4,380,14.6122
interleaved,4,381,14.926
interleaved,4,382,14.5699
interleaved,4,383,15.1689
interleaved,4,384,14.6801
interleaved,4,385,14.7547
interleaved,4,386,14.7299
interleaved,4,387,14.9807
interleaved,4,388,14.7566
interleaved,4,389,14.6681
interleaved,4,390,14.546
interleaved,4,391,14.8224
interleaved,4,392,15.0578
interleaved,4,393,14.6401
interleaved,4,394,14.6032
interleaved,4,395,14.9087
interleaved,4,396,15.1372
interleaved,4,397,14.9339
interleaved,4,398,15.7173
interleaved,4,399,15.2418
interleaved,4,400,14.8631
interleaved,4,401,14.9595
interleaved,4,402,15.4868
interleaved,4,403,14.9487
interleaved,4,404,14.5673
interleaved,4,405,14.9772
interleaved,4,406,14.9685
interleaved,4,407,14.9368
interleaved,4,408,15.1052
interleaved,4,409,14.9974
interleaved,4,410,15.0823
interleaved,4,411,15.1091
interleaved,4,412,14.8806
interleaved,4,413,15.1802
interleaved,4,414,14.9712
interleaved,4,415,14.8672
interleaved,4,416,15.0144
interleaved,4,417,14.887
interleaved,4,418,15.2784
interleaved,4,419,15.3246
interleaved,4,420,15.0286
interleaved,4,421,15.0777
interleaved,4,422,14.918
interleaved,4,423,15.0577
interleaved,4,424,15.3289
interleaved,4,425,15.4634
interleaved,4,426,15.364
interleaved,4,427,14.9649
interleaved,4,428,15.2713
interleaved,4,429,15.1059
interleaved,4,430,14.727
interleaved,4,431,15.3181
interleaved,4,432,15.284
interleaved,4,433,15.3155
interleaved,4,434,15.1315
interleaved,4,435,15.2963
interleaved,4,436,15.0151
interleaved,4,437,15.1105
interleaved,4,438,15.1459
interleaved,4,439,15.27
interleaved,4,440,15.1705
interleaved,4,441,15.3465
interleaved,4,442,15.4251
interleaved,4,443,15.0546
interleaved,4,444,15.2723
interleaved,4,445,15.2331
interleaved,4,446,15.3657
interleaved,4,447,15.4635
interleaved,4,448,15.7813
interleaved,4,449,15.3764
interleaved,4,450,15.6031
interleaved,4,451,15.454
interleaved,4,452,15.4368
interleaved,4,453,15.8098
interleaved,4,454,15.4947
interleaved,4,455,15.2995
interleaved,4,456,15.5687
interleaved,4,457,15.2713
interleaved,4,458,15.3128
interleaved,4,459,15.3199
interleaved,4,460,15.4423
interleaved,4,461,15.4093
interleaved,4,462,15.5829
interleaved,4,463,15.6682
interleaved,4,464,15.6709
interleaved,4,465,15.7668
interleaved,4,466,15.6309
interleaved,4,467,15.8673
interleaved,4,468,15.5476
interleaved,4,469,15.497
interleaved,4,470,15.5306
interleaved,4,471,15.8092
interleaved,4,472,16.2526
interleaved,4,473,16.1858
interleaved,4,474,16.2868
interleaved,4,475,16.2605
interleaved,4,476,16.4852
interleaved,4,477,16.3066
interleaved,4,478,16.3891
interleaved,4,479,16.1983
interleaved,4,480,16.3173
interleaved,4,481,16.3894
interleaved,4,482,16.4995
interleaved,4,483,15.8876
interleaved,4,484,16.2341
interleaved,4,485,16.2056
interleaved,4,486,16.6431
interleaved,4,487,16.4986
interleaved,4,488,16.2284
interleaved,4,489,16.6543
interleaved,4,490,16.58
interleaved,4,491,16.2468
interleaved,4,492,16.1637
interleaved,4,493,16.0108
interleaved,4,494,16.5645
interleaved,4,495,16.3001
interleaved,4,496,16.0375
interleaved,4,497,16.3199
interleaved,4,498,16.296
interleaved,4,499,16.0174
interleaved,4,500,16.4327
interleaved,4,501,16.3975
interleaved,4,502,16.1342
interleaved,4,503,16.0227
interleaved,4,504,16.4071
interleaved,4,505,16.1941
interleaved,4,506,15.9837
interleaved,4,507,15.8108
interleaved,4,508,16.1727
interleaved,4,509,15.7975
interleaved,4,510,16.4138
interleaved,4,511,16.1293
interleaved,4,512,16.4078
interleaved,4,513,16.3278
interleaved,4,514,16.3461
interleaved,4,515,16.4393
interleaved,4,516,16.0957
interleaved,4,517,16.326
interleaved,4,518,16.3781
interleaved,4,519,16.1363
interleaved,4,520,15.9334
interleaved,4,521,16.3531
interleaved,4,522,16.5001
interleaved,4,523,15.9047
interleaved,4,524,16.3155
interleaved,4,525,16.3503
interleaved,4,526,16.4796
interleaved,4,527,17.3811
interleaved,4,528,16.1107
interleaved,4,529,15.8825
interleaved,4,530,16.6279
interleaved,4,531,16.331
interleaved,4,532,15.9575
interleaved,4,533,15.8003
interleaved,4,534,16.7467
interleaved,4,535,16.7116
interleaved,4,536,16.1775
interleaved,4,537,16.4139
interleaved,4,538,16.2609
interleaved,4,539,15.9296
interleaved,4,540,15.9642
interleaved,4,541,16.2933
interleaved,4,542,16.4148
interleaved,4,543,16.1531
interleaved,4,544,16.373
interleaved,4,545,16.1411
interleaved,4,546,16.1073
interleaved,4,547,16.2886
interleaved,4,548,16.1262
interleaved,4,549,16.354
interleaved,4,550,16.508
interleaved,4,551,15.9789
interleaved,4,552,16.1455
interleaved,4,553,16.4788
interleaved,4,554,16.115
interleaved,4,555,16.0558
interleaved,4,556,16.0376
interleaved,4,557,15.8773
interleaved,4,558,16.304
interleaved,4,559,15.8692
interleaved,4,560,16.9619
interleaved,4,561,16.4576
interleaved,4,562,16.0123
interleaved,4,563,16.1902
interleaved,4,564,16.1617
interleaved,4,565,16.5365
interleaved,4,566,16.1414
interleaved,4,567,16.3664
interleaved,4,568,16.2792
interleaved,4,569,16.3977
interleaved,4,570,16.1383
interleaved,4,571,15.8612
interleaved,4,572,16.109
interleaved,4,573,15.9592
interleaved,4,574,15.6828
interleaved,4,575,15.9904
interleaved,4,576,16.2753
interleaved,4,577,15.9935
interleaved,4,578,16.0064
interleaved,4,579,16.2838
interleaved,4,580,16.1546
interleaved,4,581,16.482
interleaved,4,582,16.0149
interleaved,4,583,16.1364
interleaved,4,584,16.2274
interleaved,4,585,16.015
interleaved,4,586,16.1678
interleaved,4,587,16.1328
interleaved,4,588,16.0471
interleaved,4,589,16.5625
interleaved,4,590,16.3316
interleaved,4,591,16.1285
interleaved,4,592,16.2584
interleaved,4,593,16.2146
interleaved,4,594,16.2586
interleaved,4,595,16.5102
interleaved,4,596,16.4305
interleaved,4,597,15.9642
interleaved,4,598,16.15
interleaved,5,0,58.0008
interleaved,5,1,10.7948
interleaved,5,2,10.721
interleaved,5,3,10.4433
interleaved,5,4,10.6995
interleaved,5,5,10.8021
interleaved,5,6,10.7874
interleaved,5,7,10.9175
interleaved,5,8,11.0083
interleaved,5,9,10.9052
interleaved,5,10,10.7479
interleaved,5,11,10.4379
interleaved,5,12,11.0215
interleaved,5,13,11.1253
interleaved,5,14,11.2186
interleaved,5,15,11.2703
interleaved,5,16,10.7481
interleaved,5,17,11.0474
interleaved,5,18,11.0538
interleaved,5,19,11.0374
interleaved,5,20,11.3737
interleaved,5,21,10.827
interleaved,5,22,11.1935
interleaved,5,23,11.0165
interleaved,5,24,11.1098
interleaved,5,25,11.1043
interleaved,5,26,11.1217
interleaved,5,27,11.1546
interleaved,5,28,11.2073
interleaved,5,29,11.4855
interleaved,5,30,11.2777
interleaved,5,31,11.1022
interleaved,5,32,10.941
interleaved,5,33,11.2916
interleaved,5,34,11.2653
interleaved,5,35,11.2268
interleaved,5,36,11.1378
interleaved,5,37,11.5319
interleaved,5,38,11.5924
interleaved,5,39,11.3742
interleaved,5,40,11.2605
interleaved,5,41,11.2197
interleaved,5,42,11.2064
interleaved,5,43,10.9503
interleaved,5,44,11.2853
interleaved,5,45,11.1612
interleaved,5,46,11.151
interleaved,5,47,11.3149
interleaved,5,48,11.5423
interleaved,5,49,11.3074
interleaved,5,50,11.3265
interleaved,5,51,11.7052
interleaved,5,52,11.424
interleaved,5,53,11.1933
interleaved,5,54,11.4822
interleaved,5,55,11.6841
interleaved,5,56,10.9047
interleaved,5,57,11.6425
interleaved,5,58,11.6025
interleaved,5,59,11.3759
interleaved,5,60,11.4124
interleaved,5,61,11.6424
interleaved,5,62,11.4945
interleaved,5,63,11.503
interleaved,5,64,11.522
interleaved,5,65,11.2775
interleaved,5,66,11.266
interleaved,5,67,11.6275
interleaved,5,68,11.4387
interleaved,5,69,11.4368
interleaved,5,70,12.2987
interleaved,5,71,11.8122
interleaved,5,72,11.5361
interleaved,5,73,11.784
interleaved,5,74,11.5279
interleaved,5,75,11.3939
interleaved,5,76,11.5715
interleaved,5,77,11.5418
interleaved,5,78,11.423
interleaved,5,79,11.6562
interleaved,5,80,11.5493
interleaved,5,81,11.6036
interleaved,5,82,11.4779
interleaved,5,83,12.0005
interleaved,5,84,11.6074
interleaved,5,85,11.5664
interleaved,5,86,11.8321
interleaved,5,87,11.5577
interleaved,5,88,11.6697
interleaved,5,89,11.9789
interleaved,5,90,11.5173
interleaved,5,91,11.9703
interleaved,5,92,11.8073
interleaved,5,93,11.6816
interleaved,5,94,11.7967
interleaved,5,95,11.4582
interleaved,5,96,11.8722
interleaved,5,97,11.8981
interleaved,5,98,11.8102
interleaved,5,99,11.6013
interleaved,5,100,11.5694
interleaved,5,101,11.784
interleaved,5,102,11.9758
interleaved,5,103,11.6395
interleaved,5,104,11.9486
interleaved,5,105,12.0497
interleaved,5,106,11.9955
interleaved,5,107,12.019
interleaved,5,108,11.8052
interleaved,5,109,11.9737
interleaved,5,110,11.7335
interleaved,5,111,12.1442
interleaved,5,112,11.9755
interleaved,5,113,12.2899
interleaved,5,114,11.7511
interleaved,5,115,12.0718
interleaved,5,116,12.0065
interleaved,5,117,12.0136
interleaved,5,118,11.8579
interleaved,5,119,12.1
interleaved,5,120,12.1726
interleaved,5,121,12.1755
interleaved,5,122,12.1229
interleaved,5,123,12.2497
interleaved,5,124,12.1716
interleaved,5,125,12.159
interleaved,5,126,11.8904
interleaved,5,127,12.058
interleaved,5,128,11.8118
interleaved,5,129,12.4268
interleaved,5,130,12.0849
interleaved,5,131,11.8867
interleaved,5,132,12.8024
interleaved,5,133,12.4297
interleaved,5,134,12.1759
interleaved,5,135,12.181
interleaved,5,136,11.7915
interleaved,5,137,12.1815
interleaved,5,138,12.3508
interleaved,5,139,12.4388
interleaved,5,140,12.2088
interleaved,5,141,12.5141
interleaved,5,142,12.6936
interleaved,5,143,12.4094
interleaved,5,144,12.2313
interleaved,5,145,12.0079
interleaved,5,146,12.1781
interleaved,5,147,12.2239
interleaved,5,148,12.2899
interleaved,5,149,12.5434
interleaved,5,150,12.4739
interleaved,5,151,12.5005
interleaved,5,152,12.3179
interleaved,5,153,12.1906
interleaved,5,154,12.4473
interleaved,5,155,12.202
interleaved,5,156,12.3117
interleaved,5,157,12.1175
interleaved,5,158,12.3833
interleaved,5,159,12.5535
interleaved,5,160,12.467
interleaved,5,161,12.6049
interleaved,5,162,12.3202
interleaved,5,163,12.301
interleaved,5,164,12.7478
interleaved,5,165,12.3107
interleaved,5,166,12.4694
interleaved,5,167,12.3522
interleaved,5,168,12.1183
interleaved,5,169,12.5097
interleaved,5,170,12.4782
interleaved,5,171,12.6455
interleaved,5,172,12.6776
interleaved,5,173,12.3662
interleaved,5,174,12.6635
interleaved,5,175,12.4432
interleaved,5,176,12.9317
interleaved,5,177,12.6363
interleaved,5,178,12.681
interleaved,5,179,12.8384
interleaved,5,180,12.3966
interleaved,5,181,12.5862
interleaved,5,182,12.6019
interleaved,5,183,12.3828
interleaved,5,184,12.7354
interleaved,5,185,12.6473
interleaved,5,186,12.9924
interleaved,5,187,12.6018
interleaved,5,188,12.5775
interleaved,5,189,12.8176
interleaved,5,190,13.1079
interleaved,5,191,12.7868
interleaved,5,192,12.9154
interleaved,5,193,12.6689
interleaved,5,194,12.7951
interleaved,5,195,12.9736
interleaved,5,196,12.8128
interleaved,5,197,13.0307
interleaved,5,198,12.5787
interleaved,5,199,12.8571
interleaved,5,200,12.6703
interleaved,5,201,12.8322
interleaved,5,202,12.7225
interleaved,5,203,12.7097
interleaved,5,204,12.6385
interleaved,5,205,13.0071
interleaved,5,206,12.9555
interleaved,5,207,13.034
interleaved,5,208,13.0171
interleaved,5,209,13.1322
interleaved,5,210,12.7728
interleaved,5,211,12.7997
interleaved,5,212,12.9196
interleaved,5,213,13.0295
interleaved,5,214,12.9284
interleaved,5,215,12.7643
interleaved,5,216,12.9216
interleaved,5,217,13.1059
interleaved,5,218,12.8987
interleaved,5,219,13.036
interleaved,5,220,13.0513
interleaved,5,221,13.0676
interleaved,5,222,13.0772
interleaved,5,223,13.3893
interleaved,5,224,13.3041
interleaved,5,225,13.0802
interleaved,5,226,13.0572
interleaved,5,227,13.2455
interleaved,5,228,13.0052
interleaved,5,229,13.3105
interleaved,5,230,13.4875
interleaved,5,231,12.9611
interleaved,5,232,12.9228
interleaved,5,233,13.3333
interleaved,5,234,14.3159
interleaved,5,235,13.1744
interleaved,5,236,13.0006
interleaved,5,237,13.7368
interleaved,5,238,13.3918
interleaved,5,239,13.1237
interleaved,5,240,13.2633
interleaved,5,241,13.5757
interleaved,5,242,13.415
interleaved,5,243,13.2892
interleaved,5,244,13.3347
interleaved,5,245,13.4656
interleaved,5,246,13.433
interleaved,5,247,13.3028
interleaved,5,248,13.5466
interleaved,5,249,13.5127
interleaved,5,250,13.6042
interleaved,5,251,13.6311
interleaved,5,252,13.1496
interleaved,5,253,13.6408
interleaved,5,254,13.4044
interleaved,5,255,13.3978
interleaved,5,256,13.0063
interleaved,5,257,13.278
interleaved,5,258,13.4208
interleaved,5,259,13.2203
interleaved,5,260,13.4342
interleaved,5,261,13.752
interleaved,5,262,13.2635
interleaved,5,263,13.3677
interleaved,5,264,13.6224
interleaved,5,265,13.4403
interleaved,5,266,13.5017
interleaved,5,267,13.6608
interleaved,5,268,13.5168
interleaved,5,269,13.0991
interleaved,5,270,13.5158
interleaved,5,271,13.3044
interleaved,5,272,13.5662
interleaved,5,273,13.7337
interleaved,5,274,14.4371
interleaved,5,275,14.8227
interleaved,5,276,14.7732
interleaved,5,277,15.0548
interleaved,5,278,15.152
interleaved,5,279,14.7329
interleaved,5,280,13.5349
interleaved,5,281,13.4661
interleaved,5,282,13.5388
interleaved,5,283,13.336
interleaved,5,284,13.7335
interleaved,5,285,13.8117
interleaved,5,286,14.1376
interleaved,5,287,13.6693
interleaved,5,288,13.7221
interleaved,5,289,14.0236
interleaved,5,290,14.1157
interleaved,5,291,13.7318
interleaved,5,292,13.7427
interleaved,5,293,13.7865
interleaved,5,294,13.8065
interleaved,5,295,13.9537
interleaved,5,296,14.106
interleaved,5,297,13.749
interleaved,5,298,14.1025
interleaved,5,299,13.8586
interleaved,5,300,13.9405
interleaved,5,301,13.913
interleaved,5,302,13.8299
interleaved,5,303,13.7767
interleaved,5,304,13.9947
interleaved,5,305,13.7788
interleaved,5,306,14.3068
interleaved,5,307,14.0292
interleaved,5,308,14.2437
interleaved,5,309,14.0176
interleaved,5,310,14.3819
interleaved,5,311,13.846
interleaved,5,312,13.9723
interleaved,5,313,13.9235
interleaved,5,314,14.1107
interleaved,5,315,14.0262
interleaved,5,316,13.8277
interleaved,5,317,13.8256
interleaved,5,318,13.9785
interleaved,5,319,13.9783
interleaved,5,320,13.7302
interleaved,5,321,14.2284
interleaved,5,322,14.119
interleaved,5,323,13.9036
interleaved,5,324,13.8205
interleaved,5,325,14.269
interleaved,5,326,14.184
interleaved,5,327,14.1063
interleaved,5,328,13.9986
interleaved,5,329,14.1162
interleaved,5,330,13.9276
interleaved,5,331,14.0417
interleaved,5,332,13.9903
interleaved,5,333,14.4211
interleaved,5,334,14.1075
interleaved,5,335,14.1786
interleaved,5,336,14.0035
interleaved,5,337,14.2366
interleaved,5,338,14.3794
interleaved,5,339,14.3382
interleaved,5,340,14.0673
interleaved,5,341,14.3252
interleaved,5,342,14.1405
interleaved,5,343,14.2269
interleaved,5,344,14.2092
interleaved,5,345,14.4536
interleaved,5,346,14.3696
interleaved,5,347,14.0678
interleaved,5,348,14.2233
interleaved,5,349,14.5477
interleaved,5,350,14.3595
interleaved,5,351,14.7243
interleaved,5,352,14.4858
interleaved,5,353,14.0984
interleaved,5,354,14.0252
interleaved,5,355,14.4506
interleaved,5,356,14.1141
interleaved,5,357,14.4496
interleaved,5,358,14.4514
interleaved,5,359,14.5348
interleaved,5,360,14.4303
interleaved,5,361,14.7208
interleaved,5,362,14.4834
interleaved,5,363,14.3446
interleaved,5,364,14.3412
interleaved,5,365,14.4714
interleaved,5,366,14.7025
interleaved,5,367,14.6256
interleaved,5,368,14.7631
interleaved,5,369,14.7841
interleaved,5,370,14.4203
interleaved,5,371,14.5798
interleaved,5,372,14.8207
interleaved,5,373,14.5352
interleaved,5,374,14.6611
interleaved,5,375,14.6175
interleaved,5,376,14.6509
interleaved,5,377,14.346
interleaved,5,378,15.3153
interleaved,5,379,15.2837
interleaved,5,380,15.0612
interleaved,5,381,14.8428
interleaved,5,382,14.919
interleaved,5,383,14.7252
interleaved,5,384,14.6473
interleaved,5,385,14.7041
interleaved,5,386,14.515
interleaved,5,387,14.5877
interleaved,5,388,14.9399
interleaved,5,389,14.7411
interleaved,5,390,15.1504
interleaved,5,391,14.8338
interleaved,5,392,14.5233
interleaved,5,393,14.8002
interleaved,5,394,14.8865
interleaved,5,395,14.4945
interleaved,5,396,14.416
interleaved,5,397,14.8799
interleaved,5,398,14.969
interleaved,5,399,14.8751
interleaved,5,400,15.1234
interleaved,5,401,14.9873
interleaved,5,402,14.8324
interleaved,5,403,14.5739
interleaved,5,404,14.9079
interleaved,5,405,15.2562
interleaved,5,406,14.7967
interleaved,5,407,14.833
interleaved,5,408,14.8047
interleaved,5,409,15.0673
interleaved,5,410,14.9996
interleaved,5,411,15.2882
interleaved,5,412,14.9612
interleaved,5,413,15.0106
interleaved,5,414,15.0698
interleaved,5,415,14.7655
interleaved,5,416,15.1561
interleaved,5,417,15.0171
interleaved,5,418,14.8406
interleaved,5,419,15.0669
interleaved,5,420,14.8362
interleaved,5,421,15.1482
interleaved,5,422,15.1797
interleaved,5,423,15.219
interleaved,5,424,14.991
interleaved,5,425,15.0491
interleaved,5,426,15.053
interleaved,5,427,15.3173
interleaved,5,428,15.0603
interleaved,5,429,15.1327
interleaved,5,430,15.0842
interleaved,5,431,15.2565
interleaved,5,432,15.5789
interleaved,5,433,15.0956
interleaved,5,434,15.3331
interleaved,5,435,15.565
interleaved,5,436,15.2271
interleaved,5,437,15.2642
interleaved,5,438,15.5802
interleaved,5,439,15.2048
interleaved,5,440,15.208
interleaved,5,441,15.552
interleaved,5,442,15.6717
interleaved,5,443,15.422
interleaved,5,444,15.3659
interleaved,5,445,15.7821
interleaved,5,446,15.6785
interleaved,5,447,15.499
interleaved,5,448,15.841
interleaved,5,449,15.7925
interleaved,5,450,15.5094
interleaved,5,451,15.8357
interleaved,5,452,15.7236
interleaved,5,453,15.4983
interleaved,5,454,15.8088
interleaved,5,455,15.4325
interleaved,5,456,15.3554
interleaved,5,457,15.6887
interleaved,5,458,15.6393
interleaved,5,459,15.7191
interleaved,5,460,15.4948
interleaved,5,461,15.782
interleaved,5,462,15.298
interleaved,5,463,15.2912
interleaved,5,464,15.5241
interleaved,5,465,15.4485
interleaved,5,466,15.9188
interleaved,5,467,15.6182
interleaved,5,468,15.7656
interleaved,5,469,16.2474
interleaved,5,470,15.5963
interleaved,5,471,15.7129
interleaved,5,472,16.311
interleaved,5,473,16.5106
interleaved,5,474,16.2542
interleaved,5,475,16.2112
interleaved,5,476,16.2872
interleaved,5,477,16.2613
interleaved,5,478,16.3418
interleaved,5,479,16.2089
interleaved,5,480,16.2721
interleaved,5,481,16.7262
interleaved,5,482,16.1755
interleaved,5,483,16.3623
interleaved,5,484,16.4017
interleaved,5,485,16.1112
interleaved,5,486,16.5017
interleaved,5,487,16.1732
interleaved,5,488,16.3328
interleaved,5,489,16.8863
interleaved,5,490,16.3309
interleaved,5,491,16.2903
interleaved,5,492,16.1804
interleaved,5,493,16.1751
interleaved,5,494,16.4781
interleaved,5,495,16.454
interleaved,5,496,16.502
interleaved,5,497,16.3028
interleaved,5,498,16.3464
interleaved,5,499,15.9372
interleaved,5,500,15.834
interleaved,5,501,16.4198
interleaved,5,502,16.4344
interleaved,5,503,16.1435
interleaved,5,504,16.0843
interleaved,5,505,16.1597
interleaved,5,506,16.2212
interleaved,5,507,16.3922
interleaved,5,508,17.3789
interleaved,5,509,16.4731
interleaved,5,510,16.3535
interleaved,5,511,16.1755
interleaved,5,512,16.1438
interleaved,5,513,16.4291
interleaved,5,514,16.1733
interleaved,5,515,16.4254
interleaved,5,516,16.3858
interleaved,5,517,16.0359
interleaved,5,518,16.2222
interleaved,5,519,15.9007
interleaved,5,520,16.3857
interleaved,5,521,16.1525
interleaved,5,522,16.049
interleaved,5,523,16.4521
interleaved,5,524,16.465
interleaved,5,525,16.3962
interleaved,5,526,16.1853
interleaved,5,527,16.2673
interleaved,5,528,16.3596
interleaved,5,529,16.3132
interleaved,5,530,16.3519
interleaved,5,531,16.2155
interleaved,5,532,16.1278
interleaved,5,533,16.2242
interleaved,5,534,16.2406
interleaved,5,535,16.3749
interleaved,5,536,16.3159
interleaved,5,537,16.1005
interleaved,5,538,16.2539
interleaved,5,539,16.2537
interleaved,5,540,16.316
interleaved,5,541,16.146
interleaved,5,542,16.3632
interleaved,5,543,16.739
interleaved,5,544,16.5082
interleaved,5,545,16.0025
interleaved,5,546,16.1018
interleaved,5,547,16.5833
interleaved,5,548,16.2069
interleaved,5,549,16.3543
interleaved,5,550,16.3281
interleaved,5,551,16.5892
interleaved,5,552,16.0821
interleaved,5,553,16.293
interleaved,5,554,16.4227
interleaved,5,555,16.3286
interleaved,5,556,16.4001
interleaved,5,557,16.5925
interleaved,5,558,16.1544
interleaved,5,559,15.7737
interleaved,5,560,15.9882
interleaved,5,561,16.1629
interleaved,5,562,16.3723
interleaved,5,563,16.6539
interleaved,5,564,16.4849
interleaved,5,565,16.3741
interleaved,5,566,16.5555
interleaved,5,567,16.1797
interleaved,5,568,16.3348
interleaved,5,569,16.2634
interleaved,5,570,16.3643
interleaved,5,571,16.0632
interleaved,5,572,16.3253
interleaved,5,573,16.1782
interleaved,5,574,16.2843
interleaved,5,575,16.2313
interleaved,5,576,16.2347
interleaved,5,577,16.4868
interleaved,5,578,16.3042
interleaved,5,579,16.1954
interleaved,5,580,16.369
interleaved,5,581,15.8581
interleaved,5,582,16.2936
interleaved,5,583,16.5035
interleaved,5,584,16.0605
interleaved,5,585,16.3569
interleaved,5,586,16.2317
interleaved,5,587,16.5125
interleaved,5,588,16.3487
interleaved,5,589,16.2681
interleaved,5,590,16.1395
interleaved,5,591,16.5675
interleaved,5,592,16.1752
interleaved,5,593,16.2277
interleaved,5,594,16.1829
interleaved,5,595,16.2169
interleaved,5,596,16.5123
interleaved,5,597,16.2277
interleaved,5,598,16.2627
interleaved,5,599,16.3346
baseline,5,0,58.4265
baseline,5,1,10.8273
baseline,5,2,10.775
baseline,5,3,11.2154
baseline,5,4,10.5838
baseline,5,5,10.9203
baseline,5,6,11.1345
baseline,5,7,11.3351
baseline,5,8,10.785
baseline,5,9,10.9825
baseline,5,10,10.8318
baseline,5,11,10.8885
baseline,5,12,11.5684
baseline,5,13,11.3145
baseline,5,14,10.8962
baseline,5,15,10.809
baseline,5,16,10.658
baseline,5,17,11.3142
baseline,5,18,11.1961
baseline,5,19,11.3365
baseline,5,20,11.1408
baseline,5,21,11.2675
baseline,5,22,11.4492
baseline,5,23,11.1579
baseline,5,24,11.0366
baseline,5,25,11.428
baseline,5,26,11.6202
baseline,5,27,10.677
baseline,5,28,11.124
baseline,5,29,11.3038
baseline,5,30,11.1326
baseline,5,31,11.1727
baseline,5,32,11.2388
baseline,5,33,11.3788
baseline,5,34,11.2967
baseline,5,35,11.3107
baseline,5,36,11.1805
baseline,5,37,11.2974
baseline,5,38,11.4063
baseline,5,39,11.3523
baseline,5,40,11.4496
baseline,5,41,11.6882
baseline,5,42,11.3503
baseline,5,43,12.3804
baseline,5,44,11.6502
baseline,5,45,11.2442
baseline,5,46,11.7753
baseline,5,47,11.6215
baseline,5,48,11.4279
baseline,5,49,11.5338
baseline,5,50,11.7018
baseline,5,51,11.516
baseline,5,52,11.5777
baseline,5,53,11.4039
baseline,5,54,11.4023
baseline,5,55,11.792
baseline,5,56,11.5643
baseline,5,57,11.5867
baseline,5,58,11.5177
baseline,5,59,11.5781
baseline,5,60,11.9826
baseline,5,61,11.6672
baseline,5,62,11.694
baseline,5,63,11.5534
baseline,5,64,11.6956
baseline,5,65,11.4592
baseline,5,66,11.5414
baseline,5,67,11.6728
baseline,5,68,11.6747
baseline,5,69,11.9005
baseline,5,70,11.8037
baseline,5,71,11.661
baseline,5,72,11.4273
baseline,5,73,11.8884
baseline,5,74,11.6421
baseline,5,75,11.7206
baseline,5,76,11.6838
baseline,5,77,11.5998
baseline,5,78,11.59
baseline,5,79,11.625
baseline,5,80,12.0512
baseline,5,81,11.9417
baseline,5,82,11.7547
baseline,5,83,12.1093
baseline,5,84,11.944
baseline,5,85,12.1265
baseline,5,86,11.7852
baseline,5,87,11.8891
baseline,5,88,12.0144
baseline,5,89,11.9302
baseline,5,90,11.9649
baseline,5,91,11.884
baseline,5,92,11.6012
baseline,5,93,11.707
baseline,5,94,14.8645
baseline,5,95,16.5657
baseline,5,96,17.165
baseline,5,97,12.7588
baseline,5,98,12.9107
baseline,5,99,11.8285
baseline,5,100,12.2474
baseline,5,101,12.3638
baseline,5,102,12.1383
baseline,5,103,12.2554
baseline,5,104,12.1754
baseline,5,105,12.216
baseline,5,106,12.2221
baseline,5,107,12.2402
baseline,5,108,12.1854
baseline,5,109,12.3401
baseline,5,110,12.1477
baseline,5,111,12.0738
baseline,5,112,12.1122
baseline,5,113,11.7519
baseline,5,114,12.677
baseline,5,115,12.0159
baseline,5,116,12.2515
baseline,5,117,12.4753
baseline,5,118,12.2379
baseline,5,119,12.4121
baseline,5,120,11.9567
baseline,5,121,12.2612
baseline,5,122,12.1412
baseline,5,123,12.605
baseline,5,124,12.5258
baseline,5,125,12.3278
baseline,5,126,12.0805
baseline,5,127,12.822
baseline,5,128,12.42
baseline,5,129,12.3167
baseline,5,130,12.2007
baseline,5,131,12.3424
baseline,5,132,12.5328
baseline,5,133,12.4517
baseline,5,134,12.3194
baseline,5,135,12.2266
baseline,5,136,12.5062
baseline,5,137,12.5331
baseline,5,138,12.6147
baseline,5,139,12.5465
baseline,5,140,12.672
baseline,5,141,12.5789
baseline,5,142,12.4132
baseline,5,143,12.6526
baseline,5,144,12.3601
baseline,5,145,12.2294
baseline,5,146,13.0687
baseline,5,147,12.6371
baseline,5,148,12.5665
baseline,5,149,12.912
baseline,5,150,12.5897
baseline,5,151,12.6282
baseline,5,152,12.72
baseline,5,153,12.4556
baseline,5,154,12.4534
baseline,5,155,12.5997
baseline,5,156,12.4449
baseline,5,157,12.781
baseline,5,158,12.6598
baseline,5,159,12.7542
baseline,5,160,12.7658
baseline,5,161,12.6585
baseline,5,162,13.0015
baseline,5,163,12.7631
baseline,5,164,12.875
baseline,5,165,12.8754
baseline,5,166,12.8377
baseline,5,167,12.7555
baseline,5,168,12.6075
baseline,5,169,12.6042
baseline,5,170,12.9087
baseline,5,171,12.6992
baseline,5,172,12.7583
baseline,5,173,12.8255
baseline,5,174,13.8358
baseline,5,175,12.4063
baseline,5,176,12.513
baseline,5,177,12.8418
baseline,5,178,13.8997
baseline,5,179,13.1611
baseline,5,180,13.0965
baseline,5,181,12.4622
baseline,5,182,13.0375
baseline,5,183,13.329
baseline,5,184,12.8851
baseline,5,185,12.8765
baseline,5,186,13.8443
baseline,5,187,13.141
baseline,5,188,12.7037
baseline,5,189,13.3548
baseline,5,190,13.623
baseline,5,191,13.0141
baseline,5,192,13.4402
baseline,5,193,13.0217
baseline,5,194,13.985
baseline,5,195,13.249
baseline,5,196,12.9065
baseline,5,197,12.9424
baseline,5,198,13.3004
baseline,5,199,13.3675
baseline,5,200,13.1775
baseline,5,201,14.3637
baseline,5,202,13.2153
baseline,5,203,13.4233
baseline,5,204,13.4307
baseline,5,205,14.2525
baseline,5,206,13.4102
baseline,5,207,13.9051
baseline,5,208,14.5748
baseline,5,209,13.1184
baseline,5,210,13.5208
baseline,5,211,13.3983
baseline,5,212,13.2064
baseline,5,213,15.7752
baseline,5,214,13.602
baseline,5,215,13.5217
baseline,5,216,13.2519
baseline,5,217,13.9815
baseline,5,218,13.5751
baseline,5,219,12.9252
baseline,5,220,13.4408
baseline,5,221,13.199
baseline,5,222,13.4175
baseline,5,223,15.609
baseline,5,224,14.3827
baseline,5,225,14.7938
baseline,5,226,13.3677
baseline,5,227,13.8246
baseline,5,228,13.5042
baseline,5,229,13.431
baseline,5,230,13.5352
baseline,5,231,13.444
baseline,5,232,13.5487
baseline,5,233,13.0673
baseline,5,234,13.3375
baseline,5,235,13.5318
baseline,5,236,13.7926
baseline,5,237,13.8818
baseline,5,238,13.5067
baseline,5,239,13.5913
baseline,5,240,13.6818
baseline,5,241,13.466
baseline,5,242,13.8804
baseline,5,243,13.6066
baseline,5,244,13.8178
baseline,5,245,13.513
baseline,5,246,13.6343
baseline,5,247,13.6799
baseline,5,248,13.6122
baseline,5,249,13.6127
baseline,5,250,13.6332
baseline,5,251,13.5814
baseline,5,252,13.8854
baseline,5,253,13.8613
baseline,5,254,13.8179
baseline,5,255,14.3862
baseline,5,256,14.4108
baseline,5,257,13.5213
baseline,5,258,13.6897
baseline,5,259,13.6698
baseline,5,260,13.5998
baseline,5,261,14.0864
baseline,5,262,13.9415
baseline,5,263,13.4038
baseline,5,264,14.0113
baseline,5,265,13.5407
baseline,5,266,13.9619
baseline,5,267,13.9649
baseline,5,268,13.4983
baseline,5,269,13.7248
baseline,5,270,13.9489
baseline,5,271,14.2051
baseline,5,272,13.8217
baseline,5,273,14.0663
baseline,5,274,14.0758
baseline,5,275,14.0461
baseline,5,276,13.9761
baseline,5,277,13.7873
baseline,5,278,13.7534
baseline,5,279,14.2534
baseline,5,280,14.3295
baseline,5,281,13.8579
baseline,5,282,14.2413
baseline,5,283,14.0083
baseline,5,284,14.244
baseline,5,285,13.9703
baseline,5,286,14.2122
baseline,5,287,13.9054
baseline,5,288,13.8684
baseline,5,289,14.113
baseline,5,290,13.847
baseline,5,291,14.6096
baseline,5,292,14.2059
baseline,5,293,14.2248
baseline,5,294,13.9205
baseline,5,295,14.1883
baseline,5,296,14.5224
baseline,5,297,14.3622
baseline,5,298,14.2148
baseline,5,299,14.1685
baseline,5,300,14.375
baseline,5,301,14.4711
baseline,5,302,14.091
baseline,5,303,14.4585
baseline,5,304,14.4149
baseline,5,305,14.6687
baseline,5,306,14.7531
baseline,5,307,14.2773
baseline,5,308,14.336
baseline,5,309,14.7964
baseline,5,310,15.5607
baseline,5,311,15.6916
baseline,5,312,15.4128
baseline,5,313,14.9137
baseline,5,314,14.5452
baseline,5,315,14.2528
baseline,5,316,15.3614
baseline,5,317,14.631
baseline,5,318,15.2843
baseline,5,319,14.7452
baseline,5,320,14.7956
baseline,5,321,14.7515
baseline,5,322,14.8384
baseline,5,323,14.8603
baseline,5,324,15.3031
baseline,5,325,14.5096
baseline,5,326,14.5335
baseline,5,327,15.2565
baseline,5,328,14.0277
baseline,5,329,14.5002
baseline,5,330,14.2315
baseline,5,331,15.5489
baseline,5,332,14.908
baseline,5,333,15.1538
baseline,5,334,15.0568
baseline,5,335,14.6747
baseline,5,336,14.8762
baseline,5,337,15.2805
baseline,5,338,14.8643
baseline,5,339,14.7745
baseline,5,340,15.0798
baseline,5,341,15.1995
baseline,5,342,15.2018
baseline,5,343,15.2162
baseline,5,344,15.3383
baseline,5,345,15.4662
baseline,5,346,15.2837
baseline,5,347,15.9507
baseline,5,348,15.4047
baseline,5,349,15.1081
baseline,5,350,15.4397
baseline,5,351,15.2332
baseline,5,352,15.3895
baseline,5,353,14.8697
baseline,5,354,15.5148
baseline,5,355,15.5083
baseline,5,356,15.1968
baseline,5,357,14.8285
baseline,5,358,14.706
baseline,5,359,15.1395
baseline,5,360,15.0637
baseline,5,361,15.2221
baseline,5,362,15.0835
baseline,5,363,15.7032
baseline,5,364,15.5363
baseline,5,365,15.2215
baseline,5,366,15.5106
baseline,5,367,15.2007
baseline,5,368,15.6041
baseline,5,369,15.9493
baseline,5,370,15.5081
baseline,5,371,15.2982
baseline,5,372,15.8737
baseline,5,373,15.5339
baseline,5,374,15.5874
baseline,5,375,15.7597
baseline,5,376,15.6483
baseline,5,377,15.263
baseline,5,378,15.6678
baseline,5,379,15.6184
baseline,5,380,15.863
baseline,5,381,15.5283
baseline,5,382,15.3012
baseline,5,383,15.8532
baseline,5,384,15.7026
baseline,5,385,16.0667
baseline,5,386,15.6339
baseline,5,387,15.7637
baseline,5,388,15.6385
baseline,5,389,15.7587
baseline,5,390,15.4123
baseline,5,391,15.3916
baseline,5,392,15.7232
baseline,5,393,16.0704
baseline,5,394,15.8378
baseline,5,395,15.6851
baseline,5,396,15.7862
baseline,5,397,15.649
baseline,5,398,15.5942
baseline,5,399,15.9867
baseline,5,400,15.7061
baseline,5,401,15.8894
baseline,5,402,15.9335
baseline,5,403,15.6976
baseline,5,404,15.8475
baseline,5,405,16.0871
baseline,5,406,15.6961
baseline,5,407,15.8768
baseline,5,408,15.8556
baseline,5,409,15.9776
baseline,5,410,16.1144
baseline,5,411,15.8732
baseline,5,412,15.9458
baseline,5,413,15.9438
baseline,5,414,15.8227
baseline,5,415,16.5534
baseline,5,416,16.4014
baseline,5,417,16.0206
baseline,5,418,15.8988
baseline,5,419,15.6208
baseline,5,420,15.9625
baseline,5,421,16.0166
baseline,5,422,15.9797
baseline,5,423,15.8729
baseline,5,424,15.6303
baseline,5,425,16.0026
baseline,5,426,16.3161
baseline,5,427,16.2237
baseline,5,428,15.9997
baseline,5,429,15.9487
baseline,5,430,15.4958
baseline,5,431,15.6659
baseline,5,432,16.2235
baseline,5,433,15.91
baseline,5,434,16.2731
baseline,5,435,16.6853
baseline,5,436,16.4399
baseline,5,437,15.9901
baseline,5,438,16.2949
baseline,5,439,16.3317
baseline,5,440,16.1884
baseline,5,441,16.1497
baseline,5,442,16.3746
baseline,5,443,15.7115
baseline,5,444,16.3155
baseline,5,445,16.3951
baseline,5,446,16.4702
baseline,5,447,16.2765
baseline,5,448,16.4458
baseline,5,449,16.3261
baseline,5,450,16.6433
baseline,5,451,17.0312
baseline,5,452,16.5175
baseline,5,453,16.1076
baseline,5,454,16.3808
baseline,5,455,16.4492
baseline,5,456,16.4855
baseline,5,457,16.7793
baseline,5,458,16.3741
baseline,5,459,16.2262
baseline,5,460,16.5607
baseline,5,461,16.9719
baseline,5,462,16.621
baseline,5,463,16.347
baseline,5,464,16.5552
baseline,5,465,16.6948
baseline,5,466,16.4445
baseline,5,467,16.6202
baseline,5,468,16.5749
baseline,5,469,16.3929
baseline,5,470,16.4896
baseline,5,471,16.7968
baseline,5,472,17.5787
baseline,5,473,17.2833
baseline,5,474,18.2915
baseline,5,475,17.1867
baseline,5,476,17.2686
baseline,5,477,17.3538
baseline,5,478,17.263
baseline,5,479,17.3717
baseline,5,480,17.3137
baseline,5,481,17.1393
baseline,5,482,17.0598
baseline,5,483,16.9067
baseline,5,484,16.9465
baseline,5,485,17.2464
baseline,5,486,17.2927
baseline,5,487,17.1329
baseline,5,488,17.1683
baseline,5,489,17.0716
baseline,5,490,17.0498
baseline,5,491,17.2828
baseline,5,492,17.0877
baseline,5,493,17.2708
baseline,5,494,17.3462
baseline,5,495,17.5641
baseline,5,496,17.0742
baseline,5,497,17.2044
baseline,5,498,17.3739
baseline,5,499,17.1359
baseline,5,500,16.9746
baseline,5,501,17.0285
baseline,5,502,17.087
baseline,5,503,17.1565
baseline,5,504,17.0154
baseline,5,505,17.1069
baseline,5,506,17.1621
baseline,5,507,17.1852
baseline,5,508,17.3417
baseline,5,509,17.0488
baseline,5,510,16.8675
baseline,5,511,17.0268
baseline,5,512,17.3818
baseline,5,513,17.0539
baseline,5,514,17.2759
baseline,5,515,17.2561
baseline,5,516,17.0836
baseline,5,517,17.3329
baseline,5,518,17.1315
baseline,5,519,17.0554
baseline,5,520,17.2038
baseline,5,521,17.162
baseline,5,522,17.3772
baseline,5,523,17.3143
baseline,5,524,17.5388
baseline,5,525,16.9125
baseline,5,526,17.0534
baseline,5,527,17.0962
baseline,5,528,17.0806
baseline,5,529,17.1612
baseline,5,530,16.9434
baseline,5,531,17.4643
baseline,5,532,17.1939
baseline,5,533,17.2761
baseline,5,534,17.4193
baseline,5,535,17.4402
baseline,5,536,17.4487
baseline,5,537,17.0582
baseline,5,538,16.5498
baseline,5,539,16.7505
baseline,5,540,16.4455
baseline,5,541,16.8151
baseline,5,542,17.5282
baseline,5,543,17.0572
baseline,5,544,17.2761
baseline,5,545,17.5166
baseline,5,546,17.4599
baseline,5,547,16.9912
baseline,5,548,16.873
baseline,5,549,17.2096
baseline,5,550,17.509
baseline,5,551,17.6702
baseline,5,552,17.3534
baseline,5,553,16.9853
baseline,5,554,17.0269
baseline,5,555,16.7757
baseline,5,556,17.215
baseline,5,557,17.5624
baseline,5,558,17.1318
baseline,5,559,16.7858
baseline,5,560,16.8162
baseline,5,561,17.1618
baseline,5,562,17.3218
baseline,5,563,16.834
baseline,5,564,16.3341
baseline,5,565,16.8618
baseline,5,566,16.8468
baseline,5,567,16.8552
baseline,5,568,16.4817
baseline,5,569,16.6073
baseline,5,570,17.395
baseline,5,571,17.4277
baseline,5,572,17.7877
baseline,5,573,17.2606
baseline,5,574,17.4614
baseline,5,575,17.17
baseline,5,576,17.361
baseline,5,577,17.5159
baseline,5,578,17.317
baseline,5,579,17.438
baseline,5,580,17.2829
baseline,5,581,17.6092
baseline,5,582,17.308
baseline,5,583,16.7984
baseline,5,584,17.8079
baseline,5,585,16.8603
baseline,5,586,16.9715
baseline,5,587,17.0187
baseline,5,588,16.9081
baseline,5,589,17.207
baseline,5,590,17.1843
baseline,5,591,18.3156
baseline,5,592,17.2163
baseline,5,593,17.5149
baseline,5,594,16.9803
baseline,5,595,17.1916
baseline,5,596,17.2066
baseline,5,597,17.227
baseline,5,598,17.1483
baseline,5,599,17.032
baseline,6,0,59.2948
baseline,6,1,11.2758
baseline,6,2,11.7236
baseline,6,3,11.0492
baseline,6,4,10.675
baseline,6,5,11.4996
baseline,6,6,11.3045
baseline,6,7,10.9207
baseline,6,8,11.3453
baseline,6,9,11.2176
baseline,6,10,11.5346
baseline,6,11,11.4352
baseline,6,12,11.4514
baseline,6,13,11.1781
baseline,6,14,11.2601
baseline,6,15,11.4498
baseline,6,16,11.5053
baseline,6,17,11.7642
baseline,6,18,11.4205
baseline,6,19,11.1937
baseline,6,20,11.6007
baseline,6,21,11.3555
baseline,6,22,11.4836
baseline,6,23,11.5457
baseline,6,24,12.0047
baseline,6,25,11.6813
baseline,6,26,11.6841
baseline,6,27,11.4416
baseline,6,28,11.7093
baseline,6,29,11.4877
baseline,6,30,11.7047
baseline,6,31,11.8122
baseline,6,32,11.4244
baseline,6,33,11.6039
baseline,6,34,12.088
baseline,6,35,11.6002
baseline,6,36,11.6331
baseline,6,37,11.939
baseline,6,38,11.7119
baseline,6,39,11.5455
baseline,6,40,11.7147
baseline,6,41,11.7037
baseline,6,42,11.4718
baseline,6,43,12.0495
baseline,6,44,11.7034
baseline,6,45,11.8595
baseline,6,46,11.8636
baseline,6,47,12.0434
baseline,6,48,12.0209
baseline,6,49,11.8244
baseline,6,50,11.6877
baseline,6,51,11.7142
baseline,6,52,12.0749
baseline,6,53,11.8041
baseline,6,54,11.9185
baseline,6,55,11.7211
baseline,6,56,11.917
baseline,6,57,11.7667
baseline,6,58,12.1245
baseline,6,59,11.9686
baseline,6,60,11.8345
baseline,6,61,11.9092
baseline,6,62,11.984
baseline,6,63,12.1708
baseline,6,64,12.0469
baseline,6,65,12.4659
baseline,6,66,12.182
baseline,6,67,11.9126
baseline,6,68,12.0191
baseline,6,69,12.1861
baseline,6,70,12.06
baseline,6,71,12.3335
baseline,6,72,12.0412
baseline,6,73,12.0689
baseline,6,74,12.2291
baseline,6,75,12.1015
baseline,6,76,11.9035
baseline,6,77,12.1584
baseline,6,78,12.7482
baseline,6,79,12.6675
baseline,6,80,11.995
baseline,6,81,12.3958
baseline,6,82,12.3504
baseline,6,83,12.2733
baseline,6,84,12.4705
baseline,6,85,12.1656
baseline,6,86,12.1663
baseline,6,87,12.4245
baseline,6,88,12.0173
baseline,6,89,12.217
baseline,6,90,12.2088
baseline,6,91,12.3727
baseline,6,92,12.8379
baseline,6,93,12.3599
baseline,6,94,12.3994
baseline,6,95,12.4686
baseline,6,96,12.7142
baseline,6,97,12.2899
baseline,6,98,12.6694
baseline,6,99,12.0237
baseline,6,100,12.3287
baseline,6,101,12.0183
baseline,6,102,11.9317
baseline,6,103,12.6377
baseline,6,104,12.4258
baseline,6,105,12.6238
baseline,6,106,12.2748
baseline,6,107,12.8192
baseline,6,108,12.6522
baseline,6,109,12.4232
baseline,6,110,12.3254
baseline,6,111,12.4737
baseline,6,112,12.7975
baseline,6,113,12.5065
baseline,6,114,12.4405
baseline,6,115,12.7143
baseline,6,116,12.198
baseline,6,117,12.3511
baseline,6,118,12.9279
baseline,6,119,12.4423
baseline,6,120,12.7275
baseline,6,121,12.7522
baseline,6,122,12.6181
baseline,6,123,12.6874
baseline,6,124,12.7664
baseline,6,125,12.5986
baseline,6,126,12.6355
baseline,6,127,12.9168
baseline,6,128,12.763
baseline,6,129,12.7817
baseline,6,130,12.8488
baseline,6,131,12.959
baseline,6,132,12.8127
baseline,6,133,13.0432
baseline,6,134,12.7243
baseline,6,135,12.9919
baseline,6,136,12.8636
baseline,6,137,12.9581
baseline,6,138,12.9691
baseline,6,139,13.1109
baseline,6,140,12.6597
baseline,6,141,13.2598
baseline,6,142,12.6744
baseline,6,143,12.7758
baseline,6,144,13.1606
baseline,6,145,13.1146
baseline,6,146,13.1137
baseline,6,147,13.005
baseline,6,148,12.9926
baseline,6,149,13.2426
baseline,6,150,13.9098
baseline,6,151,13.1688
baseline,6,152,13.339
baseline,6,153,13.0765
baseline,6,154,13.1132
baseline,6,155,13.0544
baseline,6,156,13.047
baseline,6,157,13.043
baseline,6,158,13.0563
baseline,6,159,13.2822
baseline,6,160,13.4226
baseline,6,161,13.1613
baseline,6,162,13.2339
baseline,6,163,13.1642
baseline,6,164,13.3303
baseline,6,165,13.1958
baseline,6,166,13.2402
baseline,6,167,12.8517
baseline,6,168,13.0232
baseline,6,169,13.0427
baseline,6,170,12.9598
baseline,6,171,13.3568
baseline,6,172,13.3182
baseline,6,173,13.3048
baseline,6,174,13.1738
baseline,6,175,13.7848
baseline,6,176,13.3606
baseline,6,177,13.1376
baseline,6,178,13.2664
baseline,6,179,13.5656
baseline,6,180,13.4681
baseline,6,181,13.3148
baseline,6,182,13.2685
baseline,6,183,13.3296
baseline,6,184,13.494
baseline,6,185,13.325
baseline,6,186,13.2673
baseline,6,187,13.4806
baseline,6,188,13.4235
baseline,6,189,13.5295
baseline,6,190,13.7967
baseline,6,191,13.3571
baseline,6,192,12.9764
baseline,6,193,13.0364
baseline,6,194,12.914
baseline,6,195,13.1923
baseline,6,196,13.2487
baseline,6,197,13.4459
baseline,6,198,13.5043
baseline,6,199,13.8592
baseline,6,200,13.774
baseline,6,201,13.7882
baseline,6,202,13.8619
baseline,6,203,13.7022
baseline,6,204,13.6624
baseline,6,205,13.4138
baseline,6,206,13.8404
baseline,6,207,13.6892
baseline,6,208,13.2144
baseline,6,209,13.553
baseline,6,210,13.8779
baseline,6,211,13.4803
baseline,6,212,13.8602
baseline,6,213,13.8655
baseline,6,214,13.8618
baseline,6,215,13.9411
baseline,6,216,13.7193
baseline,6,217,13.8993
baseline,6,218,13.6282
baseline,6,219,14.3125
baseline,6,220,13.7925
baseline,6,221,13.1772
baseline,6,222,13.8619
baseline,6,223,13.7765
baseline,6,224,13.7675
baseline,6,225,13.806
baseline,6,226,13.5416
baseline,6,227,13.8313
baseline,6,228,13.8851
baseline,6,229,13.9978
baseline,6,230,14.0738
baseline,6,231,14.1565
baseline,6,232,13.6549
baseline,6,233,14.0186
baseline,6,234,14.15
baseline,6,235,13.9487
baseline,6,236,14.0938
baseline,6,237,13.9313
baseline,6,238,14.1759
baseline,6,239,14.0068
baseline,6,240,14.1333
baseline,6,241,13.872
baseline,6,242,13.9263
baseline,6,243,14.2755
baseline,6,244,14.0481
baseline,6,245,14.1144
baseline,6,246,14.2735
baseline,6,247,13.9923
baseline,6,248,14.3818
baseline,6,249,14.2112
baseline,6,250,14.101
baseline,6,251,14.5501
baseline,6,252,14.1737
baseline,6,253,14.3314
baseline,6,254,14.7733
baseline,6,255,14.1677
baseline,6,256,14.6952
baseline,6,257,14.4031
baseline,6,258,14.1128
baseline,6,259,14.2831
baseline,6,260,14.1278
baseline,6,261,14.3914
baseline,6,262,13.6623
baseline,6,263,13.8274
baseline,6,264,14.357
baseline,6,265,14.5138
baseline,6,266,13.4881
baseline,6,267,13.867
baseline,6,268,14.359
baseline,6,269,14.0899
baseline,6,270,14.4397
baseline,6,271,14.5403
baseline,6,272,14.4319
baseline,6,273,13.8375
baseline,6,274,13.9245
baseline,6,275,14.2059
baseline,6,276,14.2973
baseline,6,277,14.349
baseline,6,278,14.7449
baseline,6,279,14.611
baseline,6,280,14.4489
baseline,6,281,14.6969
baseline,6,282,14.4509
baseline,6,283,14.2124
baseline,6,284,14.6365
baseline,6,285,14.4005
baseline,6,286,14.3634
baseline,6,287,14.5848
baseline,6,288,14.6657
baseline,6,289,14.5998
baseline,6,290,14.7318
baseline,6,291,14.9838
baseline,6,292,14.441
baseline,6,293,14.5066
baseline,6,294,14.4702
baseline,6,295,14.9859
baseline,6,296,15.4312
baseline,6,297,14.9225
baseline,6,298,14.8771
baseline,6,299,15.069
baseline,6,300,14.7806
baseline,6,301,15.1253
baseline,6,302,14.8642
baseline,6,303,14.245
baseline,6,304,14.5893
baseline,6,305,14.8802
baseline,6,306,14.6801
baseline,6,307,14.7436
baseline,6,308,14.9124
baseline,6,309,14.8914
baseline,6,310,14.9538
baseline,6,311,14.75
baseline,6,312,14.6291
baseline,6,313,14.7531
baseline,6,314,15.2399
baseline,6,315,14.5277
baseline,6,316,14.982
baseline,6,317,15.0769
baseline,6,318,14.965
baseline,6,319,14.9751
baseline,6,320,14.8081
baseline,6,321,15.1031
baseline,6,322,14.9407
baseline,6,323,15.0394
baseline,6,324,15.146
baseline,6,325,15.0224
baseline,6,326,15
baseline,6,327,14.8708
baseline,6,328,15.2203
baseline,6,329,14.9093
baseline,6,330,15.3783
baseline,6,331,14.6938
baseline,6,332,14.3948
baseline,6,333,14.4945
baseline,6,334,14.4248
baseline,6,335,14.5382
baseline,6,336,14.3339
baseline,6,337,14.5442
baseline,6,338,14.7679
baseline,6,339,15.2286
baseline,6,340,15.2127
baseline,6,341,15.1458
baseline,6,342,15.4623
baseline,6,343,15.359
baseline,6,344,15.4633
baseline,6,345,15.5717
baseline,6,346,15.1186
baseline,6,347,15.329
baseline,6,348,15.3936
baseline,6,349,15.3694
baseline,6,350,15.0743
baseline,6,351,15.2806
baseline,6,352,15.703
baseline,6,353,14.7771
baseline,6,354,15.0386
baseline,6,355,15.48
baseline,6,356,14.9207
baseline,6,357,15.4852
baseline,6,358,15.1918
baseline,6,359,15.1321
baseline,6,360,15.4082
baseline,6,361,15.2966
baseline,6,362,15.5611
baseline,6,363,15.1437
baseline,6,364,15.4793
baseline,6,365,15.3862
baseline,6,366,15.3574
baseline,6,367,15.2719
baseline,6,368,15.3811
baseline,6,369,15.2138
baseline,6,370,15.0339
baseline,6,371,15.7712
baseline,6,372,15.4138
baseline,6,373,15.3357
baseline,6,374,15.5134
baseline,6,375,15.5276
baseline,6,376,15.6119
baseline,6,377,15.8709
baseline,6,378,15.4077
baseline,6,379,15.8249
baseline,6,380,15.3283
baseline,6,381,15.8459
baseline,6,382,15.3334
baseline,6,383,15.6077
baseline,6,384,15.4328
baseline,6,385,15.5893
baseline,6,386,15.8276
baseline,6,387,15.6802
baseline,6,388,15.7848
baseline,6,389,15.6946
baseline,6,390,15.7522
baseline,6,391,16.0367
baseline,6,392,15.7357
baseline,6,393,15.9344
baseline,6,394,15.6686
baseline,6,395,15.6285
baseline,6,396,15.6426
baseline,6,397,15.7831
baseline,6,398,15.9568
baseline,6,399,15.3483
baseline,6,400,15.1652
baseline,6,401,15.8342
baseline,6,402,15.8801
baseline,6,403,16.2126
baseline,6,404,16.1177
baseline,6,405,15.703
baseline,6,406,15.7023
baseline,6,407,15.8873
baseline,6,408,15.6182
baseline,6,409,15.901
baseline,6,410,15.9712
baseline,6,411,15.8528
baseline,6,412,15.5863
baseline,6,413,16.1976
baseline,6,414,16.0459
baseline,6,415,16.0216
baseline,6,416,15.8247
baseline,6,417,16.0394
baseline,6,418,15.8657
baseline,6,419,15.6524
baseline,6,420,16.1619
baseline,6,421,15.8008
baseline,6,422,15.7435
baseline,6,423,16.1649
baseline,6,424,16.1983
baseline,6,425,16.2697
baseline,6,426,16.1535
baseline,6,427,16.3191
baseline,6,428,16.1123
baseline,6,429,15.5948
baseline,6,430,16.345
baseline,6,431,16.0681
baseline,6,432,16.2745
baseline,6,433,16.1417
baseline,6,434,16.3376
baseline,6,435,16.0251
baseline,6,436,16.3113
baseline,6,437,16.233
baseline,6,438,16.3349
baseline,6,439,15.9203
baseline,6,440,15.9129
baseline,6,441,15.8952
baseline,6,442,16.4747
baseline,6,443,16.3914
baseline,6,444,16.2846
baseline,6,445,16.5428
baseline,6,446,16.5051
baseline,6,447,16.1794
baseline,6,448,16.0444
baseline,6,449,16.3616
baseline,6,450,16.2239
baseline,6,451,16.1843
baseline,6,452,16.4731
baseline,6,453,16.3201
baseline,6,454,16.3498
baseline,6,455,16.3488
baseline,6,456,16.0165
baseline,6,457,16.0198
baseline,6,458,16.2056
baseline,6,459,16.042
baseline,6,460,15.9425
baseline,6,461,16.2422
baseline,6,462,16.1486
baseline,6,463,15.6995
baseline,6,464,15.8673
baseline,6,465,16.0035
baseline,6,466,16.0437
baseline,6,467,15.8026
baseline,6,468,15.9202
baseline,6,469,16.0159
baseline,6,470,16.0602
baseline,6,471,16.0502
baseline,6,472,16.8002
baseline,6,473,17.0311
baseline,6,474,16.89
baseline,6,475,16.906
baseline,6,476,17.3844
baseline,6,477,17.3901
baseline,6,478,17.1238
baseline,6,479,17.2003
baseline,6,480,17.3916
baseline,6,481,17.2065
baseline,6,482,17.5743
baseline,6,483,17.362
baseline,6,484,17.3212
baseline,6,485,17.195
baseline,6,486,17.0681
baseline,6,487,17.3918
baseline,6,488,17.3674
baseline,6,489,17.1826
baseline,6,490,17.0147
baseline,6,491,17.1778
baseline,6,492,17.6585
baseline,6,493,16.9128
baseline,6,494,17.2608
baseline,6,495,17.011
baseline,6,496,17.024
baseline,6,497,17.4494
baseline,6,498,16.9106
baseline,6,499,17.2404
baseline,6,500,17.2315
baseline,6,501,17.0079
baseline,6,502,17.551
baseline,6,503,17.0225
baseline,6,504,17.3298
baseline,6,505,17.3513
baseline,6,506,16.936
baseline,6,507,16.8219
baseline,6,508,17.1733
baseline,6,509,17.0312
baseline,6,510,17.283
baseline,6,511,17.2808
baseline,6,512,17.0142
baseline,6,513,17.1019
baseline,6,514,17.2919
baseline,6,515,17.1942
baseline,6,516,17.7097
baseline,6,517,17.5
baseline,6,518,17.087
baseline,6,519,17.2224
baseline,6,520,17.1511
baseline,6,521,17.4945
baseline,6,522,17.0437
baseline,6,523,17.6338
baseline,6,524,16.673
baseline,6,525,16.5468
baseline,6,526,17.2113
baseline,6,527,17.4285
baseline,6,528,16.7812
baseline,6,529,17.1182
baseline,6,530,17.0186
baseline,6,531,17.0431
baseline,6,532,17.3342
baseline,6,533,16.8112
baseline,6,534,17.3195
baseline,6,535,16.8905
baseline,6,536,17.1569
baseline,6,537,17.2602
baseline,6,538,16.8352
baseline,6,539,16.7121
baseline,6,540,17.0138
baseline,6,541,17.1118
baseline,6,542,17.25
baseline,6,543,16.7699
baseline,6,544,17.5655
baseline,6,545,17.6175
baseline,6,546,17.3954
baseline,6,547,18.3569
baseline,6,548,17.5837
baseline,6,549,17.2595
baseline,6,550,16.9638
baseline,6,551,17.2101
baseline,6,552,17.1787
baseline,6,553,17.3389
baseline,6,554,17.5605
baseline,6,555,17.0655
baseline,6,556,17.3276
baseline,6,557,17.4037
baseline,6,558,17.4014
baseline,6,559,17.0661
baseline,6,560,17.3177
baseline,6,561,17.2455
baseline,6,562,17.2412
baseline,6,563,16.8362
baseline,6,564,16.9385
baseline,6,565,17.1933
baseline,6,566,17.2001
baseline,6,567,17.0308
baseline,6,568,17.3143
baseline,6,569,17.7376
baseline,6,570,17.4045
baseline,6,571,17.4213
baseline,6,572,17.6196
baseline,6,573,17.4319
baseline,6,574,17.185
baseline,6,575,17.2826
baseline,6,576,17.0484
baseline,6,577,17.0712
baseline,6,578,16.8101
baseline,6,579,17.1727
baseline,6,580,16.786
baseline,6,581,16.9925
baseline,6,582,17.239
baseline,6,583,16.96
baseline,6,584,17.2539
baseline,6,585,17.249
baseline,6,586,17.2701
baseline,6,587,17.1941
baseline,6,588,17.1562
baseline,6,589,17.4225
baseline,6,590,16.7823
baseline,6,591,17.2988
baseline,6,592,16.9396
baseline,6,593,17.1012
baseline,6,594,17.1863
baseline,6,595,17.3384
baseline,6,596,17.1961
baseline,6,597,17.7108
baseline,6,598,17.2439
baseline,6,599,17.22
interleaved,6,0,59.8855
interleaved,6,1,11.3945
interleaved,6,2,11.1001
interleaved,6,3,11.1457
interleaved,6,4,10.7547
interleaved,6,5,11.2807
interleaved,6,6,11.319
interleaved,6,7,10.9437
interleaved,6,8,11.3496
interleaved,6,9,11.4011
interleaved,6,10,11.3559
interleaved,6,11,11.1827
interleaved,6,12,11.1552
interleaved,6,13,11.3718
interleaved,6,14,11.0251
interleaved,6,15,11.2795
interleaved,6,16,11.4795
interleaved,6,17,11.2917
interleaved,6,18,11.5539
interleaved,6,19,11.3635
interleaved,6,20,11.5939
interleaved,6,21,11.6257
interleaved,6,22,11.5053
interleaved,6,23,11.3538
interleaved,6,24,11.697
interleaved,6,25,11.5709
interleaved,6,26,11.8682
interleaved,6,27,11.6399
interleaved,6,28,11.4428
interleaved,6,29,11.457
interleaved,6,30,11.9983
interleaved,6,31,11.4257
interleaved,6,32,11.4147
interleaved,6,33,11.6426
interleaved,6,34,11.457
interleaved,6,35,11.8512
interleaved,6,36,11.9416
interleaved,6,37,11.7386
interleaved,6,38,11.5495
interleaved,6,39,11.3423
interleaved,6,40,11.6783
interleaved,6,41,11.4751
interleaved,6,42,11.7119
interleaved,6,43,11.8239
interleaved,6,44,11.6886
interleaved,6,45,11.8761
interleaved,6,46,11.9805
interleaved,6,47,11.6764
interleaved,6,48,12.0154
interleaved,6,49,11.8903
interleaved,6,50,11.6812
interleaved,6,51,11.904
interleaved,6,52,11.6835
interleaved,6,53,11.7837
interleaved,6,54,11.8437
interleaved,6,55,11.8765
interleaved,6,56,12.1699
interleaved,6,57,12.0407
interleaved,6,58,11.5119
interleaved,6,59,11.1681
interleaved,6,60,11.4515
interleaved,6,61,11.5732
interleaved,6,62,11.5408
interleaved,6,63,11.3355
interleaved,6,64,11.7608
interleaved,6,65,11.4503
interleaved,6,66,11.7472
interleaved,6,67,11.6991
interleaved,6,68,11.6312
interleaved,6,69,11.7611
interleaved,6,70,11.944
interleaved,6,71,12.1224
interleaved,6,72,11.9588
interleaved,6,73,11.7054
interleaved,6,74,12.0819
interleaved,6,75,11.8512
interleaved,6,76,11.94
interleaved,6,77,12.0825
interleaved,6,78,11.9191
interleaved,6,79,12.0421
interleaved,6,80,11.8088
interleaved,6,81,12.0352
interleaved,6,82,11.8894
interleaved,6,83,12.3912
interleaved,6,84,11.7376
interleaved,6,85,11.7298
interleaved,6,86,11.87
interleaved,6,87,11.9056
interleaved,6,88,11.8422
interleaved,6,89,11.8315
interleaved,6,90,11.8321
interleaved,6,91,12.7351
interleaved,6,92,12.5196
interleaved,6,93,11.7952
interleaved,6,94,11.9544
interleaved,6,95,11.9135
interleaved,6,96,11.9298
interleaved,6,97,12.1905
interleaved,6,98,12.4071
interleaved,6,99,12.0385
interleaved,6,100,12.153
interleaved,6,101,12.1036
interleaved,6,102,12.6952
interleaved,6,103,11.8317
interleaved,6,104,11.9025
interleaved,6,105,12.0475
interleaved,6,106,12.1113
interleaved,6,107,12.27
interleaved,6,108,12.3325
interleaved,6,109,12.2442
interleaved,6,110,12.2945
interleaved,6,111,18.8911
interleaved,6,112,18.2007
interleaved,6,113,15.1278
interleaved,6,114,14.6611
interleaved,6,115,12.5423
interleaved,6,116,12.4774
interleaved,6,117,13.1063
interleaved,6,118,12.274
interleaved,6,119,12.5315
interleaved,6,120,12.3337
interleaved,6,121,12.2151
interleaved,6,122,12.0226
interleaved,6,123,12.1348
interleaved,6,124,12.0859
interleaved,6,125,12.2282
interleaved,6,126,11.8635
interleaved,6,127,11.8845
interleaved,6,128,11.831
interleaved,6,129,11.7854
interleaved,6,130,11.8222
interleaved,6,131,11.9723
interleaved,6,132,12.021
interleaved,6,133,12.0645
interleaved,6,134,12.1489
interleaved,6,135,12.2919
interleaved,6,136,12.0977
interleaved,6,137,12.211
interleaved,6,138,12.2328
interleaved,6,139,12.6999
interleaved,6,140,12.3943
interleaved,6,141,12.147
interleaved,6,142,12.7316
interleaved,6,143,12.2033
interleaved,6,144,12.5402
interleaved,6,145,12.2798
interleaved,6,146,12.6759
interleaved,6,147,12.7492
interleaved,6,148,12.6537
interleaved,6,149,12.5776
interleaved,6,150,12.5065
interleaved,6,151,12.7077
interleaved,6,152,12.4768
interleaved,6,153,12.4328
interleaved,6,154,12.9686
interleaved,6,155,12.3482
interleaved,6,156,12.634
interleaved,6,157,12.8176
interleaved,6,158,12.9617
interleaved,6,159,12.8682
interleaved,6,160,12.8935
interleaved,6,161,12.8651
interleaved,6,162,12.693
interleaved,6,163,12.9837
interleaved,6,164,12.745
interleaved,6,165,12.9595
interleaved,6,166,13.1618
interleaved,6,167,13.0275
interleaved,6,168,12.7744
interleaved,6,169,13.1532
interleaved,6,170,13.133
interleaved,6,171,13.0721
interleaved,6,172,13.3547
interleaved,6,173,12.7589
interleaved,6,174,13.1982
interleaved,6,175,12.611
interleaved,6,176,12.7293
interleaved,6,177,12.6167
interleaved,6,178,12.8056
interleaved,6,179,12.7073
interleaved,6,180,12.8321
interleaved,6,181,12.8277
interleaved,6,182,13.0304
interleaved,6,183,12.7293
interleaved,6,184,12.8747
interleaved,6,185,12.9212
interleaved,6,186,12.768
interleaved,6,187,12.882
interleaved,6,188,12.6251
interleaved,6,189,12.697
interleaved,6,190,13.0288
interleaved,6,191,13.0225
interleaved,6,192,13.115
interleaved,6,193,12.6393
interleaved,6,194,13.117
interleaved,6,195,12.8163
interleaved,6,196,12.9729
interleaved,6,197,12.9931
interleaved,6,198,13.1912
interleaved,6,199,13.1178
interleaved,6,200,12.9412
interleaved,6,201,13.2246
interleaved,6,202,13.313
interleaved,6,203,13.0084
interleaved,6,204,13.1705
interleaved,6,205,13.3772
interleaved,6,206,13.0469
interleaved,6,207,13.5165
interleaved,6,208,13.5864
interleaved,6,209,13.7668
interleaved,6,210,13.1961
interleaved,6,211,13.1613
interleaved,6,212,13.0198
interleaved,6,213,13.3913
interleaved,6,214,13.518
interleaved,6,215,13.3641
interleaved,6,216,13.1323
interleaved,6,217,13.2685
interleaved,6,218,13.1201
interleaved,6,219,13.4017
interleaved,6,220,13.2243
interleaved,6,221,13.7042
interleaved,6,222,13.3536
interleaved,6,223,13.5541
interleaved,6,224,13.651
interleaved,6,225,13.4568
interleaved,6,226,13.609
interleaved,6,227,13.2133
interleaved,6,228,13.2484
interleaved,6,229,13.3709
interleaved,6,230,13.6996
interleaved,6,231,14.0622
interleaved,6,232,13.6645
interleaved,6,233,13.9396
interleaved,6,234,13.7633
interleaved,6,235,14.2438
interleaved,6,236,14.5528
interleaved,6,237,14.2293
interleaved,6,238,14.0075
interleaved,6,239,13.4303
interleaved,6,240,13.7683
interleaved,6,241,13.4483
interleaved,6,242,13.7703
interleaved,6,243,13.7552
interleaved,6,244,13.5725
interleaved,6,245,13.9725
interleaved,6,246,13.7638
interleaved,6,247,14.928
interleaved,6,248,14.2776
interleaved,6,249,13.8905
interleaved,6,250,13.7702
interleaved,6,251,13.7602
interleaved,6,252,13.9594
interleaved,6,253,13.7369
interleaved,6,254,13.4813
interleaved,6,255,13.9161
interleaved,6,256,14.1511
interleaved,6,257,13.9485
interleaved,6,258,13.8593
interleaved,6,259,14.0785
interleaved,6,260,14.1557
interleaved,6,261,14.1495
interleaved,6,262,13.868
interleaved,6,263,13.7315
interleaved,6,264,13.6054
interleaved,6,265,13.5669
interleaved,6,266,14.2502
interleaved,6,267,13.8074
interleaved,6,268,14.0192
interleaved,6,269,13.8215
interleaved,6,270,13.7882
interleaved,6,271,13.6602
interleaved,6,272,14.2768
interleaved,6,273,13.9068
interleaved,6,274,13.6125
interleaved,6,275,13.9105
interleaved,6,276,14.2398
interleaved,6,277,13.7172
interleaved,6,278,14.1992
interleaved,6,279,14.3014
interleaved,6,280,14.3478
interleaved,6,281,14.3505
interleaved,6,282,13.9808
interleaved,6,283,14.3484
interleaved,6,284,14.0242
interleaved,6,285,14.2018
interleaved,6,286,13.9292
interleaved,6,287,14.2616
interleaved,6,288,14.4765
interleaved,6,289,14.2508
interleaved,6,290,14.149
interleaved,6,291,14.2645
interleaved,6,292,14.4515
interleaved,6,293,14.0586
interleaved,6,294,14.3421
interleaved,6,295,14.6118
interleaved,6,296,14.1932
interleaved,6,297,14.3139
interleaved,6,298,14.5481
interleaved,6,299,13.8366
interleaved,6,300,13.8898
interleaved,6,301,14.105
interleaved,6,302,14.2628
interleaved,6,303,14.16
interleaved,6,304,13.9563
interleaved,6,305,14.0962
interleaved,6,306,14.3113
interleaved,6,307,14.2737
interleaved,6,308,13.9971
interleaved,6,309,14.0198
interleaved,6,310,14.5757
interleaved,6,311,14.377
interleaved,6,312,14.338
interleaved,6,313,13.9514
interleaved,6,314,14.6495
interleaved,6,315,14.2503
interleaved,6,316,14.4471
interleaved,6,317,14.3872
interleaved,6,318,14.2114
interleaved,6,319,15.028
interleaved,6,320,15.2564
interleaved,6,321,14.7446
interleaved,6,322,14.5542
interleaved,6,323,14.851
interleaved,6,324,14.4436
interleaved,6,325,14.3062
interleaved,6,326,14.6925
interleaved,6,327,14.7567
interleaved,6,328,14.682
interleaved,6,329,14.7146
interleaved,6,330,14.6413
interleaved,6,331,14.6575
interleaved,6,332,14.4221
interleaved,6,333,14.5867
interleaved,6,334,14.3815
interleaved,6,335,14.4258
interleaved,6,336,15.0109
interleaved,6,337,14.5677
interleaved,6,338,14.7435
interleaved,6,339,14.3313
interleaved,6,340,14.6617
interleaved,6,341,14.7722
interleaved,6,342,14.7665
interleaved,6,343,15.0986
interleaved,6,344,14.6529
interleaved,6,345,14.9581
interleaved,6,346,14.4719
interleaved,6,347,15.13
interleaved,6,348,14.5212
interleaved,6,349,14.7389
interleaved,6,350,14.4799
interleaved,6,351,14.731
interleaved,6,352,14.911
interleaved,6,353,14.7037
interleaved,6,354,14.6679
interleaved,6,355,14.9055
interleaved,6,356,15.1017
interleaved,6,357,15.0375
interleaved,6,358,14.9981
interleaved,6,359,14.8583
interleaved,6,360,14.5275
interleaved,6,361,15.0419
interleaved,6,362,14.9441
interleaved,6,363,14.8213
interleaved,6,364,14.9077
interleaved,6,365,14.8275
interleaved,6,366,14.6958
interleaved,6,367,14.7638
interleaved,6,368,14.7817
interleaved,6,369,15.15
interleaved,6,370,14.8771
interleaved,6,371,15.1053
interleaved,6,372,15.0455
interleaved,6,373,14.9191
interleaved,6,374,14.8533
interleaved,6,375,14.9123
interleaved,6,376,15.0668
interleaved,6,377,15.062
interleaved,6,378,15.0135
interleaved,6,379,15.3556
interleaved,6,380,15.3389
interleaved,6,381,14.8122
interleaved,6,382,14.9917
interleaved,6,383,14.952
interleaved,6,384,15.0619
interleaved,6,385,14.7378
interleaved,6,386,15.1002
interleaved,6,387,15.538
interleaved,6,388,22.7885
interleaved,6,389,15.1345
interleaved,6,390,14.9494
interleaved,6,391,14.9238
interleaved,6,392,14.8727
interleaved,6,393,14.6605
interleaved,6,394,15.284
interleaved,6,395,14.9135
interleaved,6,396,15.0495
interleaved,6,397,14.9346
interleaved,6,398,15.1991
interleaved,6,399,14.9467
interleaved,6,400,14.8767
interleaved,6,401,14.9785
interleaved,6,402,15.1328
interleaved,6,403,15.1341
interleaved,6,404,15.3939
interleaved,6,405,15.0147
interleaved,6,406,15.3326
interleaved,6,407,15.1988
interleaved,6,408,15.0029
interleaved,6,409,14.916
interleaved,6,410,15.1111
interleaved,6,411,15.4604
interleaved,6,412,15.4171
interleaved,6,413,15.5032
interleaved,6,414,15.1402
interleaved,6,415,15.0593
interleaved,6,416,15.1377
interleaved,6,417,15.0343
interleaved,6,418,15.3641
interleaved,6,419,15.2766
interleaved,6,420,15.7269
interleaved,6,421,15.8963
interleaved,6,422,15.4497
interleaved,6,423,15.3192
interleaved,6,424,15.942
interleaved,6,425,16.0531
interleaved,6,426,15.2235
interleaved,6,427,15.631
interleaved,6,428,15.6471
interleaved,6,429,15.1788
interleaved,6,430,15.4133
interleaved,6,431,16.0332
interleaved,6,432,15.9923
interleaved,6,433,15.5478
interleaved,6,434,15.8338
interleaved,6,435,16.0438
interleaved,6,436,15.963
interleaved,6,437,16.2458
interleaved,6,438,16.0559
interleaved,6,439,15.9041
interleaved,6,440,15.6383
interleaved,6,441,15.7396
interleaved,6,442,16.3561
interleaved,6,443,16.3332
interleaved,6,444,16.3716
interleaved,6,445,16.5881
interleaved,6,446,16.0819
interleaved,6,447,16.2983
interleaved,6,448,16.2295
interleaved,6,449,16.2156
interleaved,6,450,15.622
interleaved,6,451,15.5857
interleaved,6,452,15.9624
interleaved,6,453,15.6518
interleaved,6,454,15.7358
interleaved,6,455,15.79
interleaved,6,456,15.6115
interleaved,6,457,15.5795
interleaved,6,458,15.7926
interleaved,6,459,15.7688
interleaved,6,460,15.7325
interleaved,6,461,15.7003
interleaved,6,462,16.1756
interleaved,6,463,15.936
interleaved,6,464,15.2281
interleaved,6,465,15.4341
interleaved,6,466,15.5248
interleaved,6,467,15.9328
interleaved,6,468,16.5325
interleaved,6,469,16.3758
interleaved,6,470,16.471
interleaved,6,471,16.4409
interleaved,6,472,16.6043
interleaved,6,473,16.1807
interleaved,6,474,16.3286
interleaved,6,475,16.4744
interleaved,6,476,16.595
interleaved,6,477,17.1365
interleaved,6,478,17.2545
interleaved,6,479,16.3173
interleaved,6,480,17.3649
interleaved,6,481,17.021
interleaved,6,482,16.8409
interleaved,6,483,17.192
interleaved,6,484,16.6477
interleaved,6,485,16.24
interleaved,6,486,17.8495
interleaved,6,487,17.4113
interleaved,6,488,17.4402
interleaved,6,489,16.7228
interleaved,6,490,17.1957
interleaved,6,491,16.5191
interleaved,6,492,16.9652
interleaved,6,493,17.5022
interleaved,6,494,16.8514
interleaved,6,495,17.4663
interleaved,6,496,17.0069
interleaved,6,497,16.8035
interleaved,6,498,16.8415
interleaved,6,499,16.434
interleaved,6,500,16.3925
interleaved,6,501,16.6516
interleaved,6,502,16.3438
interleaved,6,503,16.3187
interleaved,6,504,16.4751
interleaved,6,505,16.4287
interleaved,6,506,16.1559
interleaved,6,507,16.5319
interleaved,6,508,16.3047
interleaved,6,509,16.3906
interleaved,6,510,16.346
interleaved,6,511,16.5623
interleaved,6,512,16.852
interleaved,6,513,16.7514
interleaved,6,514,17.1512
interleaved,6,515,16.8428
interleaved,6,516,16.6264
interleaved,6,517,16.7154
interleaved,6,518,16.7115
interleaved,6,519,16.5122
interleaved,6,520,16.5723
interleaved,6,521,16.6886
interleaved,6,522,16.5557
interleaved,6,523,17.1631
interleaved,6,524,17.0162
interleaved,6,525,17.6104
interleaved,6,526,17.5995
interleaved,6,527,16.7304
interleaved,6,528,16.8575
interleaved,6,529,16.7827
interleaved,6,530,17.0379
interleaved,6,531,16.6797
interleaved,6,532,16.6786
interleaved,6,533,16.4278
interleaved,6,534,16.7629
interleaved,6,535,16.7705
interleaved,6,536,16.8163
interleaved,6,537,16.7121
interleaved,6,538,16.45
interleaved,6,539,16.5074
interleaved,6,540,16.4522
interleaved,6,541,16.5462
interleaved,6,542,16.2976
interleaved,6,543,16.2846
interleaved,6,544,16.4997
interleaved,6,545,16.585
interleaved,6,546,16.6575
interleaved,6,547,16.6536
interleaved,6,548,16.5654
interleaved,6,549,16.6878
interleaved,6,550,16.652
interleaved,6,551,16.5422
interleaved,6,552,16.6901
interleaved,6,553,16.4365
interleaved,6,554,16.8775
interleaved,6,555,16.8642
interleaved,6,556,16.4668
interleaved,6,557,16.7052
interleaved,6,558,16.6723
interleaved,6,559,16.4864
interleaved,6,560,17.2378
interleaved,6,561,16.6977
interleaved,6,562,16.5185
interleaved,6,563,17.0167
interleaved,6,564,16.9503
interleaved,6,565,16.6905
interleaved,6,566,16.6046
interleaved,6,567,16.6193
interleaved,6,568,16.7937
interleaved,6,569,17.371
interleaved,6,570,16.5087
interleaved,6,571,16.4752
interleaved,6,572,16.5592
interleaved,6,573,16.6437
interleaved,6,574,16.9612
interleaved,6,575,17.4781
interleaved,6,576,16.6178
interleaved,6,577,17.028
interleaved,6,578,16.9387
interleaved,6,579,17.0231
interleaved,6,580,16.1347
interleaved,6,581,16.45
interleaved,6,582,16.6851
interleaved,6,583,16.875
interleaved,6,584,16.6623
interleaved,6,585,16.949
interleaved,6,586,16.8539
interleaved,6,587,16.7662
interleaved,6,588,16.7983
interleaved,6,589,17.1295
interleaved,6,590,16.8214
interleaved,6,591,17.1146
interleaved,6,592,16.7005
interleaved,6,593,16.8802
interleaved,6,594,17.0546
interleaved,6,595,16.7177
interleaved,6,596,16.8768
interleaved,6,597,16.5583
interleaved,6,598,16.7975
interleaved,6,599,16.267
interleaved,7,0,59.5889
interleaved,7,1,11.7231
interleaved,7,2,10.7478
interleaved,7,3,10.624
interleaved,7,4,10.1711
interleaved,7,5,10.0664
interleaved,7,6,10.6957
interleaved,7,7,10.6526
interleaved,7,8,11.4064
interleaved,7,9,10.9987
interleaved,7,10,10.6971
interleaved,7,11,11.1255
interleaved,7,12,10.8432
interleaved,7,13,10.9029
interleaved,7,14,10.8177
interleaved,7,15,10.7366
interleaved,7,16,10.8874
interleaved,7,17,10.8352
interleaved,7,18,10.8604
interleaved,7,19,11.0264
interleaved,7,20,10.9565
interleaved,7,21,11.0388
interleaved,7,22,10.9157
interleaved,7,23,11.0202
interleaved,7,24,10.8997
interleaved,7,25,10.9838
interleaved,7,26,11.1387
interleaved,7,27,11.0582
interleaved,7,28,11.1122
interleaved,7,29,11.0277
interleaved,7,30,11.0914
interleaved,7,31,10.8207
interleaved,7,32,10.4337
interleaved,7,33,11.1773
interleaved,7,34,10.9797
interleaved,7,35,11.1912
interleaved,7,36,12.1397
interleaved,7,37,12.3473
interleaved,7,38,11.1529
interleaved,7,39,10.7919
interleaved,7,40,11.9102
interleaved,7,41,11.4578
interleaved,7,42,12.2278
interleaved,7,43,11.1967
interleaved,7,44,12.5412
interleaved,7,45,12.146
interleaved,7,46,12.7929
interleaved,7,47,12.9341
interleaved,7,48,12.2167
interleaved,7,49,12.6958
interleaved,7,50,12.2763
interleaved,7,51,11.0062
interleaved,7,52,11.3523
interleaved,7,53,11.7198
interleaved,7,54,11.3257
interleaved,7,55,11.6858
interleaved,7,56,10.5157
interleaved,7,57,11.35
interleaved,7,58,11.7286
interleaved,7,59,11.5658
interleaved,7,60,12.2372
interleaved,7,61,11.226
interleaved,7,62,11.4685
interleaved,7,63,11.6531
interleaved,7,64,12.407
interleaved,7,65,12.2646
interleaved,7,66,12.3135
interleaved,7,67,11.8375
interleaved,7,68,12.1888
interleaved,7,69,12.1504
interleaved,7,70,12.4935
interleaved,7,71,12.1278
interleaved,7,72,12.1237
interleaved,7,73,12.1709
interleaved,7,74,12.1508
interleaved,7,75,12.1282
interleaved,7,76,12.3723
interleaved,7,77,12.3692
interleaved,7,78,12.515
interleaved,7,79,12.0872
interleaved,7,80,12.446
interleaved,7,81,12.2413
interleaved,7,82,12.1759
interleaved,7,83,12.3703
interleaved,7,84,12.5005
interleaved,7,85,12.4405
interleaved,7,86,12.5843
interleaved,7,87,12.5312
interleaved,7,88,12.2577
interleaved,7,89,11.8139
interleaved,7,90,11.575
interleaved,7,91,11.2568
interleaved,7,92,11.5677
interleaved,7,93,11.6025
interleaved,7,94,11.3596
interleaved,7,95,12.9616
interleaved,7,96,14.815
interleaved,7,97,11.9002
interleaved,7,98,10.9177
interleaved,7,99,10.9595
interleaved,7,100,11.4702
interleaved,7,101,12.1323
interleaved,7,102,11.641
interleaved,7,103,11.7346
interleaved,7,104,11.8595
interleaved,7,105,12.1885
interleaved,7,106,11.4155
interleaved,7,107,11.4291
interleaved,7,108,11.1945
interleaved,7,109,11.0454
interleaved,7,110,11.372
interleaved,7,111,11.6903
interleaved,7,112,11.6512
interleaved,7,113,11.9411
interleaved,7,114,11.9689
interleaved,7,115,11.7402
interleaved,7,116,12.8387
interleaved,7,117,13.4444
interleaved,7,118,12.8765
interleaved,7,119,13.2903
interleaved,7,120,12.6342
interleaved,7,121,12.4379
interleaved,7,122,13.098
interleaved,7,123,12.7988
interleaved,7,124,12.42
interleaved,7,125,13.8709
interleaved,7,126,13.0944
interleaved,7,127,16.0285
interleaved,7,128,15.9001
interleaved,7,129,14.1675
interleaved,7,130,12.681
interleaved,7,131,12.9833
interleaved,7,132,13.2382
interleaved,7,133,13.4224
interleaved,7,134,13.5796
interleaved,7,135,12.2952
interleaved,7,136,12.8794
interleaved,7,137,11.6978
interleaved,7,138,13.3584
interleaved,7,139,13.0027
interleaved,7,140,12.3636
interleaved,7,141,12.9893
interleaved,7,142,13.3625
interleaved,7,143,12.62
interleaved,7,144,12.8084
interleaved,7,145,13.2669
interleaved,7,146,13.8485
interleaved,7,147,12.1687
interleaved,7,148,12.9317
interleaved,7,149,12.9517
interleaved,7,150,13.2756
interleaved,7,151,13.526
interleaved,7,152,12.9787
interleaved,7,153,13.272
interleaved,7,154,13.1476
interleaved,7,155,12.9344
interleaved,7,156,13.0344
interleaved,7,157,13.3853
interleaved,7,158,13.0705
interleaved,7,159,13.1981
interleaved,7,160,12.9635
interleaved,7,161,13.1414
interleaved,7,162,13.1623
interleaved,7,163,13.0247
interleaved,7,164,13.4404
interleaved,7,165,13.5748
interleaved,7,166,13.4765
interleaved,7,167,13.3136
interleaved,7,168,13.2419
interleaved,7,169,13.5649
interleaved,7,170,13.107
interleaved,7,171,13.2872
interleaved,7,172,13.2055
interleaved,7,173,12.8375
interleaved,7,174,13.3194
interleaved,7,175,13.6573
interleaved,7,176,13.2267
interleaved,7,177,13.0991
interleaved,7,178,13.521
interleaved,7,179,12.8248
interleaved,7,180,13.2159
interleaved,7,181,12.9645
interleaved,7,182,13.9487
interleaved,7,183,13.4179
interleaved,7,184,13.7867
interleaved,7,185,13.2808
interleaved,7,186,13.0456
interleaved,7,187,13.1585
interleaved,7,188,12.9138
interleaved,7,189,13.2728
interleaved,7,190,13.2723
interleaved,7,191,13.0125
interleaved,7,192,13.5687
interleaved,7,193,13.6472
interleaved,7,194,13.1881
interleaved,7,195,13.4474
interleaved,7,196,13.4304
interleaved,7,197,13.4164
interleaved,7,198,13.0375
interleaved,7,199,13.8744
interleaved,7,200,13.8766
interleaved,7,201,13.2742
interleaved,7,202,12.9935
interleaved,7,203,13.5858
interleaved,7,204,13.1293
interleaved,7,205,13.6602
interleaved,7,206,15.2013
interleaved,7,207,13.9364
interleaved,7,208,13.3921
interleaved,7,209,13.376
interleaved,7,210,13.568
interleaved,7,211,13.6113
interleaved,7,212,13.146
interleaved,7,213,13.2374
interleaved,7,214,13.6145
interleaved,7,215,13.5393
interleaved,7,216,13.3272
interleaved,7,217,13.4304
interleaved,7,218,14.0051
interleaved,7,219,13.8798
interleaved,7,220,13.4853
interleaved,7,221,13.76
interleaved,7,222,13.9235
interleaved,7,223,13.9929
interleaved,7,224,13.658
interleaved,7,225,13.8013
interleaved,7,226,13.45
interleaved,7,227,13.9616
interleaved,7,228,13.7715
interleaved,7,229,13.778
interleaved,7,230,14.0638
interleaved,7,231,14.0708
interleaved,7,232,13.7643
interleaved,7,233,13.7859
interleaved,7,234,14.2446
interleaved,7,235,13.8635
interleaved,7,236,13.9476
interleaved,7,237,13.5724
interleaved,7,238,13.8802
interleaved,7,239,14.0216
interleaved,7,240,13.9028
interleaved,7,241,14.0237
interleaved,7,242,14.2125
interleaved,7,243,13.6862
interleaved,7,244,13.557
interleaved,7,245,13.9938
interleaved,7,246,14.0351
interleaved,7,247,14.1691
interleaved,7,248,14.2417
interleaved,7,249,14.4174
interleaved,7,250,14.2248
interleaved,7,251,14.3317
interleaved,7,252,14.1388
interleaved,7,253,14.5249
interleaved,7,254,14.7294
interleaved,7,255,14.2923
interleaved,7,256,14.0504
interleaved,7,257,14.3667
interleaved,7,258,14.0198
interleaved,7,259,14.2602
interleaved,7,260,14.0888
interleaved,7,261,14.677
interleaved,7,262,13.9051
interleaved,7,263,13.9546
interleaved,7,264,13.7723
interleaved,7,265,14.2676
interleaved,7,266,13.9157
interleaved,7,267,13.927
interleaved,7,268,14.431
interleaved,7,269,14.1275
interleaved,7,270,14.0179
interleaved,7,271,14.1833
interleaved,7,272,13.9384
interleaved,7,273,14.2456
interleaved,7,274,14.0583
interleaved,7,275,13.7461
interleaved,7,276,13.886
interleaved,7,277,13.9382
interleaved,7,278,14.3063
interleaved,7,279,14.1054
interleaved,7,280,14.0494
interleaved,7,281,14.1599
interleaved,7,282,14.2055
interleaved,7,283,14.6682
interleaved,7,284,14.944
interleaved,7,285,14.9495
interleaved,7,286,14.4352
interleaved,7,287,14.6513
interleaved,7,288,14.3174
interleaved,7,289,14.8268
interleaved,7,290,14.9083
interleaved,7,291,14.5069
interleaved,7,292,14.0717
interleaved,7,293,14.7139
interleaved,7,294,14.5049
interleaved,7,295,14.8037
interleaved,7,296,14.4032
interleaved,7,297,14.5931
interleaved,7,298,15.0723
interleaved,7,299,14.5405
interleaved,7,300,14.5444
interleaved,7,301,14.2822
interleaved,7,302,14.8221
interleaved,7,303,14.6209
interleaved,7,304,14.1523
interleaved,7,305,14.851
interleaved,7,306,14.1063
interleaved,7,307,13.8703
interleaved,7,308,13.6058
interleaved,7,309,13.9652
interleaved,7,310,13.7036
interleaved,7,311,13.8777
interleaved,7,312,13.7083
interleaved,7,313,13.8599
interleaved,7,314,13.8737
interleaved,7,315,14.2558
interleaved,7,316,14.7072
interleaved,7,317,14.3988
interleaved,7,318,14.6835
interleaved,7,319,14.3554
interleaved,7,320,14.5233
interleaved,7,321,14.4912
interleaved,7,322,14.4988
interleaved,7,323,14.6185
interleaved,7,324,14.5726
interleaved,7,325,14.8654
interleaved,7,326,14.627
interleaved,7,327,14.832
interleaved,7,328,14.4434
interleaved,7,329,14.3912
interleaved,7,330,14.6848
interleaved,7,331,14.356
interleaved,7,332,14.6078
interleaved,7,333,14.5299
interleaved,7,334,14.6334
interleaved,7,335,14.8575
interleaved,7,336,15.2563
interleaved,7,337,14.7872
interleaved,7,338,15.5059
interleaved,7,339,15.2095
interleaved,7,340,15.035
interleaved,7,341,15.4658
interleaved,7,342,15.2858
interleaved,7,343,15.709
interleaved,7,344,15.0105
interleaved,7,345,15.5423
interleaved,7,346,15.0567
interleaved,7,347,15.431
interleaved,7,348,15.8588
interleaved,7,349,15.1883
interleaved,7,350,15.2896
interleaved,7,351,14.8253
interleaved,7,352,14.8372
interleaved,7,353,15.1552
interleaved,7,354,14.6957
interleaved,7,355,15.222
interleaved,7,356,15.009
interleaved,7,357,15.2956
interleaved,7,358,15.0228
interleaved,7,359,14.8839
interleaved,7,360,14.8268
interleaved,7,361,14.8067
interleaved,7,362,15.2272
interleaved,7,363,14.9107
interleaved,7,364,14.7681
interleaved,7,365,15.193
interleaved,7,366,15.1173
interleaved,7,367,15.2706
interleaved,7,368,14.6931
interleaved,7,369,15.0786
interleaved,7,370,15.2846
interleaved,7,371,15.1728
interleaved,7,372,14.5156
interleaved,7,373,14.9545
interleaved,7,374,14.9172
interleaved,7,375,14.8022
interleaved,7,376,14.6587
interleaved,7,377,14.8454
interleaved,7,378,14.8865
interleaved,7,379,14.9878
interleaved,7,380,14.5597
interleaved,7,381,15.5933
interleaved,7,382,14.7737
interleaved,7,383,14.9157
interleaved,7,384,15.1192
interleaved,7,385,15.3384
interleaved,7,386,14.5319
interleaved,7,387,15.3151
interleaved,7,388,15.0954
interleaved,7,389,15.3688
interleaved,7,390,14.9743
interleaved,7,391,14.6725
interleaved,7,392,15.0675
interleaved,7,393,15.3453
interleaved,7,394,15.0618
interleaved,7,395,14.6465
interleaved,7,396,15.6606
interleaved,7,397,14.9765
interleaved,7,398,15.3807
interleaved,7,399,15.2118
interleaved,7,400,14.7612
interleaved,7,401,15.1821
interleaved,7,402,15.0968
interleaved,7,403,15.5235
interleaved,7,404,16.0543
interleaved,7,405,15.5627
interleaved,7,406,15.2388
interleaved,7,407,15.3637
interleaved,7,408,15.468
interleaved,7,409,15.7671
interleaved,7,410,15.752
interleaved,7,411,15.4662
interleaved,7,412,15.4595
interleaved,7,413,15.157
interleaved,7,414,15.2587
interleaved,7,415,15.6503
interleaved,7,416,15.6394
interleaved,7,417,15.6035
interleaved,7,418,15.5708
interleaved,7,419,15.6092
interleaved,7,420,15.7348
interleaved,7,421,15.4737
interleaved,7,422,15.8489
interleaved,7,423,15.784
interleaved,7,424,15.3573
interleaved,7,425,15.6492
interleaved,7,426,15.976
interleaved,7,427,15.2106
interleaved,7,428,15.0435
interleaved,7,429,15.2742
interleaved,7,430,15.3515
interleaved,7,431,15.1437
interleaved,7,432,15.2913
interleaved,7,433,15.5625
interleaved,7,434,15.5508
interleaved,7,435,14.9739
interleaved,7,436,15.0303
interleaved,7,437,15.2297
interleaved,7,438,15.0648
interleaved,7,439,14.9373
interleaved,7,440,15.5902
interleaved,7,441,15.553
interleaved,7,442,15.2485
interleaved,7,443,15.6238
interleaved,7,444,16.2503
interleaved,7,445,15.786
interleaved,7,446,15.0855
interleaved,7,447,15.3516
interleaved,7,448,15.0307
interleaved,7,449,15.5842
interleaved,7,450,15.8771
interleaved,7,451,15.4141
interleaved,7,452,15.4749
interleaved,7,453,15.4146
interleaved,7,454,15.3032
interleaved,7,455,16.0045
interleaved,7,456,15.677
interleaved,7,457,15.7614
interleaved,7,458,15.7105
interleaved,7,459,15.1294
interleaved,7,460,15.4345
interleaved,7,461,15.8035
interleaved,7,462,15.7815
interleaved,7,463,16.1425
interleaved,7,464,15.8194
interleaved,7,465,15.8364
interleaved,7,466,15.8084
interleaved,7,467,16.1375
interleaved,7,468,15.8958
interleaved,7,469,16.15
interleaved,7,470,15.6849
interleaved,7,471,15.9036
interleaved,7,472,16.4015
interleaved,7,473,16.5378
interleaved,7,474,16.6776
interleaved,7,475,16.7326
interleaved,7,476,16.6431
interleaved,7,477,16.6964
interleaved,7,478,16.7605
interleaved,7,479,16.9907
interleaved,7,480,17.1253
interleaved,7,481,16.2351
interleaved,7,482,16.2385
interleaved,7,483,16.3025
interleaved,7,484,16.3969
interleaved,7,485,16.4584
interleaved,7,486,16.4596
interleaved,7,487,16.3158
interleaved,7,488,16.1985
interleaved,7,489,16.2948
interleaved,7,490,16.189
interleaved,7,491,16.0735
interleaved,7,492,16.3947
interleaved,7,493,15.8855
interleaved,7,494,16.1217
interleaved,7,495,16.1769
interleaved,7,496,16.2235
interleaved,7,497,16.2477
interleaved,7,498,16.0572
interleaved,7,499,16.0146
interleaved,7,500,16.399
interleaved,7,501,16.0502
interleaved,7,502,16.1004
interleaved,7,503,15.9338
interleaved,7,504,16.0009
interleaved,7,505,16.5353
interleaved,7,506,17.2593
interleaved,7,507,17.2413
interleaved,7,508,17.9074
interleaved,7,509,17.2499
interleaved,7,510,17.1861
interleaved,7,511,17.6228
interleaved,7,512,16.8872
interleaved,7,513,17.4798
interleaved,7,514,17.1116
interleaved,7,515,16.3475
interleaved,7,516,16.6011
interleaved,7,517,16.5126
interleaved,7,518,16.7408
interleaved,7,519,16.8468
interleaved,7,520,16.6827
interleaved,7,521,16.7763
interleaved,7,522,16.6059
interleaved,7,523,16.2841
interleaved,7,524,16.6036
interleaved,7,525,16.4171
interleaved,7,526,16.2914
interleaved,7,527,16.5039
interleaved,7,528,16.9002
interleaved,7,529,16.667
interleaved,7,530,15.9558
interleaved,7,531,16.0993
interleaved,7,532,16.2993
interleaved,7,533,16.1865
interleaved,7,534,16.4728
interleaved,7,535,16.3742
interleaved,7,536,16.0744
interleaved,7,537,16.4693
interleaved,7,538,16.5061
interleaved,7,539,16.0069
interleaved,7,540,16.3904
interleaved,7,541,15.9611
interleaved,7,542,16.3457
interleaved,7,543,16.3226
interleaved,7,544,16.3746
interleaved,7,545,16.4026
interleaved,7,546,16.1279
interleaved,7,547,16.0446
interleaved,7,548,16.1261
interleaved,7,549,16.5439
interleaved,7,550,16.6876
interleaved,7,551,15.9949
interleaved,7,552,16.3369
interleaved,7,553,15.8756
interleaved,7,554,16.2774
interleaved,7,555,16.2852
interleaved,7,556,16.1489
interleaved,7,557,16.4344
interleaved,7,558,16.6876
interleaved,7,559,16.0572
interleaved,7,560,16.3437
interleaved,7,561,16.6352
interleaved,7,562,16.1121
interleaved,7,563,16.2645
interleaved,7,564,16.3045
interleaved,7,565,16.0104
interleaved,7,566,16.18
interleaved,7,567,16.1358
interleaved,7,568,16.5269
interleaved,7,569,16.1913
interleaved,7,570,16.2916
interleaved,7,571,16.298
interleaved,7,572,16.1272
interleaved,7,573,16.3692
interleaved,7,574,16.2596
interleaved,7,575,15.9531
interleaved,7,576,16.4302
interleaved,7,577,16.7666
interleaved,7,578,16.5463
interleaved,7,579,16.5079
interleaved,7,580,17.1775
interleaved,7,581,16.9917
interleaved,7,582,17.104
interleaved,7,583,16.8132
interleaved,7,584,16.6854
interleaved,7,585,16.5674
interleaved,7,586,16.692
interleaved,7,587,16.622
interleaved,7,588,16.7596
interleaved,7,589,16.3824
interleaved,7,590,16.5163
interleaved,7,591,16.8545
interleaved,7,592,16.5006
interleaved,7,593,16.9788
interleaved,7,594,16.762
interleaved,7,595,16.5747
interleaved,7,596,16.903
interleaved,7,597,16.3056
interleaved,7,598,16.5435
interleaved,7,599,16.7368
baseline,7,0,61.0016
baseline,7,1,11.2314
baseline,7,2,11.4954
baseline,7,3,11.7844
baseline,7,4,11.2826
baseline,7,5,11.215
baseline,7,6,11.4032
baseline,7,7,11.0725
baseline,7,8,11.4352
baseline,7,9,11.1802
baseline,7,10,11.4745
baseline,7,11,11.5591
baseline,7,12,11.3133
baseline,7,13,11.0627
baseline,7,14,11.5605
baseline,7,15,11.4325
baseline,7,16,11.4673
baseline,7,17,11.5232
baseline,7,18,11.4744
baseline,7,19,11.4886
baseline,7,20,11.4472
baseline,7,21,11.7935
baseline,7,22,11.4873
baseline,7,23,11.6622
baseline,7,24,11.4881
baseline,7,25,11.2972
baseline,7,26,11.8081
baseline,7,27,11.6308
baseline,7,28,11.8745
baseline,7,29,11.9701
baseline,7,30,11.5564
baseline,7,31,11.7102
baseline,7,32,11.3695
baseline,7,33,11.9485
baseline,7,34,11.674
baseline,7,35,11.6722
baseline,7,36,11.4017
baseline,7,37,11.4688
baseline,7,38,11.6937
baseline,7,39,12.0005
baseline,7,40,11.585
baseline,7,41,11.6635
baseline,7,42,11.7218
baseline,7,43,11.9633
baseline,7,44,11.7747
baseline,7,45,11.3134
baseline,7,46,11.653
baseline,7,47,11.26
baseline,7,48,11.3957
baseline,7,49,11.7876
baseline,7,50,11.7248
baseline,7,51,11.8871
baseline,7,52,12.071
baseline,7,53,12.0086
baseline,7,54,12.2592
baseline,7,55,12.3295
baseline,7,56,11.8267
baseline,7,57,11.4303
baseline,7,58,11.7058
baseline,7,59,11.5754
baseline,7,60,12.0334
baseline,7,61,11.9282
baseline,7,62,11.7784
baseline,7,63,12.0852
baseline,7,64,12.1378
baseline,7,65,11.9374
baseline,7,66,12.172
baseline,7,67,11.9165
baseline,7,68,11.9801
baseline,7,69,11.9075
baseline,7,70,12.3962
baseline,7,71,12.3185
baseline,7,72,12.2931
baseline,7,73,12.4102
baseline,7,74,12.463
baseline,7,75,12.0426
baseline,7,76,12.1394
baseline,7,77,11.9412
baseline,7,78,12.0614
baseline,7,79,12.1368
baseline,7,80,12.2216
baseline,7,81,12.3646
baseline,7,82,12.2423
baseline,7,83,12.038
baseline,7,84,12.1134
baseline,7,85,12.3543
baseline,7,86,12.4301
baseline,7,87,12.0966
baseline,7,88,12.3358
baseline,7,89,11.8748
baseline,7,90,12.5214
baseline,7,91,12.4915
baseline,7,92,12.543
baseline,7,93,12.268
baseline,7,94,12.2402
baseline,7,95,12.204
baseline,7,96,12.2667
baseline,7,97,12.6106
baseline,7,98,12.5201
baseline,7,99,12.5083
baseline,7,100,12.5704
baseline,7,101,12.2224
baseline,7,102,12.5147
baseline,7,103,12.6231
baseline,7,104,12.8297
baseline,7,105,12.7157
baseline,7,106,12.7085
baseline,7,107,12.7012
baseline,7,108,13.0028
baseline,7,109,12.336
baseline,7,110,11.8639
baseline,7,111,12.3052
baseline,7,112,12.3716
baseline,7,113,12.4395
baseline,7,114,12.5175
baseline,7,115,12.456
baseline,7,116,12.646
baseline,7,117,12.4607
baseline,7,118,12.7537
baseline,7,119,12.7084
baseline,7,120,12.619
baseline,7,121,12.4403
baseline,7,122,12.5386
baseline,7,123,12.2347
baseline,7,124,12.4977
baseline,7,125,12.4646
baseline,7,126,12.7578
baseline,7,127,12.6757
baseline,7,128,12.8501
baseline,7,129,12.7294
baseline,7,130,13.0675
baseline,7,131,12.8198
baseline,7,132,12.8033
baseline,7,133,12.7487
baseline,7,134,12.593
baseline,7,135,12.5785
baseline,7,136,12.725
baseline,7,137,13.0036
baseline,7,138,12.961
baseline,7,139,12.9814
baseline,7,140,12.7918
baseline,7,141,13.2354
baseline,7,142,13.1493
baseline,7,143,12.8247
baseline,7,144,12.9976
baseline,7,145,13.3686
baseline,7,146,12.9111
baseline,7,147,12.9632
baseline,7,148,12.8762
baseline,7,149,14.606
baseline,7,150,16.7899
baseline,7,151,18.2591
baseline,7,152,14.2248
baseline,7,153,13.9045
baseline,7,154,13.0653
baseline,7,155,12.919
baseline,7,156,13.0075
baseline,7,157,13.364
baseline,7,158,13.1049
baseline,7,159,12.9448
baseline,7,160,13.2557
baseline,7,161,13.2112
baseline,7,162,13.856
baseline,7,163,13.25
baseline,7,164,12.5697
baseline,7,165,13.4225
baseline,7,166,13.02
baseline,7,167,13.0922
baseline,7,168,13.4023
baseline,7,169,13.0949
baseline,7,170,13.0008
baseline,7,171,13.277
baseline,7,172,13.2822
baseline,7,173,13.1668
baseline,7,174,13.3303
baseline,7,175,13.2241
baseline,7,176,13.5571
baseline,7,177,13.4916
baseline,7,178,13.2036
baseline,7,179,12.9843
baseline,7,180,13.2993
baseline,7,181,13.5577
baseline,7,182,13.3275
baseline,7,183,13.1731
baseline,7,184,13.4786
baseline,7,185,13.3063
baseline,7,186,13.2936
baseline,7,187,13.366
baseline,7,188,13.3981
baseline,7,189,13.5823
baseline,7,190,13.4335
baseline,7,191,13.2188
baseline,7,192,13.461
baseline,7,193,13.4848
baseline,7,194,13.3578
baseline,7,195,13.7637
baseline,7,196,13.7495
baseline,7,197,13.5073
baseline,7,198,13.4606
baseline,7,199,13.7357
baseline,7,200,13.5201
baseline,7,201,13.9099
baseline,7,202,13.8029
baseline,7,203,13.913
baseline,7,204,13.6332
baseline,7,205,13.6895
baseline,7,206,13.6539
baseline,7,207,13.2734
baseline,7,208,13.4997
baseline,7,209,13.9656
baseline,7,210,14.0902
baseline,7,211,13.5744
baseline,7,212,13.034
baseline,7,213,13.506
baseline,7,214,13.7248
baseline,7,215,13.5613
baseline,7,216,13.7007
baseline,7,217,13.9778
baseline,7,218,14.103
baseline,7,219,13.6065
baseline,7,220,13.5685
baseline,7,221,14.0269
baseline,7,222,14.0252
baseline,7,223,13.5405
baseline,7,224,13.7474
baseline,7,225,14.0852
baseline,7,226,13.8908
baseline,7,227,13.7871
baseline,7,228,13.652
baseline,7,229,14.0853
baseline,7,230,13.5587
baseline,7,231,13.3754
baseline,7,232,13.2808
baseline,7,233,13.9419
baseline,7,234,13.6597
baseline,7,235,13.6692
baseline,7,236,13.7278
baseline,7,237,13.5956
baseline,7,238,13.2293
baseline,7,239,13.9474
baseline,7,240,13.9522
baseline,7,241,13.9778
baseline,7,242,14.0354
baseline,7,243,13.9158
baseline,7,244,14.2545
baseline,7,245,14.1395
baseline,7,246,14.1792
baseline,7,247,13.8866
baseline,7,248,14.2269
baseline,7,249,14.4975
baseline,7,250,14.1467
baseline,7,251,13.8963
baseline,7,252,14.8167
baseline,7,253,13.9471
baseline,7,254,13.9726
baseline,7,255,14.7294
baseline,7,256,14.1454
baseline,7,257,14.2829
baseline,7,258,14.044
baseline,7,259,14.7422
baseline,7,260,14.4429
baseline,7,261,14.289
baseline,7,262,14.7112
baseline,7,263,14.5494
baseline,7,264,14.3964
baseline,7,265,14.4608
baseline,7,266,14.2834
baseline,7,267,14.5265
baseline,7,268,14.157
baseline,7,269,14.1334
baseline,7,270,14.2825
baseline,7,271,14.4697
baseline,7,272,14.751
baseline,7,273,14.3624
baseline,7,274,14.486
baseline,7,275,14.736
baseline,7,276,14.3285
baseline,7,277,14.9124
baseline,7,278,14.6508
baseline,7,279,14.1707
baseline,7,280,14.0221
baseline,7,281,14.4335
baseline,7,282,14.4112
baseline,7,283,14.0342
baseline,7,284,14.7699
baseline,7,285,14.279
baseline,7,286,14.8016
baseline,7,287,14.4782
baseline,7,288,14.7035
baseline,7,289,14.7452
baseline,7,290,14.6544
baseline,7,291,14.9108
baseline,7,292,14.6475
baseline,7,293,14.8863
baseline,7,294,14.6766
baseline,7,295,14.8691
baseline,7,296,14.2783
baseline,7,297,14.228
baseline,7,298,15.0206
baseline,7,299,14.9912
baseline,7,300,14.6106
baseline,7,301,14.4436
baseline,7,302,14.8997
baseline,7,303,14.5759
baseline,7,304,14.7585
baseline,7,305,14.7941
baseline,7,306,15.0343
baseline,7,307,15.6318
baseline,7,308,14.6813
baseline,7,309,14.5523
baseline,7,310,14.824
baseline,7,311,14.7161
baseline,7,312,14.9325
baseline,7,313,14.7932
baseline,7,314,14.9765
baseline,7,315,15.091
baseline,7,316,14.8863
baseline,7,317,14.801
baseline,7,318,15.1495
baseline,7,319,14.8764
baseline,7,320,14.7733
baseline,7,321,14.7673
baseline,7,322,14.9044
baseline,7,323,15.0805
baseline,7,324,15.2326
baseline,7,325,15.1087
baseline,7,326,14.9883
baseline,7,327,15.0836
baseline,7,328,14.9754
baseline,7,329,14.8634
baseline,7,330,15.1524
baseline,7,331,15.401
baseline,7,332,15.1715
baseline,7,333,15.1709
baseline,7,334,14.9251
baseline,7,335,15.047
baseline,7,336,14.852
baseline,7,337,15.538
baseline,7,338,14.8975
baseline,7,339,15.0041
baseline,7,340,15.2071
baseline,7,341,15.2337
baseline,7,342,15.5208
baseline,7,343,15.2945
baseline,7,344,15.2635
baseline,7,345,14.8554
baseline,7,346,15.1859
baseline,7,347,15.0922
baseline,7,348,15.157
baseline,7,349,14.9605
baseline,7,350,15.0572
baseline,7,351,15.4787
baseline,7,352,15.3346
baseline,7,353,15.5707
baseline,7,354,15.4403
baseline,7,355,15.4603
baseline,7,356,15.4748
baseline,7,357,15.5516
baseline,7,358,15.4549
baseline,7,359,15.5422
baseline,7,360,14.8401
baseline,7,361,14.9836
baseline,7,362,17.0931
baseline,7,363,15.1102
baseline,7,364,15.2511
baseline,7,365,15.3492
baseline,7,366,15.2256
baseline,7,367,15.3335
baseline,7,368,15.5093
baseline,7,369,15.5965
baseline,7,370,15.5511
baseline,7,371,15.5963
baseline,7,372,15.7061
baseline,7,373,15.6764
baseline,7,374,15.5914
baseline,7,375,16.0125
baseline,7,376,15.5835
baseline,7,377,15.468
baseline,7,378,15.4497
baseline,7,379,15.5481
baseline,7,380,15.8892
baseline,7,381,15.4923
baseline,7,382,15.9764
baseline,7,383,15.7544
baseline,7,384,16.0022
baseline,7,385,15.6791
baseline,7,386,15.7031
baseline,7,387,15.7705
baseline,7,388,15.6553
baseline,7,389,15.8562
baseline,7,390,15.4339
baseline,7,391,15.6294
baseline,7,392,15.7956
baseline,7,393,15.7772
baseline,7,394,16.3469
baseline,7,395,15.6755
baseline,7,396,15.8684
baseline,7,397,15.8044
baseline,7,398,15.9834
baseline,7,399,15.8965
baseline,7,400,16.0632
baseline,7,401,15.89
baseline,7,402,15.823
baseline,7,403,16.126
baseline,7,404,15.9966
baseline,7,405,15.6993
baseline,7,406,16.2925
baseline,7,407,15.802
baseline,7,408,16.0115
baseline,7,409,15.6249
baseline,7,410,16.2125
baseline,7,411,15.969
baseline,7,412,15.8495
baseline,7,413,16.0615
baseline,7,414,16.2696
baseline,7,415,16.9547
baseline,7,416,16.3283
baseline,7,417,16.2877
baseline,7,418,15.9605
baseline,7,419,15.8103
baseline,7,420,15.7588
baseline,7,421,16.3299
baseline,7,422,15.9424
baseline,7,423,15.96
baseline,7,424,15.9478
baseline,7,425,16.0619
baseline,7,426,16.015
baseline,7,427,15.9074
baseline,7,428,16.191
baseline,7,429,16.0692
baseline,7,430,16.3014
baseline,7,431,16.0063
baseline,7,432,16.3612
baseline,7,433,16.4438
baseline,7,434,15.9117
baseline,7,435,16.0888
baseline,7,436,16.484
baseline,7,437,16.6957
baseline,7,438,16.4129
baseline,7,439,16.1437
baseline,7,440,16.016
baseline,7,441,16.7797
baseline,7,442,16.1379
baseline,7,443,15.9362
baseline,7,444,16.51
baseline,7,445,16.2149
baseline,7,446,16.4242
baseline,7,447,16.3348
baseline,7,448,16.5023
baseline,7,449,16.4443
baseline,7,450,16.2258
baseline,7,451,16.7122
baseline,7,452,16.1469
baseline,7,453,16.6506
baseline,7,454,16.8228
baseline,7,455,16.5167
baseline,7,456,16.3575
baseline,7,457,16.2923
baseline,7,458,16.7763
baseline,7,459,16.3111
baseline,7,460,16.3398
baseline,7,461,16.8333
baseline,7,462,16.4117
baseline,7,463,16.8082
baseline,7,464,16.286
baseline,7,465,16.5015
baseline,7,466,16.5158
baseline,7,467,16.887
baseline,7,468,16.3207
baseline,7,469,16.6932
baseline,7,470,16.3023
baseline,7,471,16.4418
baseline,7,472,17.5123
baseline,7,473,17.4176
baseline,7,474,17.2672
baseline,7,475,17.5993
baseline,7,476,17.084
baseline,7,477,16.9243
baseline,7,478,17.3085
baseline,7,479,16.9625
baseline,7,480,17.4833
baseline,7,481,17.052
baseline,7,482,17.3204
baseline,7,483,17.489
baseline,7,484,17.4987
baseline,7,485,17.2761
baseline,7,486,16.9348
baseline,7,487,17.0886
baseline,7,488,17.2862
baseline,7,489,17.6707
baseline,7,490,17.589
baseline,7,491,17.7627
baseline,7,492,16.4461
baseline,7,493,16.6786
baseline,7,494,16.9284
baseline,7,495,16.7486
baseline,7,496,17.2869
baseline,7,497,17.3785
baseline,7,498,17.1642
baseline,7,499,16.9937
baseline,7,500,17.1019
baseline,7,501,17.3804
baseline,7,502,17.2265
baseline,7,503,17.4741
baseline,7,504,17.8153
baseline,7,505,17.5809
baseline,7,506,16.8993
baseline,7,507,16.9584
baseline,7,508,16.8899
baseline,7,509,17.1105
baseline,7,510,17.2855
baseline,7,511,17.2243
baseline,7,512,17.4187
baseline,7,513,17.3174
baseline,7,514,17.1562
baseline,7,515,17.2762
baseline,7,516,16.959
baseline,7,517,17.1584
baseline,7,518,17.1925
baseline,7,519,17.7638
baseline,7,520,17.2496
baseline,7,521,17.1883
baseline,7,522,17.3227
baseline,7,523,17.3302
baseline,7,524,17.2473
baseline,7,525,17.0135
baseline,7,526,17.3536
baseline,7,527,17.3655
baseline,7,528,17.1376
baseline,7,529,17.1888
baseline,7,530,17.1282
baseline,7,531,16.8578
baseline,7,532,17.4355
baseline,7,533,17.3075
baseline,7,534,17.2339
baseline,7,535,17.3645
baseline,7,536,17.0995
baseline,7,537,17.291
baseline,7,538,17.3348
baseline,7,539,17.2936
baseline,7,540,17.2535
baseline,7,541,17.4508
baseline,7,542,16.8479
baseline,7,543,17.5019
baseline,7,544,17.3534
baseline,7,545,16.875
baseline,7,546,17.5263
baseline,7,547,17.1311
baseline,7,548,17.3294
baseline,7,549,17.1707
baseline,7,550,16.7291
baseline,7,551,17.068
baseline,7,552,17.2473
baseline,7,553,17.0121
baseline,7,554,17.4789
baseline,7,555,18.1983
baseline,7,556,17.4749
baseline,7,557,17.2688
baseline,7,558,16.8565
baseline,7,559,17.3462
baseline,7,560,17.2799
baseline,7,561,17.3989
baseline,7,562,17.4378
baseline,7,563,17.0062
baseline,7,564,16.6446
baseline,7,565,16.6555
baseline,7,566,16.8563
baseline,7,567,16.6064
baseline,7,568,16.6352
baseline,7,569,17.0095
baseline,7,570,16.7207
baseline,7,571,16.732
baseline,7,572,16.9387
baseline,7,573,16.8197
baseline,7,574,17.1015
baseline,7,575,17.0377
baseline,7,576,17.0456
baseline,7,577,17.2949
baseline,7,578,17.1758
baseline,7,579,17.3785
baseline,7,580,17.0271
baseline,7,581,17.4919
baseline,7,582,17.111
baseline,7,583,17.2782
baseline,7,584,16.9922
baseline,7,585,17.7585
baseline,7,586,16.6275
baseline,7,587,16.8103
baseline,7,588,16.9577
baseline,7,589,17.1001
baseline,7,590,17.2846
baseline,7,591,17.4699
baseline,7,592,17.1943
baseline,7,593,17.3102
baseline,7,594,16.7169
baseline,7,595,17.7416
baseline,7,596,17.6858
baseline,7,597,17.1359
baseline,7,598,17.306
baseline,7,599,17.2937
baseline,8,0,59.7881
baseline,8,1,11.5302
baseline,8,2,11.4664
baseline,8,3,11.2547
baseline,8,4,11.4776
baseline,8,5,11.2629
baseline,8,6,11.358
baseline,8,7,11.3365
baseline,8,8,11.0766
baseline,8,9,11.1123
baseline,8,10,11.1892
baseline,8,11,11.5412
baseline,8,12,11.136
baseline,8,13,11.3247
baseline,8,14,11.3467
baseline,8,15,11.5632
baseline,8,16,11.5625
baseline,8,17,11.5943
baseline,8,18,11.8718
baseline,8,19,11.7171
baseline,8,20,11.1173
baseline,8,21,10.8599
baseline,8,22,11.6714
baseline,8,23,11.7804
baseline,8,24,11.9497
baseline,8,25,11.267
baseline,8,26,11.4172
baseline,8,27,11.6704
baseline,8,28,12.1043
baseline,8,29,11.7469
baseline,8,30,11.6212
baseline,8,31,11.7258
baseline,8,32,11.8685
baseline,8,33,11.4301
baseline,8,34,11.7228
baseline,8,35,11.4655
baseline,8,36,11.465
baseline,8,37,11.7607
baseline,8,38,11.657
baseline,8,39,11.7875
baseline,8,40,11.6983
baseline,8,41,11.713
baseline,8,42,12.139
baseline,8,43,12.0966
baseline,8,44,11.5352
baseline,8,45,11.6684
baseline,8,46,11.6392
baseline,8,47,11.6701
baseline,8,48,11.858
baseline,8,49,11.8808
baseline,8,50,11.7068
baseline,8,51,11.7258
baseline,8,52,11.9021
baseline,8,53,11.9305
baseline,8,54,11.8831
baseline,8,55,12.0034
baseline,8,56,11.9117
baseline,8,57,12.0225
baseline,8,58,11.9341
baseline,8,59,12.0168
baseline,8,60,11.7073
baseline,8,61,12.3561
baseline,8,62,12.045
baseline,8,63,11.8517
baseline,8,64,12.2047
baseline,8,65,12.0723
baseline,8,66,12.1346
baseline,8,67,12.2295
baseline,8,68,12.0193
baseline,8,69,12.1469
baseline,8,70,12.1999
baseline,8,71,12.3286
baseline,8,72,12.075
baseline,8,73,12.3585
baseline,8,74,12.2317
baseline,8,75,12.028
baseline,8,76,12.2498
baseline,8,77,12.2652
baseline,8,78,11.8219
baseline,8,79,11.757
baseline,8,80,12.2412
baseline,8,81,11.9522
baseline,8,82,12.4133
baseline,8,83,12.1418
baseline,8,84,12.1773
baseline,8,85,12.1591
baseline,8,86,12.0965
baseline,8,87,12.0875
baseline,8,88,12.287
baseline,8,89,12.5113
baseline,8,90,12.2093
baseline,8,91,12.0735
baseline,8,92,12.2232
baseline,8,93,12.6465
baseline,8,94,12.2128
baseline,8,95,12.6533
baseline,8,96,12.1785
baseline,8,97,12.3378
baseline,8,98,12.9014
baseline,8,99,12.3733
baseline,8,100,12.6661
baseline,8,101,12.7197
baseline,8,102,13.5716
baseline,8,103,12.7
baseline,8,104,12.543
baseline,8,105,12.4491
baseline,8,106,12.8767
baseline,8,107,12.5922
baseline,8,108,12.468
baseline,8,109,12.3883
baseline,8,110,12.4916
baseline,8,111,12.6684
baseline,8,112,12.9406
baseline,8,113,12.6568
baseline,8,114,13.0975
baseline,8,115,12.6812
baseline,8,116,12.3922
baseline,8,117,12.853
baseline,8,118,12.6259
baseline,8,119,12.572
baseline,8,120,12.7442
baseline,8,121,12.2203
baseline,8,122,12.4404
baseline,8,123,12.3845
baseline,8,124,12.6457
baseline,8,125,12.7257
baseline,8,126,13.0527
baseline,8,127,13.0057
baseline,8,128,12.8052
baseline,8,129,12.5592
baseline,8,130,12.8199
baseline,8,131,13.0525
baseline,8,132,12.8555
baseline,8,133,12.8652
baseline,8,134,12.8208
baseline,8,135,12.9254
baseline,8,136,12.6659
baseline,8,137,13.1386
baseline,8,138,12.7079
baseline,8,139,12.6961
baseline,8,140,12.8695
baseline,8,141,12.8543
baseline,8,142,12.975
baseline,8,143,13.2327
baseline,8,144,12.7194
baseline,8,145,13.2975
baseline,8,146,12.915
baseline,8,147,12.2935
baseline,8,148,12.8661
baseline,8,149,12.9259
baseline,8,150,12.9303
baseline,8,151,12.9166
baseline,8,152,13.1952
baseline,8,153,12.6587
baseline,8,154,13.6186
baseline,8,155,12.8545
baseline,8,156,13.473
baseline,8,157,13.1022
baseline,8,158,12.9818
baseline,8,159,13.0471
baseline,8,160,13.1216
baseline,8,161,12.9057
baseline,8,162,12.9865
baseline,8,163,13.0068
baseline,8,164,12.9344
baseline,8,165,13.3743
baseline,8,166,13.0412
baseline,8,167,13.4548
baseline,8,168,13.3237
baseline,8,169,13.1318
baseline,8,170,13.3083
baseline,8,171,12.9762
baseline,8,172,13.4858
baseline,8,173,13.5654
baseline,8,174,13.4041
baseline,8,175,13.5086
baseline,8,176,13.3473
baseline,8,177,13.1192
baseline,8,178,13.47
baseline,8,179,13.2
baseline,8,180,13.391
baseline,8,181,13.4516
baseline,8,182,13.5882
baseline,8,183,13.4357
baseline,8,184,13.4315
baseline,8,185,12.527
baseline,8,186,13.5968
baseline,8,187,13.6499
baseline,8,188,13.7287
baseline,8,189,13.477
baseline,8,190,13.0107
baseline,8,191,12.9492
baseline,8,192,13.3623
baseline,8,193,13.8748
baseline,8,194,14.1735
baseline,8,195,13.5297
baseline,8,196,13.6202
baseline,8,197,13.728
baseline,8,198,13.4656
baseline,8,199,13.3866
baseline,8,200,13.8253
baseline,8,201,13.55
baseline,8,202,13.742
baseline,8,203,13.753
baseline,8,204,13.3341
baseline,8,205,13.8648
baseline,8,206,13.7278
baseline,8,207,13.6018
baseline,8,208,13.6827
baseline,8,209,13.4421
baseline,8,210,13.6546
baseline,8,211,13.8565
baseline,8,212,13.6736
baseline,8,213,14.0063
baseline,8,214,14.024
baseline,8,215,13.7688
baseline,8,216,13.9866
baseline,8,217,13.593
baseline,8,218,13.698
baseline,8,219,13.7782
baseline,8,220,14.1028
baseline,8,221,14.0436
baseline,8,222,14.0333
baseline,8,223,13.8137
baseline,8,224,13.8666
baseline,8,225,13.6922
baseline,8,226,13.8186
baseline,8,227,13.9099
baseline,8,228,13.8362
baseline,8,229,14.1663
baseline,8,230,14.0075
baseline,8,231,13.6422
baseline,8,232,13.8951
baseline,8,233,13.9364
baseline,8,234,14.0116
baseline,8,235,14.0082
baseline,8,236,13.9402
baseline,8,237,13.9272
baseline,8,238,13.9308
baseline,8,239,14.1157
baseline,8,240,14.1382
baseline,8,241,13.687
baseline,8,242,13.8193
baseline,8,243,13.6222
baseline,8,244,14.1047
baseline,8,245,13.5478
baseline,8,246,13.6857
baseline,8,247,14.0242
baseline,8,248,14.2273
baseline,8,249,14.6005
baseline,8,250,14.13
baseline,8,251,14.3492
baseline,8,252,14.0399
baseline,8,253,14.6815
baseline,8,254,14.655
baseline,8,255,14.2742
baseline,8,256,14.4252
baseline,8,257,14.5857
baseline,8,258,14.4575
baseline,8,259,14.3243
baseline,8,260,14.1309
baseline,8,261,13.9364
baseline,8,262,14.4718
baseline,8,263,14.2444
baseline,8,264,14.594
baseline,8,265,14.1985
baseline,8,266,14.4644
baseline,8,267,14.2907
baseline,8,268,14.375
baseline,8,269,14.4474
baseline,8,270,14.6284
baseline,8,271,14.4098
baseline,8,272,14.5767
baseline,8,273,15.292
baseline,8,274,14.566
baseline,8,275,14.2235
baseline,8,276,14.6019
baseline,8,277,14.5077
baseline,8,278,14.2401
baseline,8,279,14.6526
baseline,8,280,14.3502
baseline,8,281,14.6028
baseline,8,282,14.573
baseline,8,283,14.5935
baseline,8,284,14.6874
baseline,8,285,14.4745
baseline,8,286,14.3806
baseline,8,287,14.3643
baseline,8,288,14.2637
baseline,8,289,14.7315
baseline,8,290,14.576
baseline,8,291,14.4414
baseline,8,292,14.5498
baseline,8,293,14.5507
baseline,8,294,14.3625
baseline,8,295,14.5784
baseline,8,296,14.5214
baseline,8,297,14.346
baseline,8,298,14.7496
baseline,8,299,14.9637
baseline,8,300,14.5608
baseline,8,301,14.487
baseline,8,302,14.7321
baseline,8,303,15.1634
baseline,8,304,14.7573
baseline,8,305,14.7633
baseline,8,306,14.8711
baseline,8,307,14.9106
baseline,8,308,14.9357
baseline,8,309,14.9724
baseline,8,310,14.9001
baseline,8,311,14.4557
baseline,8,312,14.7713
baseline,8,313,14.8015
baseline,8,314,14.7885
baseline,8,315,14.7851
baseline,8,316,14.677
baseline,8,317,14.8336
baseline,8,318,14.9952
baseline,8,319,14.8185
baseline,8,320,14.9963
baseline,8,321,14.7376
baseline,8,322,15.0651
baseline,8,323,14.7901
baseline,8,324,14.7511
baseline,8,325,14.4016
baseline,8,326,14.6165
baseline,8,327,15.0614
baseline,8,328,15.161
baseline,8,329,15.3846
baseline,8,330,14.8551
baseline,8,331,14.935
baseline,8,332,14.8463
baseline,8,333,15.1949
baseline,8,334,15.1858
baseline,8,335,15.1549
baseline,8,336,15.0424
baseline,8,337,15.3201
baseline,8,338,14.9616
baseline,8,339,15.4017
baseline,8,340,14.9792
baseline,8,341,14.4976
baseline,8,342,15.1883
baseline,8,343,15.5365
baseline,8,344,15.335
baseline,8,345,15.1628
baseline,8,346,15.4497
baseline,8,347,15.3623
baseline,8,348,15.1901
baseline,8,349,15.1411
baseline,8,350,15.2732
baseline,8,351,15.716
baseline,8,352,15.3316
baseline,8,353,15.4373
baseline,8,354,15.224
baseline,8,355,15.2198
baseline,8,356,15.3849
baseline,8,357,14.9186
baseline,8,358,15.008
baseline,8,359,15.1511
baseline,8,360,14.8083
baseline,8,361,15.1689
baseline,8,362,15.4809
baseline,8,363,15.0883
baseline,8,364,15.307
baseline,8,365,15.7701
baseline,8,366,15.268
baseline,8,367,15.8295
baseline,8,368,14.405
baseline,8,369,15.5636
baseline,8,370,15.2583
baseline,8,371,15.59
baseline,8,372,15.6375
baseline,8,373,15.5062
baseline,8,374,15.0597
baseline,8,375,15.2205
baseline,8,376,15.6677
baseline,8,377,15.6061
baseline,8,378,15.5205
baseline,8,379,15.8371
baseline,8,380,15.8615
baseline,8,381,15.5885
baseline,8,382,15.7633
baseline,8,383,15.4843
baseline,8,384,15.4806
baseline,8,385,16.0723
baseline,8,386,15.5977
baseline,8,387,15.6134
baseline,8,388,16.2296
baseline,8,389,16.2346
baseline,8,390,15.7626
baseline,8,391,15.7542
baseline,8,392,15.9873
baseline,8,393,15.3819
baseline,8,394,16.2329
baseline,8,395,16.0758
baseline,8,396,15.9143
baseline,8,397,15.6466
baseline,8,398,15.6334
baseline,8,399,15.7623
baseline,8,400,15.744
baseline,8,401,15.9158
baseline,8,402,15.6919
baseline,8,403,15.7406
baseline,8,404,16.3139
baseline,8,405,15.6564
baseline,8,406,16.1775
baseline,8,407,15.8102
baseline,8,408,15.3376
baseline,8,409,16.2241
baseline,8,410,16.1556
baseline,8,411,16.1705
baseline,8,412,16.076
baseline,8,413,16.1182
baseline,8,414,16.2158
baseline,8,415,16.1777
baseline,8,416,15.8573
baseline,8,417,15.6343
baseline,8,418,16.386
baseline,8,419,15.9469
baseline,8,420,16.019
baseline,8,421,16.0525
baseline,8,422,16.2118
baseline,8,423,16.1222
baseline,8,424,16.378
baseline,8,425,16.2149
baseline,8,426,16.1446
baseline,8,427,15.9185
baseline,8,428,16.2166
baseline,8,429,16.2876
baseline,8,430,15.9523
baseline,8,431,16.3335
baseline,8,432,16.3902
baseline,8,433,16.1849
baseline,8,434,16.4635
baseline,8,435,16.2214
baseline,8,436,15.8931
baseline,8,437,16.173
baseline,8,438,16.1626
baseline,8,439,16.3619
baseline,8,440,16.3152
baseline,8,441,16.1616
baseline,8,442,16.2994
baseline,8,443,16.2612
baseline,8,444,16.1145
baseline,8,445,16.3141
baseline,8,446,16.3733
baseline,8,447,16.1883
baseline,8,448,16.4955
baseline,8,449,16.2576
baseline,8,450,16.5126
baseline,8,451,16.2507
baseline,8,452,16.1176
baseline,8,453,16.351
baseline,8,454,16.6322
baseline,8,455,16.0918
baseline,8,456,16.2656
baseline,8,457,16.5382
baseline,8,458,16.3998
baseline,8,459,16.3908
baseline,8,460,16.2732
baseline,8,461,16.6094
baseline,8,462,16.5601
baseline,8,463,16.9371
baseline,8,464,16.3897
baseline,8,465,16.6941
baseline,8,466,16.8562
baseline,8,467,16.2498
baseline,8,468,16.6014
baseline,8,469,16.5172
baseline,8,470,16.4062
baseline,8,471,16.5393
baseline,8,472,17.11
baseline,8,473,17.5531
baseline,8,474,17.0975
baseline,8,475,17.1473
baseline,8,476,17.0687
baseline,8,477,17.157
baseline,8,478,17.0999
baseline,8,479,17.3807
baseline,8,480,16.972
baseline,8,481,17.1735
baseline,8,482,17.1375
baseline,8,483,17.282
baseline,8,484,17.3439
baseline,8,485,17.2449
baseline,8,486,17.3416
baseline,8,487,17.1801
baseline,8,488,17.0987
baseline,8,489,16.9035
baseline,8,490,17.096
baseline,8,491,17.3493
baseline,8,492,17.2441
baseline,8,493,17.2381
baseline,8,494,17.1731
baseline,8,495,17.62
baseline,8,496,17.1073
baseline,8,497,17.2557
baseline,8,498,16.9169
baseline,8,499,17.3825
baseline,8,500,16.8852
baseline,8,501,17.5467
baseline,8,502,17.4141
baseline,8,503,16.9255
baseline,8,504,16.6226
baseline,8,505,17.1385
baseline,8,506,17.1262
baseline,8,507,17.488
baseline,8,508,17.2913
baseline,8,509,17.652
baseline,8,510,17.0146
baseline,8,511,19.3305
baseline,8,512,17.1652
baseline,8,513,17.2924
baseline,8,514,18.6657
baseline,8,515,18.0802
baseline,8,516,17.3605
baseline,8,517,17.8188
baseline,8,518,18.2945
baseline,8,519,18.8815
baseline,8,520,17.2872
baseline,8,521,17.5206
baseline,8,522,20.1757
baseline,8,523,17.5006
baseline,8,524,17.7011
baseline,8,525,18.6195
baseline,8,526,17.6711
baseline,8,527,17.6832
baseline,8,528,17.516
baseline,8,529,18.5373
baseline,8,530,17.1672
baseline,8,531,17.9764
baseline,8,532,17.4104
baseline,8,533,17.3577
baseline,8,534,17.2404
baseline,8,535,19.2155
baseline,8,536,17.2496
baseline,8,537,16.7054
baseline,8,538,17.2665
baseline,8,539,17.3411
baseline,8,540,18.1917
baseline,8,541,17.6478
baseline,8,542,17.3316
baseline,8,543,17.2775
baseline,8,544,17.3821
baseline,8,545,17.4594
baseline,8,546,17.0624
baseline,8,547,18.6648
baseline,8,548,17.7183
baseline,8,549,18.2612
baseline,8,550,17.4377
baseline,8,551,17.1676
baseline,8,552,16.6567
baseline,8,553,17.4272
baseline,8,554,16.979
baseline,8,555,17.1571
baseline,8,556,17.1204
baseline,8,557,17.0971
baseline,8,558,17.4129
baseline,8,559,16.971
baseline,8,560,17.2848
baseline,8,561,17.2791
baseline,8,562,17.0553
baseline,8,563,17.3501
baseline,8,564,17.0331
baseline,8,565,17.1801
baseline,8,566,16.4939
baseline,8,567,17.3862
baseline,8,568,17.1779
baseline,8,569,17.4104
baseline,8,570,17.2307
baseline,8,571,17.133
baseline,8,572,17.4139
baseline,8,573,17.5157
baseline,8,574,17.0713
baseline,8,575,16.9459
baseline,8,576,17.3993
baseline,8,577,17.2198
baseline,8,578,17.2336
baseline,8,579,17.5287
baseline,8,580,17.3362
baseline,8,581,17.3338
baseline,8,582,16.9575
baseline,8,583,17.7277
baseline,8,584,17.4294
baseline,8,585,17.3724
baseline,8,586,17.448
baseline,8,587,17.0527
baseline,8,588,17.0222
baseline,8,589,16.7723
baseline,8,590,17.2365
baseline,8,591,17.1567
baseline,8,592,16.8229
baseline,8,593,17.1215
baseline,8,594,17.2153
baseline,8,595,16.9227
baseline,8,596,17.0539
baseline,8,597,16.9677
baseline,8,598,17.0463
baseline,8,599,16.6225
interleaved,8,0,59.4325
interleaved,8,1,11.398
interleaved,8,2,11.1404
interleaved,8,3,11.5197
interleaved,8,4,11.3521
interleaved,8,5,11.2999
interleaved,8,6,10.9802
interleaved,8,7,10.7677
interleaved,8,8,10.8737
interleaved,8,9,10.667
interleaved,8,10,10.6836
interleaved,8,11,10.9199
interleaved,8,12,11
interleaved,8,13,11.1138
interleaved,8,14,11.2943
interleaved,8,15,10.9642
interleaved,8,16,10.8983
interleaved,8,17,11.0699
interleaved,8,18,10.9665
interleaved,8,19,10.7742
interleaved,8,20,11.0976
interleaved,8,21,10.8928
interleaved,8,22,11.2993
interleaved,8,23,11.0121
interleaved,8,24,11.142
interleaved,8,25,12.39
interleaved,8,26,12.2973
interleaved,8,27,12.0415
interleaved,8,28,11.8705
interleaved,8,29,12.136
interleaved,8,30,11.6592
interleaved,8,31,11.4964
interleaved,8,32,11.2834
interleaved,8,33,11.6251
interleaved,8,34,11.4281
interleaved,8,35,11.4791
interleaved,8,36,11.5416
interleaved,8,37,11.7686
interleaved,8,38,11.7371
interleaved,8,39,11.9268
interleaved,8,40,11.5145
interleaved,8,41,12.0006
interleaved,8,42,11.8187
interleaved,8,43,11.7297
interleaved,8,44,11.5577
interleaved,8,45,12.0184
interleaved,8,46,11.5052
interleaved,8,47,12.7611
interleaved,8,48,11.2535
interleaved,8,49,11.1537
interleaved,8,50,11.2818
interleaved,8,51,11.9105
interleaved,8,52,12.1668
interleaved,8,53,12.1973
interleaved,8,54,11.8685
interleaved,8,55,11.9281
interleaved,8,56,11.7581
interleaved,8,57,11.5176
interleaved,8,58,11.542
interleaved,8,59,11.9277
interleaved,8,60,11.9144
interleaved,8,61,12.022
interleaved,8,62,11.8962
interleaved,8,63,12.1829
interleaved,8,64,11.7782
interleaved,8,65,12.1835
interleaved,8,66,11.882
interleaved,8,67,11.7961
interleaved,8,68,11.8973
interleaved,8,69,11.975
interleaved,8,70,11.9487
interleaved,8,71,11.8937
interleaved,8,72,11.9049
interleaved,8,73,11.7795
interleaved,8,74,12.0163
interleaved,8,75,12.1074
interleaved,8,76,11.8933
interleaved,8,77,11.4812
interleaved,8,78,12.1739
interleaved,8,79,12.1588
interleaved,8,80,11.8396
interleaved,8,81,12.0418
interleaved,8,82,12.2121
interleaved,8,83,12.1964
interleaved,8,84,12.0218
interleaved,8,85,11.9734
interleaved,8,86,12.0122
interleaved,8,87,12.3321
interleaved,8,88,12.3472
interleaved,8,89,11.9055
interleaved,8,90,11.7257
interleaved,8,91,12.5969
interleaved,8,92,12.9632
interleaved,8,93,12.6064
interleaved,8,94,12.1642
interleaved,8,95,12.3599
interleaved,8,96,11.9743
interleaved,8,97,12.0165
interleaved,8,98,12.365
interleaved,8,99,12.6195
interleaved,8,100,11.8715
interleaved,8,101,12.6106
interleaved,8,102,12.295
interleaved,8,103,11.8925
interleaved,8,104,11.8715
interleaved,8,105,11.8973
interleaved,8,106,11.9455
interleaved,8,107,11.9617
interleaved,8,108,12.241
interleaved,8,109,12.1823
interleaved,8,110,12.2068
interleaved,8,111,12.7966
interleaved,8,112,12.3585
interleaved,8,113,12.595
interleaved,8,114,12.5205
interleaved,8,115,12.2629
interleaved,8,116,12.2393
interleaved,8,117,12.2781
interleaved,8,118,12.6368
interleaved,8,119,12.5109
interleaved,8,120,12.4931
interleaved,8,121,12.8436
interleaved,8,122,12.4481
interleaved,8,123,12.5468
interleaved,8,124,12.3711
interleaved,8,125,12.2643
interleaved,8,126,12.8048
interleaved,8,127,12.472
interleaved,8,128,12.546
interleaved,8,129,12.4613
interleaved,8,130,12.3464
interleaved,8,131,12.4245
interleaved,8,132,12.7788
interleaved,8,133,12.5781
interleaved,8,134,12.5719
interleaved,8,135,12.9512
interleaved,8,136,12.5525
interleaved,8,137,12.6539
interleaved,8,138,12.6716
interleaved,8,139,13.0886
interleaved,8,140,12.7743
interleaved,8,141,12.7426
interleaved,8,142,12.6275
interleaved,8,143,12.9244
interleaved,8,144,12.8306
interleaved,8,145,12.7651
interleaved,8,146,12.6607
interleaved,8,147,13.0295
interleaved,8,148,13.0708
interleaved,8,149,13.2041
interleaved,8,150,12.7823
interleaved,8,151,12.5299
interleaved,8,152,12.9656
interleaved,8,153,12.9326
interleaved,8,154,12.92
interleaved,8,155,12.7279
interleaved,8,156,12.8193
interleaved,8,157,12.7074
interleaved,8,158,12.6844
interleaved,8,159,13.0228
interleaved,8,160,12.7176
interleaved,8,161,12.7736
interleaved,8,162,12.8947
interleaved,8,163,12.7826
interleaved,8,164,13.019
interleaved,8,165,13.4283
interleaved,8,166,12.6153
interleaved,8,167,13.0678
interleaved,8,168,13.38
interleaved,8,169,12.7353
interleaved,8,170,12.714
interleaved,8,171,12.8042
interleaved,8,172,12.9869
interleaved,8,173,12.8344
interleaved,8,174,13.0533
interleaved,8,175,13.1062
interleaved,8,176,12.9484
interleaved,8,177,13.0473
interleaved,8,178,13.0772
interleaved,8,179,13.2475
interleaved,8,180,13.463
interleaved,8,181,13.2361
interleaved,8,182,13.0345
interleaved,8,183,12.8474
interleaved,8,184,12.9592
interleaved,8,185,13.3378
interleaved,8,186,13.0952
interleaved,8,187,13.1175
interleaved,8,188,13.0004
interleaved,8,189,12.7772
interleaved,8,190,12.6772
interleaved,8,191,12.9501
interleaved,8,192,13.2848
interleaved,8,193,17.6353
interleaved,8,194,18.805
interleaved,8,195,14.2892
interleaved,8,196,14.3142
interleaved,8,197,13.3799
interleaved,8,198,13.7468
interleaved,8,199,22.8665
interleaved,8,200,13.563
interleaved,8,201,13.6079
interleaved,8,202,13.571
interleaved,8,203,13.5372
interleaved,8,204,13.298
interleaved,8,205,13.1197
interleaved,8,206,13.5406
interleaved,8,207,13.8095
interleaved,8,208,13.6808
interleaved,8,209,13.0181
interleaved,8,210,13.4708
interleaved,8,211,13.6622
interleaved,8,212,13.7875
interleaved,8,213,13.8152
interleaved,8,214,13.8536
interleaved,8,215,13.6443
interleaved,8,216,13.7833
interleaved,8,217,13.6831
interleaved,8,218,13.5762
interleaved,8,219,13.5448
interleaved,8,220,12.9815
interleaved,8,221,13.0105
interleaved,8,222,13.2266
interleaved,8,223,13.7637
interleaved,8,224,14.1297
interleaved,8,225,13.9968
interleaved,8,226,14.5567
interleaved,8,227,14.1666
interleaved,8,228,14.0391
interleaved,8,229,13.4779
interleaved,8,230,13.6307
interleaved,8,231,13.6807
interleaved,8,232,13.7036
interleaved,8,233,13.4232
interleaved,8,234,13.5303
interleaved,8,235,13.8524
interleaved,8,236,13.8615
interleaved,8,237,13.8389
interleaved,8,238,13.9333
interleaved,8,239,13.8119
interleaved,8,240,13.8048
interleaved,8,241,13.964
interleaved,8,242,13.7382
interleaved,8,243,13.6071
interleaved,8,244,13.8163
interleaved,8,245,13.5073
interleaved,8,246,14.033
interleaved,8,247,13.844
interleaved,8,248,14.0367
interleaved,8,249,13.6098
interleaved,8,250,13.6889
interleaved,8,251,13.9181
interleaved,8,252,14.1986
interleaved,8,253,14.2932
interleaved,8,254,13.7746
interleaved,8,255,13.7967
interleaved,8,256,14.0917
interleaved,8,257,14.0007
interleaved,8,258,13.9298
interleaved,8,259,14.1311
interleaved,8,260,13.9904
interleaved,8,261,14.0205
interleaved,8,262,14.1165
interleaved,8,263,14.3126
interleaved,8,264,14.9572
interleaved,8,265,14.0118
interleaved,8,266,13.8531
interleaved,8,267,13.967
interleaved,8,268,13.841
interleaved,8,269,14.0651
interleaved,8,270,13.9692
interleaved,8,271,13.9331
interleaved,8,272,14.4223
interleaved,8,273,14.0127
interleaved,8,274,14.6612
interleaved,8,275,14.2479
interleaved,8,276,14.5052
interleaved,8,277,14.0981
interleaved,8,278,14.0902
interleaved,8,279,14.2747
interleaved,8,280,14.105
interleaved,8,281,14.2108
interleaved,8,282,14.5035
interleaved,8,283,14.3417
interleaved,8,284,14.1163
interleaved,8,285,14.2861
interleaved,8,286,14.0478
interleaved,8,287,14.2419
interleaved,8,288,14.1626
interleaved,8,289,14.0897
interleaved,8,290,14.4857
interleaved,8,291,14.2076
interleaved,8,292,14.4565
interleaved,8,293,14.4966
interleaved,8,294,14.6807
interleaved,8,295,14.5031
interleaved,8,296,14.8569
interleaved,8,297,14.7147
interleaved,8,298,14.1557
interleaved,8,299,14.5865
interleaved,8,300,14.7615
interleaved,8,301,14.2852
interleaved,8,302,14.3429
interleaved,8,303,14.6076
interleaved,8,304,14.5125
interleaved,8,305,14.4467
interleaved,8,306,14.8871
interleaved,8,307,14.6103
interleaved,8,308,14.5112
interleaved,8,309,14.4726
interleaved,8,310,14.8374
interleaved,8,311,14.4667
interleaved,8,312,14.2815
interleaved,8,313,14.8543
interleaved,8,314,14.6136
interleaved,8,315,14.0499
interleaved,8,316,14.2821
interleaved,8,317,14.2649
interleaved,8,318,14.6198
interleaved,8,319,14.8063
interleaved,8,320,14.5146
interleaved,8,321,14.4359
interleaved,8,322,14.6788
interleaved,8,323,14.8227
interleaved,8,324,14.8592
interleaved,8,325,14.5642
interleaved,8,326,14.8412
interleaved,8,327,14.8373
interleaved,8,328,14.8545
interleaved,8,329,14.7903
interleaved,8,330,14.5527
interleaved,8,331,14.959
interleaved,8,332,14.4168
interleaved,8,333,14.9365
interleaved,8,334,14.8405
interleaved,8,335,14.8922
interleaved,8,336,14.7396
interleaved,8,337,14.8525
interleaved,8,338,15.1123
interleaved,8,339,15.1724
interleaved,8,340,15.5459
interleaved,8,341,15.2255
interleaved,8,342,14.7845
interleaved,8,343,14.9034
interleaved,8,344,14.8518
interleaved,8,345,14.6407
interleaved,8,346,14.7526
interleaved,8,347,15.0255
interleaved,8,348,14.9363
interleaved,8,349,15.0899
interleaved,8,350,14.7886
interleaved,8,351,15.1152
interleaved,8,352,14.3892
interleaved,8,353,14.7241
interleaved,8,354,14.8993
interleaved,8,355,15.0008
interleaved,8,356,15.0021
interleaved,8,357,14.9448
interleaved,8,358,14.7533
interleaved,8,359,14.9805
interleaved,8,360,14.3846
interleaved,8,361,15.1716
interleaved,8,362,15.1442
interleaved,8,363,14.9146
interleaved,8,364,14.7934
interleaved,8,365,15.6114
interleaved,8,366,15.2283
interleaved,8,367,15.1593
interleaved,8,368,15.6203
interleaved,8,369,15.1012
interleaved,8,370,15.0546
interleaved,8,371,15.0769
interleaved,8,372,15.1552
interleaved,8,373,15.0567
interleaved,8,374,14.9327
interleaved,8,375,15.2626
interleaved,8,376,15.4366
interleaved,8,377,15.274
interleaved,8,378,15.3727
interleaved,8,379,15.085
interleaved,8,380,14.9297
interleaved,8,381,15.6077
interleaved,8,382,15.6986
interleaved,8,383,15.0104
interleaved,8,384,15.2833
interleaved,8,385,14.7453
interleaved,8,386,15.2957
interleaved,8,387,15.1006
interleaved,8,388,15.5693
interleaved,8,389,15.2143
interleaved,8,390,15.3342
interleaved,8,391,15.3079
interleaved,8,392,15.515
interleaved,8,393,15.5249
interleaved,8,394,15.3834
interleaved,8,395,15.5047
interleaved,8,396,15.3442
interleaved,8,397,15.6068
interleaved,8,398,15.5797
interleaved,8,399,15.2971
interleaved,8,400,15.248
interleaved,8,401,15.3362
interleaved,8,402,15.4376
interleaved,8,403,15.463
interleaved,8,404,15.4829
interleaved,8,405,15.4212
interleaved,8,406,15.3786
interleaved,8,407,15.3075
interleaved,8,408,15.4623
interleaved,8,409,15.2231
interleaved,8,410,15.3853
interleaved,8,411,15.4065
interleaved,8,412,15.3824
interleaved,8,413,15.6512
interleaved,8,414,15.9567
interleaved,8,415,15.3499
interleaved,8,416,14.8953
interleaved,8,417,15.6665
interleaved,8,418,16.0559
interleaved,8,419,15.3008
interleaved,8,420,15.8581
interleaved,8,421,15.8375
interleaved,8,422,15.4239
interleaved,8,423,15.5317
interleaved,8,424,15.6453
interleaved,8,425,15.9688
interleaved,8,426,15.8475
interleaved,8,427,15.5687
interleaved,8,428,16.2092
interleaved,8,429,15.5778
interleaved,8,430,15.3782
interleaved,8,431,15.3152
interleaved,8,432,16.0782
interleaved,8,433,16.0024
interleaved,8,434,15.2244
interleaved,8,435,15.7533
interleaved,8,436,15.456
interleaved,8,437,15.4418
interleaved,8,438,15.7883
interleaved,8,439,15.6483
interleaved,8,440,15.8908
interleaved,8,441,15.8171
interleaved,8,442,15.6466
interleaved,8,443,15.9891
interleaved,8,444,15.7072
interleaved,8,445,15.8336
interleaved,8,446,15.847
interleaved,8,447,15.63
interleaved,8,448,15.803
interleaved,8,449,16.005
interleaved,8,450,15.6448
interleaved,8,451,15.8128
interleaved,8,452,16.1034
interleaved,8,453,16.0515
interleaved,8,454,15.9795
interleaved,8,455,15.9086
interleaved,8,456,15.364
interleaved,8,457,15.797
interleaved,8,458,15.618
interleaved,8,459,15.7186
interleaved,8,460,15.4919
interleaved,8,461,15.6083
interleaved,8,462,15.6079
interleaved,8,463,16.2134
interleaved,8,464,16.1564
interleaved,8,465,15.672
interleaved,8,466,16.4355
interleaved,8,467,15.8122
interleaved,8,468,16.3326
interleaved,8,469,16.0982
interleaved,8,470,16.1479
interleaved,8,471,17.5466
interleaved,8,472,16.6198
interleaved,8,473,17.0936
interleaved,8,474,16.477
interleaved,8,475,16.2464
interleaved,8,476,16.2671
interleaved,8,477,16.1303
interleaved,8,478,16.1618
interleaved,8,479,16.6544
interleaved,8,480,16.8537
interleaved,8,481,16.834
interleaved,8,482,16.7724
interleaved,8,483,16.8072
interleaved,8,484,16.7359
interleaved,8,485,16.9974
interleaved,8,486,16.8387
interleaved,8,487,16.677
interleaved,8,488,16.9494
interleaved,8,489,16.483
interleaved,8,490,16.7137
interleaved,8,491,16.7201
interleaved,8,492,16.5471
interleaved,8,493,16.647
interleaved,8,494,16.7252
interleaved,8,495,17.0157
interleaved,8,496,16.7707
interleaved,8,497,16.4932
interleaved,8,498,16.9084
interleaved,8,499,16.4716
interleaved,8,500,16.8632
interleaved,8,501,16.781
interleaved,8,502,16.691
interleaved,8,503,16.7364
interleaved,8,504,16.7859
interleaved,8,505,16.7484
interleaved,8,506,16.8185
interleaved,8,507,16.7415
interleaved,8,508,16.6449
interleaved,8,509,16.7103
interleaved,8,510,16.6572
interleaved,8,511,16.8707
interleaved,8,512,16.8723
interleaved,8,513,16.6452
interleaved,8,514,16.9223
interleaved,8,515,16.6721
interleaved,8,516,16.7715
interleaved,8,517,16.8751
interleaved,8,518,16.5559
interleaved,8,519,16.8012
interleaved,8,520,16.6759
interleaved,8,521,16.7018
interleaved,8,522,16.8492
interleaved,8,523,16.5125
interleaved,8,524,16.6529
interleaved,8,525,16.5459
interleaved,8,526,16.5037
interleaved,8,527,16.8705
interleaved,8,528,16.6739
interleaved,8,529,16.5932
interleaved,8,530,16.5738
interleaved,8,531,16.9291
interleaved,8,532,16.7836
interleaved,8,533,16.9972
interleaved,8,534,16.4434
interleaved,8,535,16.5913
interleaved,8,536,16.7575
interleaved,8,537,16.2854
interleaved,8,538,16.5638
interleaved,8,539,16.8197
interleaved,8,540,16.7889
interleaved,8,541,16.5003
interleaved,8,542,16.9174
interleaved,8,543,16.6462
interleaved,8,544,16.7186
interleaved,8,545,16.633
interleaved,8,546,16.2701
interleaved,8,547,16.4435
interleaved,8,548,16.6527
interleaved,8,549,16.7055
interleaved,8,550,16.1489
interleaved,8,551,16.2083
interleaved,8,552,16.4288
interleaved,8,553,16.1036
interleaved,8,554,16.512
interleaved,8,555,16.7099
interleaved,8,556,17.1679
interleaved,8,557,16.9591
interleaved,8,558,16.6059
interleaved,8,559,16.6784
interleaved,8,560,16.3682
interleaved,8,561,17.1277
interleaved,8,562,16.887
interleaved,8,563,16.475
interleaved,8,564,16.9703
interleaved,8,565,16.7455
interleaved,8,566,16.9489
interleaved,8,567,16.618
interleaved,8,568,16.7796
interleaved,8,569,16.9485
interleaved,8,570,16.6943
interleaved,8,571,16.7872
interleaved,8,572,17.0563
interleaved,8,573,16.9791
interleaved,8,574,16.6943
interleaved,8,575,16.9529
interleaved,8,576,17.0835
interleaved,8,577,16.6969
interleaved,8,578,16.8761
interleaved,8,579,17.2216
interleaved,8,580,16.867
interleaved,8,581,16.8127
interleaved,8,582,16.7055
interleaved,8,583,16.6737
interleaved,8,584,16.0443
interleaved,8,585,16.3714
interleaved,8,586,16.5475
interleaved,8,587,16.6108
interleaved,8,588,16.7725
interleaved,8,589,16.5581
interleaved,8,590,16.8679
interleaved,8,591,16.496
interleaved,8,592,17.2203
interleaved,8,593,17.0453
interleaved,8,594,16.7115
interleaved,8,595,16.7453
interleaved,8,596,16.6138
interleaved,8,597,16.9379
interleaved,8,598,16.8313
interleaved,8,599,16.975
interleaved,9,0,58.4968
interleaved,9,1,11.3905
interleaved,9,2,11.2856
interleaved,9,3,11.0762
interleaved,9,4,11.285
interleaved,9,5,10.9457
interleaved,9,6,11.3588
interleaved,9,7,11.072
interleaved,9,8,11.2673
interleaved,9,9,11.3639
interleaved,9,10,11.3019
interleaved,9,11,11.5153
interleaved,9,12,11.4123
interleaved,9,13,11.4492
interleaved,9,14,11.1497
interleaved,9,15,10.9327
interleaved,9,16,11.581
interleaved,9,17,11.4082
interleaved,9,18,11.2131
interleaved,9,19,11.4976
interleaved,9,20,11.4023
interleaved,9,21,11.5237
interleaved,9,22,11.3561
interleaved,9,23,11.729
interleaved,9,24,11.6372
interleaved,9,25,11.7544
interleaved,9,26,11.3305
interleaved,9,27,11.5435
interleaved,9,28,11.3555
interleaved,9,29,11.827
interleaved,9,30,11.6333
interleaved,9,31,11.703
interleaved,9,32,11.5247
interleaved,9,33,11.5917
interleaved,9,34,11.6945
interleaved,9,35,11.8329
interleaved,9,36,12.0275
interleaved,9,37,11.7123
interleaved,9,38,11.745
interleaved,9,39,11.8397
interleaved,9,40,11.594
interleaved,9,41,11.327
interleaved,9,42,11.5392
interleaved,9,43,11.3571
interleaved,9,44,12.24
interleaved,9,45,11.5547
interleaved,9,46,11.7177
interleaved,9,47,11.6635
interleaved,9,48,11.9351
interleaved,9,49,11.752
interleaved,9,50,11.734
interleaved,9,51,11.6927
interleaved,9,52,11.7684
interleaved,9,53,11.6352
interleaved,9,54,11.6571
interleaved,9,55,11.669
interleaved,9,56,11.9874
interleaved,9,57,11.7688
interleaved,9,58,11.8478
interleaved,9,59,12.1755
interleaved,9,60,11.7803
interleaved,9,61,12.1067
interleaved,9,62,12.0146
interleaved,9,63,11.9768
interleaved,9,64,11.8019
interleaved,9,65,11.7587
interleaved,9,66,11.8679
interleaved,9,67,12.1475
interleaved,9,68,12.0045
interleaved,9,69,11.716
interleaved,9,70,11.9675
interleaved,9,71,12.1127
interleaved,9,72,11.9582
interleaved,9,73,11.8388
interleaved,9,74,12.0502
interleaved,9,75,12.0783
interleaved,9,76,12.0813
interleaved,9,77,12.0348
interleaved,9,78,12.1787
interleaved,9,79,12.2743
interleaved,9,80,12.0835
interleaved,9,81,12.1375
interleaved,9,82,12.0183
interleaved,9,83,12.3562
interleaved,9,84,12.213
interleaved,9,85,12.0687
interleaved,9,86,11.7871
interleaved,9,87,11.7488
interleaved,9,88,12.1642
interleaved,9,89,12.3355
interleaved,9,90,12.4022
interleaved,9,91,11.8583
interleaved,9,92,12.1024
interleaved,9,93,12.5663
interleaved,9,94,12.2475
interleaved,9,95,12.4783
interleaved,9,96,12.2536
interleaved,9,97,12.3947
interleaved,9,98,12.1416
interleaved,9,99,12.3205
interleaved,9,100,12.3787
interleaved,9,101,12.3934
interleaved,9,102,12.4738
interleaved,9,103,12.3492
interleaved,9,104,12.1743
interleaved,9,105,12.7368
interleaved,9,106,12.6593
interleaved,9,107,12.3518
interleaved,9,108,12.4829
interleaved,9,109,12.1965
interleaved,9,110,12.1748
interleaved,9,111,12.6946
interleaved,9,112,12.3416
interleaved,9,113,12.5056
interleaved,9,114,12.5787
interleaved,9,115,12.4835
interleaved,9,116,12.4485
interleaved,9,117,12.4474
interleaved,9,118,12.402
interleaved,9,119,12.1783
interleaved,9,120,12.456
interleaved,9,121,12.9815
interleaved,9,122,12.7092
interleaved,9,123,12.3522
interleaved,9,124,12.3379
interleaved,9,125,12.7406
interleaved,9,126,12.5532
interleaved,9,127,12.7056
interleaved,9,128,12.6022
interleaved,9,129,12.6561
interleaved,9,130,12.8288
interleaved,9,131,12.6067
interleaved,9,132,12.4618
interleaved,9,133,12.7291
interleaved,9,134,12.5466
interleaved,9,135,12.5192
interleaved,9,136,12.8724
interleaved,9,137,12.6797
interleaved,9,138,12.2126
interleaved,9,139,12.8368
interleaved,9,140,12.6107
interleaved,9,141,13.0886
interleaved,9,142,12.9351
interleaved,9,143,12.9059
interleaved,9,144,12.9241
interleaved,9,145,12.7331
interleaved,9,146,12.6827
interleaved,9,147,12.8227
interleaved,9,148,12.7701
interleaved,9,149,12.8112
interleaved,9,150,12.755
interleaved,9,151,12.8403
interleaved,9,152,12.7111
interleaved,9,153,13.3458
interleaved,9,154,12.9271
interleaved,9,155,12.8397
interleaved,9,156,13.0217
interleaved,9,157,12.3593
interleaved,9,158,12.4846
interleaved,9,159,13.0333
interleaved,9,160,12.698
interleaved,9,161,12.7785
interleaved,9,162,13.0208
interleaved,9,163,13.0593
interleaved,9,164,13.0209
interleaved,9,165,13.0129
interleaved,9,166,13.0091
interleaved,9,167,13.0325
interleaved,9,168,13.2874
interleaved,9,169,13.2363
interleaved,9,170,13.2746
interleaved,9,171,13.3052
interleaved,9,172,13.116
interleaved,9,173,12.7929
interleaved,9,174,13.1136
interleaved,9,175,13.1449
interleaved,9,176,13.2783
interleaved,9,177,13.086
interleaved,9,178,13.0663
interleaved,9,179,13.1163
interleaved,9,180,13.1734
interleaved,9,181,12.6359
interleaved,9,182,12.9647
interleaved,9,183,13.0722
interleaved,9,184,13.2583
interleaved,9,185,13.014
interleaved,9,186,12.9221
interleaved,9,187,13.2748
interleaved,9,188,13.5336
interleaved,9,189,13.1006
interleaved,9,190,13.4285
interleaved,9,191,13.2694
interleaved,9,192,13.2267
interleaved,9,193,12.6608
interleaved,9,194,13.1888
interleaved,9,195,13.3015
interleaved,9,196,13.2835
interleaved,9,197,13.2483
interleaved,9,198,13.3263
interleaved,9,199,13.4115
interleaved,9,200,13.1659
interleaved,9,201,13.3212
interleaved,9,202,13.5448
interleaved,9,203,13.8234
interleaved,9,204,13.4098
interleaved,9,205,13.5015
interleaved,9,206,13.3383
interleaved,9,207,13.5377
interleaved,9,208,13.446
interleaved,9,209,13.3388
interleaved,9,210,13.4693
interleaved,9,211,13.5439
interleaved,9,212,13.5525
interleaved,9,213,13.4871
interleaved,9,214,13.6616
interleaved,9,215,13.8434
interleaved,9,216,13.3692
interleaved,9,217,13.4837
interleaved,9,218,13.6863
interleaved,9,219,13.5808
interleaved,9,220,13.8948
interleaved,9,221,13.6104
interleaved,9,222,13.4457
interleaved,9,223,13.4044
interleaved,9,224,13.785
interleaved,9,225,13.5324
interleaved,9,226,13.7235
interleaved,9,227,14.1251
interleaved,9,228,13.6942
interleaved,9,229,13.6525
interleaved,9,230,13.8254
interleaved,9,231,13.5569
interleaved,9,232,13.4992
interleaved,9,233,13.9101
interleaved,9,234,13.7575
interleaved,9,235,13.6225
interleaved,9,236,13.328
interleaved,9,237,13.4085
interleaved,9,238,13.9138
interleaved,9,239,13.7282
interleaved,9,240,13.7157
interleaved,9,241,13.8022
interleaved,9,242,13.7374
interleaved,9,243,13.8108
interleaved,9,244,13.9953
interleaved,9,245,14.3893
interleaved,9,246,13.9854
interleaved,9,247,13.7588
interleaved,9,248,13.8256
interleaved,9,249,13.9492
interleaved,9,250,13.7485
interleaved,9,251,13.7881
interleaved,9,252,14.0982
interleaved,9,253,14.1353
interleaved,9,254,13.4366
interleaved,9,255,13.4147
interleaved,9,256,13.6229
interleaved,9,257,13.3548
interleaved,9,258,13.9533
interleaved,9,259,13.8911
interleaved,9,260,14.1493
interleaved,9,261,14.3266
interleaved,9,262,14.098
interleaved,9,263,13.4808
interleaved,9,264,13.9756
interleaved,9,265,14.2393
interleaved,9,266,13.913
interleaved,9,267,14.032
interleaved,9,268,14.2015
interleaved,9,269,14.3755
interleaved,9,270,13.885
interleaved,9,271,14.1525
interleaved,9,272,14.3458
interleaved,9,273,14.0755
interleaved,9,274,13.9481
interleaved,9,275,14.1881
interleaved,9,276,14.2846
interleaved,9,277,14.2137
interleaved,9,278,14.111
interleaved,9,279,14.1323
interleaved,9,280,14.2077
interleaved,9,281,13.9765
interleaved,9,282,14.0091
interleaved,9,283,14.323
interleaved,9,284,14.274
interleaved,9,285,14.2078
interleaved,9,286,14.4447
interleaved,9,287,14.4946
interleaved,9,288,14.4553
interleaved,9,289,14.1398
interleaved,9,290,14.3247
interleaved,9,291,14.3581
interleaved,9,292,14.4118
interleaved,9,293,14.521
interleaved,9,294,14.7108
interleaved,9,295,14.4622
interleaved,9,296,14.2733
interleaved,9,297,14.2305
interleaved,9,298,14.3996
interleaved,9,299,14.5221
interleaved,9,300,14.4572
interleaved,9,301,15.4849
interleaved,9,302,13.8371
interleaved,9,303,14.576
interleaved,9,304,14.3338
interleaved,9,305,14.4835
interleaved,9,306,14.626
interleaved,9,307,14.5826
interleaved,9,308,14.5436
interleaved,9,309,14.3921
interleaved,9,310,14.1425
interleaved,9,311,14.3388
interleaved,9,312,14.4349
interleaved,9,313,14.1303
interleaved,9,314,14.7196
interleaved,9,315,14.6177
interleaved,9,316,14.4779
interleaved,9,317,14.4943
interleaved,9,318,14.7853
interleaved,9,319,14.3635
interleaved,9,320,14.7708
interleaved,9,321,14.5436
interleaved,9,322,14.5853
interleaved,9,323,14.5243
interleaved,9,324,14.5282
interleaved,9,325,14.8693
interleaved,9,326,15.0868
interleaved,9,327,14.591
interleaved,9,328,15.1039
interleaved,9,329,14.761
interleaved,9,330,14.8142
interleaved,9,331,14.7383
interleaved,9,332,14.8964
interleaved,9,333,14.6518
interleaved,9,334,14.8239
interleaved,9,335,14.7698
interleaved,9,336,14.6851
interleaved,9,337,14.8955
interleaved,9,338,14.8114
interleaved,9,339,15.2463
interleaved,9,340,14.5879
interleaved,9,341,14.8581
interleaved,9,342,14.6862
interleaved,9,343,14.6632
interleaved,9,344,15.217
interleaved,9,345,15.2073
interleaved,9,346,14.8863
interleaved,9,347,15.0484
interleaved,9,348,15.217
interleaved,9,349,14.9638
interleaved,9,350,14.8431
interleaved,9,351,14.809
interleaved,9,352,14.8089
interleaved,9,353,15.3978
interleaved,9,354,15.0323
interleaved,9,355,15.0296
interleaved,9,356,14.8484
interleaved,9,357,15.2755
interleaved,9,358,15.0848
interleaved,9,359,14.8084
interleaved,9,360,14.9437
interleaved,9,361,15.0919
interleaved,9,362,15.2985
interleaved,9,363,15.0922
interleaved,9,364,14.9423
interleaved,9,365,14.834
interleaved,9,366,14.9716
interleaved,9,367,15.4877
interleaved,9,368,15.186
interleaved,9,369,15.4221
interleaved,9,370,15.5345
interleaved,9,371,15.4638
interleaved,9,372,15.1193
interleaved,9,373,15.0614
interleaved,9,374,15.5955
interleaved,9,375,14.738
interleaved,9,376,15.0867
interleaved,9,377,15.4069
interleaved,9,378,15.426
interleaved,9,379,15.1183
interleaved,9,380,15.0392
interleaved,9,381,15.5388
interleaved,9,382,14.8598
interleaved,9,383,15.3402
interleaved,9,384,14.6369
interleaved,9,385,15.4719
interleaved,9,386,15.2223
interleaved,9,387,15.129
interleaved,9,388,15.3246
interleaved,9,389,15.5098
interleaved,9,390,14.9428
interleaved,9,391,15.2286
interleaved,9,392,15.0935
interleaved,9,393,15.3607
interleaved,9,394,15.2177
interleaved,9,395,15.0419
interleaved,9,396,15.4871
interleaved,9,397,15.2574
interleaved,9,398,15.5009
interleaved,9,399,15.4081
interleaved,9,400,15.3166
interleaved,9,401,15.3782
interleaved,9,402,15.3491
interleaved,9,403,15.4791
interleaved,9,404,15.6759
interleaved,9,405,15.4485
interleaved,9,406,15.5006
interleaved,9,407,15.3505
interleaved,9,408,15.3202
interleaved,9,409,15.4047
interleaved,9,410,15.4679
interleaved,9,411,15.6946
interleaved,9,412,15.3299
interleaved,9,413,15.4042
interleaved,9,414,15.6152
interleaved,9,415,15.4519
interleaved,9,416,15.7702
interleaved,9,417,15.5979
interleaved,9,418,15.5147
interleaved,9,419,15.4324
interleaved,9,420,15.8503
interleaved,9,421,15.6226
interleaved,9,422,15.4416
interleaved,9,423,15.1525
interleaved,9,424,15.4284
interleaved,9,425,15.8542
interleaved,9,426,15.7191
interleaved,9,427,15.4857
interleaved,9,428,15.9085
interleaved,9,429,15.6333
interleaved,9,430,15.6433
interleaved,9,431,15.532
interleaved,9,432,15.5355
interleaved,9,433,15.4901
interleaved,9,434,16.0603
interleaved,9,435,16.027
interleaved,9,436,15.7211
interleaved,9,437,15.5171
interleaved,9,438,15.9082
interleaved,9,439,15.6875
interleaved,9,440,15.7753
interleaved,9,441,15.9328
interleaved,9,442,15.711
interleaved,9,443,16.3159
interleaved,9,444,16.025
interleaved,9,445,16.2451
interleaved,9,446,15.815
interleaved,9,447,16.0175
interleaved,9,448,15.9416
interleaved,9,449,15.6985
interleaved,9,450,15.8514
interleaved,9,451,15.8668
interleaved,9,452,15.8359
interleaved,9,453,16.0437
interleaved,9,454,15.9053
interleaved,9,455,15.9603
interleaved,9,456,16.1592
interleaved,9,457,15.8428
interleaved,9,458,15.5798
interleaved,9,459,15.9084
interleaved,9,460,16.2146
interleaved,9,461,16.1996
interleaved,9,462,15.8576
interleaved,9,463,16.3216
interleaved,9,464,16.114
interleaved,9,465,15.9745
interleaved,9,466,15.7295
interleaved,9,467,15.7982
interleaved,9,468,16.0685
interleaved,9,469,16.5082
interleaved,9,470,15.9359
interleaved,9,471,16.1405
interleaved,9,472,16.4691
interleaved,9,473,16.2025
interleaved,9,474,17.1618
interleaved,9,475,16.7824
interleaved,9,476,16.3506
interleaved,9,477,16.7232
interleaved,9,478,16.5636
interleaved,9,479,16.3593
interleaved,9,480,17.0888
interleaved,9,481,16.668
interleaved,9,482,16.6345
interleaved,9,483,17.1017
interleaved,9,484,16.8581
interleaved,9,485,16.9987
interleaved,9,486,16.7414
interleaved,9,487,16.5532
interleaved,9,488,16.7797
interleaved,9,489,16.9201
interleaved,9,490,16.563
interleaved,9,491,16.7467
interleaved,9,492,16.7951
interleaved,9,493,16.5952
interleaved,9,494,16.8364
interleaved,9,495,16.5816
interleaved,9,496,16.6319
interleaved,9,497,16.785
interleaved,9,498,17.0372
interleaved,9,499,16.7807
interleaved,9,500,16.5299
interleaved,9,501,16.5084
interleaved,9,502,16.5598
interleaved,9,503,16.5353
interleaved,9,504,16.8925
interleaved,9,505,16.6456
interleaved,9,506,16.7926
interleaved,9,507,16.5305
interleaved,9,508,16.8581
interleaved,9,509,16.9382
interleaved,9,510,16.4668
interleaved,9,511,16.8242
interleaved,9,512,16.8825
interleaved,9,513,16.617
interleaved,9,514,16.811
interleaved,9,515,16.6845
interleaved,9,516,16.6412
interleaved,9,517,16.9155
interleaved,9,518,16.8793
interleaved,9,519,16.6227
interleaved,9,520,16.725
interleaved,9,521,16.7051
interleaved,9,522,17.1557
interleaved,9,523,16.5594
interleaved,9,524,16.6891
interleaved,9,525,16.918
interleaved,9,526,16.6482
interleaved,9,527,16.4721
interleaved,9,528,16.472
interleaved,9,529,16.4719
interleaved,9,530,16.9532
interleaved,9,531,16.4614
interleaved,9,532,16.4452
interleaved,9,533,16.5434
interleaved,9,534,17.2635
interleaved,9,535,17.5163
interleaved,9,536,16.9369
interleaved,9,537,16.5891
interleaved,9,538,16.624
interleaved,9,539,16.7575
interleaved,9,540,16.7753
interleaved,9,541,17.1523
interleaved,9,542,16.6732
interleaved,9,543,16.3006
interleaved,9,544,16.7437
interleaved,9,545,16.7069
interleaved,9,546,16.5956
interleaved,9,547,16.7791
interleaved,9,548,16.8317
interleaved,9,549,16.6447
interleaved,9,550,16.9076
interleaved,9,551,16.6988
interleaved,9,552,16.9151
interleaved,9,553,16.7471
interleaved,9,554,16.5456
interleaved,9,555,16.9028
interleaved,9,556,16.5528
interleaved,9,557,17.8887
interleaved,9,558,16.6594
interleaved,9,559,16.731
interleaved,9,560,16.3407
interleaved,9,561,16.604
interleaved,9,562,17.113
interleaved,9,563,16.826
interleaved,9,564,16.9642
interleaved,9,565,16.6986
interleaved,9,566,16.7841
interleaved,9,567,16.6132
interleaved,9,568,16.4065
interleaved,9,569,16.812
interleaved,9,570,16.9339
interleaved,9,571,16.6676
interleaved,9,572,16.343
interleaved,9,573,16.65
interleaved,9,574,16.5229
interleaved,9,575,16.7929
interleaved,9,576,16.9989
interleaved,9,577,16.5387
interleaved,9,578,16.9628
interleaved,9,579,16.6212
interleaved,9,580,16.3537
interleaved,9,581,16.7625
interleaved,9,582,16.974
interleaved,9,583,16.7341
interleaved,9,584,16.4408
interleaved,9,585,16.6508
interleaved,9,586,16.9987
interleaved,9,587,16.7022
interleaved,9,588,16.283
interleaved,9,589,16.7777
interleaved,9,590,16.9273
interleaved,9,591,16.6893
interleaved,9,592,16.9032
interleaved,9,593,16.6225
interleaved,9,594,16.422
interleaved,9,595,16.2307
interleaved,9,596,16.3075
interleaved,9,597,16.1003
interleaved,9,598,16.5525
interleaved,9,599,16.7965
baseline,9,0,59.9105
baseline,9,1,11.4748
baseline,9,2,11.5175
baseline,9,3,11.311
baseline,9,4,11.7493
baseline,9,5,11.4105
baseline,9,6,11.3045
baseline,9,7,11.6564
baseline,9,8,11.3519
baseline,9,9,11.4188
baseline,9,10,11.7235
baseline,9,11,11.3587
baseline,9,12,11.1997
baseline,9,13,11.2937
baseline,9,14,11.6979
baseline,9,15,11.3675
baseline,9,16,11.4161
baseline,9,17,11.5252
baseline,9,18,11.5015
baseline,9,19,11.6623
baseline,9,20,11.6621
baseline,9,21,11.55
baseline,9,22,11.405
baseline,9,23,11.6339
baseline,9,24,11.564
baseline,9,25,11.8481
baseline,9,26,11.5472
baseline,9,27,11.7479
baseline,9,28,11.7188
baseline,9,29,11.6301
baseline,9,30,12.036
baseline,9,31,11.5032
baseline,9,32,11.7517
baseline,9,33,11.9098
baseline,9,34,11.937
baseline,9,35,11.7385
baseline,9,36,12.1053
baseline,9,37,11.7592
baseline,9,38,11.9072
baseline,9,39,11.9285
baseline,9,40,12.0573
baseline,9,41,11.7798
baseline,9,42,11.556
baseline,9,43,12.0441
baseline,9,44,11.8206
baseline,9,45,12.2458
baseline,9,46,11.6429
baseline,9,47,11.963
baseline,9,48,12.2148
baseline,9,49,11.857
baseline,9,50,11.9215
baseline,9,51,11.8257
baseline,9,52,11.9176
baseline,9,53,11.6476
baseline,9,54,11.7922
baseline,9,55,11.8361
baseline,9,56,11.9865
baseline,9,57,12.1439
baseline,9,58,12.115
baseline,9,59,12.228
baseline,9,60,11.8896
baseline,9,61,11.7947
baseline,9,62,12.1241
baseline,9,63,11.9577
baseline,9,64,12.0299
baseline,9,65,11.956
baseline,9,66,11.9061
baseline,9,67,12.0348
baseline,9,68,12.045
baseline,9,69,12.2859
baseline,9,70,12.0593
baseline,9,71,12.491
baseline,9,72,12.0664
baseline,9,73,12.3161
baseline,9,74,12.1011
baseline,9,75,12.1949
baseline,9,76,12.3182
baseline,9,77,12.2171
baseline,9,78,12.0253
baseline,9,79,12.1684
baseline,9,80,12.2187
baseline,9,81,11.7192
baseline,9,82,12.1596
baseline,9,83,12.1849
baseline,9,84,12.339
baseline,9,85,12.3087
baseline,9,86,11.8318
baseline,9,87,11.5892
baseline,9,88,12.4405
baseline,9,89,12.3187
baseline,9,90,12.2047
baseline,9,91,12.0204
baseline,9,92,12.6951
baseline,9,93,12.6316
baseline,9,94,12.7084
baseline,9,95,12.364
baseline,9,96,12.4941
baseline,9,97,12.4769
baseline,9,98,13.2219
baseline,9,99,12.8389
baseline,9,100,12.4451
baseline,9,101,12.1144
baseline,9,102,12.3251
baseline,9,103,12.5637
baseline,9,104,12.2679
baseline,9,105,13.5696
baseline,9,106,12.5077
baseline,9,107,12.0729
baseline,9,108,12.5851
baseline,9,109,12.5448
baseline,9,110,12.2479
baseline,9,111,12.09
baseline,9,112,12.3467
baseline,9,113,12.602
baseline,9,114,12.6092
baseline,9,115,12.7171
baseline,9,116,12.6173
baseline,9,117,12.5721
baseline,9,118,13.1545
baseline,9,119,13.0946
baseline,9,120,12.9445
baseline,9,121,13.1188
baseline,9,122,12.4976
baseline,9,123,12.8382
baseline,9,124,13.0479
baseline,9,125,12.8897
baseline,9,126,12.2199
baseline,9,127,13.397
baseline,9,128,12.914
baseline,9,129,12.4852
baseline,9,130,12.658
baseline,9,131,12.8923
baseline,9,132,12.627
baseline,9,133,12.7542
baseline,9,134,13.0702
baseline,9,135,12.83
baseline,9,136,13.1083
baseline,9,137,12.995
baseline,9,138,12.9605
baseline,9,139,12.9095
baseline,9,140,13.091
baseline,9,141,12.9394
baseline,9,142,13.0761
baseline,9,143,12.7405
baseline,9,144,12.8122
baseline,9,145,12.2748
baseline,9,146,12.3467
baseline,9,147,13.0046
baseline,9,148,12.8105
baseline,9,149,13.2248
baseline,9,150,12.9495
baseline,9,151,13.0322
baseline,9,152,13.2633
baseline,9,153,13.1357
baseline,9,154,12.7915
baseline,9,155,13.2351
baseline,9,156,13.166
baseline,9,157,13.2855
baseline,9,158,13.1287
baseline,9,159,12.9896
baseline,9,160,13.208
baseline,9,161,13.0752
baseline,9,162,13.2048
baseline,9,163,13.3301
baseline,9,164,13.2332
baseline,9,165,13.3721
baseline,9,166,13.0979
baseline,9,167,12.7981
baseline,9,168,13.239
baseline,9,169,13.4708
baseline,9,170,13.3133
baseline,9,171,13.056
baseline,9,172,13.7206
baseline,9,173,13.3208
baseline,9,174,13.3286
baseline,9,175,13.2033
baseline,9,176,13.5231
baseline,9,177,13.5195
baseline,9,178,13.2438
baseline,9,179,13.3652
baseline,9,180,13.4153
baseline,9,181,13.4562
baseline,9,182,13.3256
baseline,9,183,12.8653
baseline,9,184,13.7147
baseline,9,185,13.9072
baseline,9,186,13.2771
baseline,9,187,14.0325
baseline,9,188,13.1933
baseline,9,189,13.5324
baseline,9,190,13.6123
baseline,9,191,13.3296
baseline,9,192,13.5155
baseline,9,193,13.5761
baseline,9,194,13.5811
baseline,9,195,13.6668
baseline,9,196,13.6805
baseline,9,197,13.5732
baseline,9,198,13.3849
baseline,9,199,13.7011
baseline,9,200,13.7078
baseline,9,201,13.5462
baseline,9,202,13.8096
baseline,9,203,13.4813
baseline,9,204,13.669
baseline,9,205,13.9116
baseline,9,206,13.9606
baseline,9,207,13.6091
baseline,9,208,13.3159
baseline,9,209,13.5247
baseline,9,210,13.9396
baseline,9,211,13.7263
baseline,9,212,13.7494
baseline,9,213,13.7691
baseline,9,214,13.7147
baseline,9,215,13.7777
baseline,9,216,13.8485
baseline,9,217,13.9458
baseline,9,218,13.6915
baseline,9,219,14.0974
baseline,9,220,13.9787
baseline,9,221,14.0675
baseline,9,222,13.4832
baseline,9,223,14.0625
baseline,9,224,14.0249
baseline,9,225,13.9448
baseline,9,226,14.2773
baseline,9,227,13.8285
baseline,9,228,13.8787
baseline,9,229,13.7934
baseline,9,230,13.5492
baseline,9,231,14.0294
baseline,9,232,14.1265
baseline,9,233,13.8084
baseline,9,234,14.2038
baseline,9,235,13.9515
baseline,9,236,14.1323
baseline,9,237,13.8287
baseline,9,238,14.0865
baseline,9,239,13.8235
baseline,9,240,14.25
baseline,9,241,14.3898
baseline,9,242,14.0877
baseline,9,243,14.517
baseline,9,244,17.4722
baseline,9,245,17.1244
baseline,9,246,14.4347
baseline,9,247,15.0409
baseline,9,248,13.8133
baseline,9,249,13.7212
baseline,9,250,13.9135
baseline,9,251,13.8102
baseline,9,252,13.7995
baseline,9,253,14.1563
baseline,9,254,14.4948
baseline,9,255,15.329
baseline,9,256,14.0237
baseline,9,257,14.1431
baseline,9,258,14.395
baseline,9,259,14.5021
baseline,9,260,14.3447
baseline,9,261,14.2444
baseline,9,262,14.4544
baseline,9,263,14.4817
baseline,9,264,14.3101
baseline,9,265,14.2506
baseline,9,266,14.5153
baseline,9,267,14.3993
baseline,9,268,14.1201
baseline,9,269,14.4725
baseline,9,270,14.4097
baseline,9,271,14.0787
baseline,9,272,14.123
baseline,9,273,14.4915
baseline,9,274,14.2153
baseline,9,275,14.2897
baseline,9,276,14.6399
baseline,9,277,14.4902
baseline,9,278,14.4755
baseline,9,279,14.744
baseline,9,280,14.5604
baseline,9,281,14.7313
baseline,9,282,14.4544
baseline,9,283,14.5517
baseline,9,284,14.1859
baseline,9,285,14.5989
baseline,9,286,14.6973
baseline,9,287,14.6846
baseline,9,288,14.6544
baseline,9,289,14.7401
baseline,9,290,14.8625
baseline,9,291,14.441
baseline,9,292,14.556
baseline,9,293,14.872
baseline,9,294,14.6289
baseline,9,295,14.6428
baseline,9,296,15.0009
baseline,9,297,14.5271
baseline,9,298,14.3945
baseline,9,299,15.5051
baseline,9,300,14.6042
baseline,9,301,14.6333
baseline,9,302,15.0047
baseline,9,303,14.863
baseline,9,304,14.8494
baseline,9,305,14.9283
baseline,9,306,14.6335
baseline,9,307,14.9215
baseline,9,308,14.6179
baseline,9,309,14.8378
baseline,9,310,14.7474
baseline,9,311,15.1187
baseline,9,312,14.9918
baseline,9,313,14.8312
baseline,9,314,15.0854
baseline,9,315,15.2247
baseline,9,316,15.0484
baseline,9,317,15.4108
baseline,9,318,15.0587
baseline,9,319,15.0182
baseline,9,320,15.4756
baseline,9,321,15.2283
baseline,9,322,14.8362
baseline,9,323,15.2002
baseline,9,324,15.1666
baseline,9,325,14.7014
baseline,9,326,15.0188
baseline,9,327,14.801
baseline,9,328,15.0517
baseline,9,329,15.4761
baseline,9,330,15.1522
baseline,9,331,15.1911
baseline,9,332,15.3408
baseline,9,333,14.9175
baseline,9,334,15.3762
baseline,9,335,15.2299
baseline,9,336,15.0995
baseline,9,337,14.9361
baseline,9,338,15.552
baseline,9,339,15.1794
baseline,9,340,14.7237
baseline,9,341,14.5158
baseline,9,342,15.1681
baseline,9,343,15.2636
baseline,9,344,15.0813
baseline,9,345,15.0847
baseline,9,346,15.2127
baseline,9,347,15.3031
baseline,9,348,15.5926
baseline,9,349,15.4334
baseline,9,350,14.9578
baseline,9,351,15.1995
baseline,9,352,15.4723
baseline,9,353,15.4356
baseline,9,354,15.4388
baseline,9,355,15.2347
baseline,9,356,15.1413
baseline,9,357,15.2846
baseline,9,358,15.62
baseline,9,359,15.3448
baseline,9,360,15.331
baseline,9,361,15.281
baseline,9,362,15.4574
baseline,9,363,15.3912
baseline,9,364,15.0646
baseline,9,365,15.2991
baseline,9,366,15.8311
baseline,9,367,15.1803
baseline,9,368,15.0733
baseline,9,369,15.5045
baseline,9,370,15.2453
baseline,9,371,15.5935
baseline,9,372,15.5616
baseline,9,373,15.5318
baseline,9,374,15.253
baseline,9,375,15.4665
baseline,9,376,15.5792
baseline,9,377,15.5854
baseline,9,378,15.6694
baseline,9,379,15.8825
baseline,9,380,15.8544
baseline,9,381,15.6115
baseline,9,382,15.6858
baseline,9,383,15.2222
baseline,9,384,15.4768
baseline,9,385,15.1493
baseline,9,386,15.0245
baseline,9,387,15.9117
baseline,9,388,15.467
baseline,9,389,15.6926
baseline,9,390,16.1516
baseline,9,391,15.7195
baseline,9,392,15.9062
baseline,9,393,15.7665
baseline,9,394,15.5758
baseline,9,395,15.9442
baseline,9,396,15.8063
baseline,9,397,16.0579
baseline,9,398,15.7006
baseline,9,399,15.4422
baseline,9,400,15.664
baseline,9,401,15.8905
baseline,9,402,16.0553
baseline,9,403,15.4812
baseline,9,404,15.9635
baseline,9,405,15.8643
baseline,9,406,15.7579
baseline,9,407,15.9355
baseline,9,408,15.904
baseline,9,409,15.9152
baseline,9,410,16.1464
baseline,9,411,16.0354
baseline,9,412,16.0386
baseline,9,413,15.8221
baseline,9,414,16.2062
baseline,9,415,16.779
baseline,9,416,16.4462
baseline,9,417,16.2056
baseline,9,418,16.3631
baseline,9,419,15.9914
baseline,9,420,17.6426
baseline,9,421,16.5076
baseline,9,422,15.7067
baseline,9,423,16.009
baseline,9,424,15.8085
baseline,9,425,16.0312
baseline,9,426,15.895
baseline,9,427,16.2287
baseline,9,428,16.1307
baseline,9,429,16.2079
baseline,9,430,16.2858
baseline,9,431,16.075
baseline,9,432,16.3574
baseline,9,433,16.4561
baseline,9,434,16.3803
baseline,9,435,16.3985
baseline,9,436,15.6395
baseline,9,437,15.5643
baseline,9,438,16.1368
baseline,9,439,16.3034
baseline,9,440,16.2149
baseline,9,441,16.2664
baseline,9,442,16.1696
baseline,9,443,16.7348
baseline,9,444,16.6395
baseline,9,445,16.0216
baseline,9,446,16.0787
baseline,9,447,15.9994
baseline,9,448,15.9349
baseline,9,449,16.394
baseline,9,450,16.432
baseline,9,451,16.1858
baseline,9,452,16.1512
baseline,9,453,16.423
baseline,9,454,16.5182
baseline,9,455,16.2993
baseline,9,456,16.3416
baseline,9,457,16.7241
baseline,9,458,16.6581
baseline,9,459,16.3925
baseline,9,460,16.5035
baseline,9,461,16.231
baseline,9,462,16.5329
baseline,9,463,16.3606
baseline,9,464,16.3158
baseline,9,465,16.54
baseline,9,466,16.6859
baseline,9,467,16.6745
baseline,9,468,16.912
baseline,9,469,16.8719
baseline,9,470,16.5171
baseline,9,471,16.544
baseline,9,472,17.6141
baseline,9,473,17.6416
baseline,9,474,16.9377
baseline,9,475,17.5043
baseline,9,476,17.0053
baseline,9,477,17.1039
baseline,9,478,17.3962
baseline,9,479,16.9249
baseline,9,480,17.0045
baseline,9,481,17.0338
baseline,9,482,17.3394
baseline,9,483,17.3455
baseline,9,484,17.2534
baseline,9,485,17.2083
baseline,9,486,17.0671
baseline,9,487,17.2204
baseline,9,488,16.9717
baseline,9,489,17.3391
baseline,9,490,17.0409
baseline,9,491,16.7866
baseline,9,492,16.4849
baseline,9,493,16.9179
baseline,9,494,16.6552
baseline,9,495,16.428
baseline,9,496,16.4838
baseline,9,497,16.7881
baseline,9,498,16.4212
baseline,9,499,16.9803
baseline,9,500,17.3562
baseline,9,501,17.324
baseline,9,502,17.1298
baseline,9,503,17.3895
baseline,9,504,17.3373
baseline,9,505,17.4187
baseline,9,506,17.3702
baseline,9,507,17.2751
baseline,9,508,17.2333
baseline,9,509,17.3771
baseline,9,510,16.9062
baseline,9,511,17.171
baseline,9,512,17.8584
baseline,9,513,17.3452
baseline,9,514,17.299
baseline,9,515,17.347
baseline,9,516,17.4425
baseline,9,517,17.4643
baseline,9,518,17.2933
baseline,9,519,17.4326
baseline,9,520,17.1641
baseline,9,521,17.1133
baseline,9,522,17.3013
baseline,9,523,17.1179
baseline,9,524,16.836
baseline,9,525,17.3323
baseline,9,526,17.0086
baseline,9,527,17.3819
baseline,9,528,17.2273
baseline,9,529,17.2887
baseline,9,530,17.1382
baseline,9,531,17.4092
baseline,9,532,17.1843
baseline,9,533,16.9654
baseline,9,534,17.2395
baseline,9,535,17.5617
baseline,9,536,17.4664
baseline,9,537,17.0549
baseline,9,538,17.2416
baseline,9,539,16.9811
baseline,9,540,17.3224
baseline,9,541,17.0433
baseline,9,542,17.1082
baseline,9,543,17.4663
baseline,9,544,17.1108
baseline,9,545,17.0546
baseline,9,546,16.8136
baseline,9,547,17.2719
baseline,9,548,17.019
baseline,9,549,17.39
baseline,9,550,17.3649
baseline,9,551,17.5615
baseline,9,552,17.3849
baseline,9,553,17.1905
baseline,9,554,17.1575
baseline,9,555,17.3575
baseline,9,556,17.0428
baseline,9,557,16.5613
baseline,9,558,17.5481
baseline,9,559,17.2525
baseline,9,560,17.268
baseline,9,561,17.2547
baseline,9,562,17.2587
baseline,9,563,17.5231
baseline,9,564,17.2255
baseline,9,565,17.2203
baseline,9,566,17.3951
baseline,9,567,17.115
baseline,9,568,17.1412
baseline,9,569,17.0021
baseline,9,570,17.498
baseline,9,571,17.2961
baseline,9,572,17.2196
baseline,9,573,17.5388
baseline,9,574,17.1608
baseline,9,575,17.0672
baseline,9,576,17.1387
baseline,9,577,17.2249
baseline,9,578,16.9744
baseline,9,579,17.1197
baseline,9,580,17.2052
baseline,9,581,17.1876
baseline,9,582,17.5072
baseline,9,583,17.3111
baseline,9,584,17.0626
baseline,9,585,17.269
baseline,9,586,17.3777
baseline,9,587,17.0503
baseline,9,588,17.187
baseline,9,589,17.0835
baseline,9,590,16.7387
baseline,9,591,17.623
baseline,9,592,17.4784
baseline,9,593,17.1257
baseline,9,594,17.0946
baseline,9,595,17.2168
baseline,9,596,17.164
baseline,9,597,17.0209
baseline,9,598,17.3836
baseline,9,599,16.9165
