variant,rep,token_index,time_ms
baseline,0,0,56.0318
baseline,0,1,10.9833
baseline,0,2,10.9906
baseline,0,3,10.7588
baseline,0,4,10.7762
baseline,0,5,10.8614
baseline,0,6,10.839
baseline,0,7,10.9673
baseline,0,8,11.0618
baseline,0,9,11.101
baseline,0,10,11.2226
baseline,0,11,11.1527
baseline,0,12,11.2978
baseline,0,13,11.2312
baseline,0,14,11.2521
baseline,0,15,11.5436
baseline,0,16,11.1955
baseline,0,17,11.3556
baseline,0,18,10.8375
baseline,0,19,11.3598
baseline,0,20,11.3519
baseline,0,21,11.2484
baseline,0,22,11.1838
baseline,0,23,11.1529
baseline,0,24,11.3199
baseline,0,25,11.4806
baseline,0,26,11.161
baseline,0,27,11.4358
baseline,0,28,11.2626
baseline,0,29,11.8033
baseline,0,30,11.3558
baseline,0,31,11.8178
baseline,0,32,11.2807
baseline,0,33,11.5868
baseline,0,34,11.2251
baseline,0,35,11.0689
baseline,0,36,11.314
baseline,0,37,11.395
baseline,0,38,11.33
baseline,0,39,11.2565
baseline,0,40,11.3941
baseline,0,41,11.3322
baseline,0,42,11.2296
baseline,0,43,11.9738
baseline,0,44,11.9701
baseline,0,45,11.5746
baseline,0,46,11.9957
baseline,0,47,11.8993
baseline,0,48,11.4972
baseline,0,49,11.2941
baseline,0,50,11.7772
baseline,0,51,11.9484
baseline,0,52,12.0428
baseline,0,53,11.6281
baseline,0,54,11.7912
baseline,0,55,12.1133
baseline,0,56,11.6575
baseline,0,57,11.7678
baseline,0,58,11.559
baseline,0,59,11.8882
baseline,0,60,11.8161
baseline,0,61,11.7696
baseline,0,62,11.8001
baseline,0,63,11.7044
baseline,0,64,11.9793
baseline,0,65,11.7633
baseline,0,66,12.0003
baseline,0,67,11.7365
baseline,0,68,11.9769
baseline,0,69,11.8022
baseline,0,70,12.0899
baseline,0,71,11.7099
baseline,0,72,12.1034
baseline,0,73,11.5617
baseline,0,74,12.2853
baseline,0,75,12.5146
baseline,0,76,11.8267
baseline,0,77,12.1924
baseline,0,78,11.8786
baseline,0,79,11.6549
baseline,0,80,11.4241
baseline,0,81,12.3461
baseline,0,82,12.2471
baseline,0,83,12.2073
baseline,0,84,12.057
baseline,0,85,11.9714
baseline,0,86,11.8238
baseline,0,87,11.8286
baseline,0,88,11.6227
baseline,0,89,11.6635
baseline,0,90,11.8847
baseline,0,91,11.9065
baseline,0,92,12.2072
baseline,0,93,12.1396
baseline,0,94,12.178
baseline,0,95,11.5253
baseline,0,96,12.1191
baseline,0,97,11.6742
baseline,0,98,12.0805
baseline,0,99,12.1528
baseline,0,100,12.3202
baseline,0,101,12.2782
baseline,0,102,12.1346
baseline,0,103,12.2647
baseline,0,104,12.3474
baseline,0,105,11.9483
baseline,0,106,12.4553
baseline,0,107,12.037
baseline,0,108,12.176
baseline,0,109,12.2803
baseline,0,110,12.1827
baseline,0,111,12.3085
baseline,0,112,12.5131
baseline,0,113,12.1236
baseline,0,114,11.9328
baseline,0,115,12.0323
baseline,0,116,11.6689
baseline,0,117,12.3105
baseline,0,118,11.8605
baseline,0,119,12.0796
baseline,0,120,12.1329
baseline,0,121,11.9196
baseline,0,122,11.8356
baseline,0,123,12.1778
baseline,0,124,11.9538
baseline,0,125,12.0229
baseline,0,126,12.7922
baseline,0,127,12.425
baseline,0,128,12.7771
baseline,0,129,12.4871
baseline,0,130,12.7743
baseline,0,131,12.6586
baseline,0,132,12.6504
baseline,0,133,12.6989
baseline,0,134,12.6995
baseline,0,135,12.7865
baseline,0,136,12.5693
baseline,0,137,12.8002
baseline,0,138,12.2509
baseline,0,139,12.5255
baseline,0,140,12.2205
baseline,0,141,12.46
baseline,0,142,12.4629
baseline,0,143,12.9175
baseline,0,144,12.1605
baseline,0,145,11.6573
baseline,0,146,11.6206
baseline,0,147,12.7275
baseline,0,148,12.7421
baseline,0,149,12.349
baseline,0,150,12.7102
baseline,0,151,12.6934
baseline,0,152,12.9016
baseline,0,153,13.1637
baseline,0,154,12.9044
baseline,0,155,12.8897
baseline,0,156,13.2419
baseline,0,157,12.9738
baseline,0,158,12.7998
baseline,0,159,13.0369
baseline,0,160,12.6566
baseline,0,161,12.9158
baseline,0,162,13.0381
baseline,0,163,13.2436
baseline,0,164,13.4693
baseline,0,165,14.1465
baseline,0,166,12.9319
baseline,0,167,13.1047
baseline,0,168,13.018
baseline,0,169,12.8368
baseline,0,170,12.9468
baseline,0,171,12.1763
baseline,0,172,12.8931
baseline,0,173,13.0079
baseline,0,174,13.1091
baseline,0,175,13.3963
baseline,0,176,12.805
baseline,0,177,13.1903
baseline,0,178,12.7557
baseline,0,179,13.1502
baseline,0,180,13.4362
baseline,0,181,17.0157
baseline,0,182,17.1638
baseline,0,183,15.7247
baseline,0,184,15.3235
baseline,0,185,13.0545
baseline,0,186,13.4171
baseline,0,187,13.1901
baseline,0,188,13.2728
baseline,0,189,13.285
baseline,0,190,13.5524
baseline,0,191,12.904
baseline,0,192,13.0968
baseline,0,193,13.1759
baseline,0,194,13.2105
baseline,0,195,13.1781
baseline,0,196,13.4583
baseline,0,197,12.7576
baseline,0,198,12.9728
baseline,0,199,13.3679
baseline,0,200,13.2547
baseline,0,201,13.0767
baseline,0,202,13.0795
baseline,0,203,13.5352
baseline,0,204,13.1202
baseline,0,205,12.6974
baseline,0,206,13.4483
baseline,0,207,13.2855
baseline,0,208,12.9441
baseline,0,209,13.0892
baseline,0,210,13.4501
baseline,0,211,12.8679
baseline,0,212,12.8991
baseline,0,213,12.7258
baseline,0,214,12.7268
baseline,0,215,13.4011
baseline,0,216,13.4122
baseline,0,217,14.0149
baseline,0,218,13.3158
baseline,0,219,13.8767
baseline,0,220,13.5709
baseline,0,221,13.698
baseline,0,222,14.1036
baseline,0,223,13.9105
baseline,0,224,13.9072
baseline,0,225,13.7577
baseline,0,226,13.5502
baseline,0,227,13.2644
baseline,0,228,14.1758
baseline,0,229,14.079
baseline,0,230,14.2026
baseline,0,231,14.2277
baseline,0,232,13.894
baseline,0,233,13.8051
baseline,0,234,13.3788
baseline,0,235,13.4291
baseline,0,236,13.9501
baseline,0,237,13.9827
baseline,0,238,13.7159
baseline,0,239,13.9515
baseline,0,240,13.5831
baseline,0,241,13.7752
baseline,0,242,13.459
baseline,0,243,13.8788
baseline,0,244,13.8567
baseline,0,245,14.0055
baseline,0,246,13.5499
baseline,0,247,13.9968
baseline,0,248,14.0231
baseline,0,249,13.8578
baseline,0,250,13.6701
baseline,0,251,13.7054
baseline,0,252,13.9444
baseline,0,253,13.856
baseline,0,254,13.6584
baseline,0,255,14.0924
baseline,0,256,14.3129
baseline,0,257,13.8523
baseline,0,258,14.1303
baseline,0,259,14.1046
baseline,0,260,14.1003
baseline,0,261,14.1713
baseline,0,262,13.9635
baseline,0,263,16.53
baseline,0,264,13.9745
baseline,0,265,13.4231
baseline,0,266,13.6448
baseline,0,267,14.0854
baseline,0,268,13.9449
baseline,0,269,14.0328
baseline,0,270,14.3718
baseline,0,271,14.078
baseline,0,272,13.7613
baseline,0,273,13.9892
baseline,0,274,13.9831
baseline,0,275,14.4263
baseline,0,276,14.2863
baseline,0,277,14.293
baseline,0,278,13.9491
baseline,0,279,13.7278
baseline,0,280,13.7508
baseline,0,281,14.01
baseline,0,282,13.7801
baseline,0,283,14.6169
baseline,0,284,14.3802
baseline,0,285,14.6247
baseline,0,286,14.3839
baseline,0,287,14.4686
baseline,0,288,14.3608
baseline,0,289,14.5043
baseline,0,290,14.4607
baseline,0,291,13.8326
baseline,0,292,14.3951
baseline,0,293,14.4558
baseline,0,294,14.3352
baseline,0,295,14.4752
baseline,0,296,14.5216
baseline,0,297,14.5646
baseline,0,298,14.5518
baseline,0,299,14.1753
baseline,0,300,14.2724
baseline,0,301,14.5784
baseline,0,302,14.3724
baseline,0,303,14.4461
baseline,0,304,14.704
baseline,0,305,14.5738
baseline,0,306,14.3145
baseline,0,307,14.6323
baseline,0,308,14.3725
baseline,0,309,14.4427
baseline,0,310,15.0091
baseline,0,311,15.3033
baseline,0,312,14.6075
baseline,0,313,14.3184
baseline,0,314,14.5484
baseline,0,315,14.0023
baseline,0,316,14.5544
baseline,0,317,14.5392
baseline,0,318,14.1801
baseline,0,319,14.477
baseline,0,320,13.6425
baseline,0,321,14.2671
baseline,0,322,14.3733
baseline,0,323,14.4979
baseline,0,324,14.6574
baseline,0,325,14.5221
baseline,0,326,14.4702
baseline,0,327,14.5638
baseline,0,328,14.5137
baseline,0,329,14.6662
baseline,0,330,14.4691
baseline,0,331,14.509
baseline,0,332,14.6423
baseline,0,333,14.892
baseline,0,334,14.5122
baseline,0,335,14.4092
baseline,0,336,14.7793
baseline,0,337,15.035
baseline,0,338,14.7339
baseline,0,339,15.2538
baseline,0,340,14.937
baseline,0,341,14.8744
baseline,0,342,14.5629
baseline,0,343,14.889
baseline,0,344,15.028
baseline,0,345,14.9425
baseline,0,346,15.0188
baseline,0,347,14.6245
baseline,0,348,15.1217
baseline,0,349,14.6983
baseline,0,350,14.919
baseline,0,351,14.936
baseline,0,352,14.9412
baseline,0,353,14.9139
baseline,0,354,15.1246
baseline,0,355,15.1217
baseline,0,356,14.659
baseline,0,357,14.8235
baseline,0,358,15.0429
baseline,0,359,14.9753
baseline,0,360,15.0557
baseline,0,361,14.7812
baseline,0,362,14.8399
baseline,0,363,14.8712
baseline,0,364,15.0659
baseline,0,365,14.8347
baseline,0,366,15.1639
baseline,0,367,15.1773
baseline,0,368,15.1708
baseline,0,369,14.884
baseline,0,370,15.4266
baseline,0,371,15.075
baseline,0,372,15.0244
baseline,0,373,15.2135
baseline,0,374,14.949
baseline,0,375,15.2535
baseline,0,376,15.2553
baseline,0,377,15.2877
baseline,0,378,15.2067
baseline,0,379,15.5887
baseline,0,380,15.2331
baseline,0,381,15.356
baseline,0,382,14.8278
baseline,0,383,15.4794
baseline,0,384,15.1085
baseline,0,385,15.1226
baseline,0,386,15.0535
baseline,0,387,14.8915
baseline,0,388,15.2492
baseline,0,389,15.0786
baseline,0,390,15.2985
baseline,0,391,15.384
baseline,0,392,15.3464
baseline,0,393,15.4258
baseline,0,394,15.4106
baseline,0,395,15.3031
baseline,0,396,14.6679
baseline,0,397,15.2301
baseline,0,398,15.2153
baseline,0,399,15.302
baseline,0,400,15.1275
baseline,0,401,15.7608
baseline,0,402,15.2613
baseline,0,403,15.2879
baseline,0,404,14.9061
baseline,0,405,15.4403
baseline,0,406,15.5092
baseline,0,407,15.3167
baseline,0,408,15.7383
baseline,0,409,15.4549
baseline,0,410,15.147
baseline,0,411,15.2405
baseline,0,412,15.1544
baseline,0,413,15.589
baseline,0,414,15.5254
baseline,0,415,15.529
baseline,0,416,15.3653
baseline,0,417,15.6956
baseline,0,418,15.6458
baseline,0,419,15.6678
baseline,0,420,15.2735
baseline,0,421,15.5302
baseline,0,422,15.7064
baseline,0,423,15.1035
baseline,0,424,15.4985
baseline,0,425,15.7892
baseline,0,426,15.8523
baseline,0,427,15.5302
baseline,0,428,15.6985
baseline,0,429,15.8095
baseline,0,430,15.3947
baseline,0,431,15.3621
baseline,0,432,15.8412
baseline,0,433,15.6855
baseline,0,434,15.2205
baseline,0,435,16.0328
baseline,0,436,15.6264
baseline,0,437,15.4895
baseline,0,438,16.0075
baseline,0,439,15.7865
baseline,0,440,15.54
baseline,0,441,16.0205
baseline,0,442,15.5682
baseline,0,443,15.8471
baseline,0,444,17.2067
baseline,0,445,16.0182
baseline,0,446,16.07
baseline,0,447,15.745
baseline,0,448,15.9003
baseline,0,449,15.7368
baseline,0,450,16.0502
baseline,0,451,15.9879
baseline,0,452,15.701
baseline,0,453,16.182
baseline,0,454,16.1962
baseline,0,455,15.8793
baseline,0,456,16.1318
baseline,0,457,15.9176
baseline,0,458,15.8994
baseline,0,459,16.2601
baseline,0,460,16.1292
baseline,0,461,15.9969
baseline,0,462,16.0059
baseline,0,463,15.9501
baseline,0,464,15.9343
baseline,0,465,15.9305
baseline,0,466,15.8291
baseline,0,467,15.6293
baseline,0,468,15.9846
baseline,0,469,15.8849
baseline,0,470,16.497
baseline,0,471,15.9793
baseline,0,472,16.4089
baseline,0,473,16.8766
baseline,0,474,16.8756
baseline,0,475,16.333
baseline,0,476,16.8176
baseline,0,477,16.897
baseline,0,478,16.5722
baseline,0,479,16.8455
baseline,0,480,16.7174
baseline,0,481,16.387
baseline,0,482,16.1181
baseline,0,483,17.002
baseline,0,484,17.072
baseline,0,485,16.962
baseline,0,486,16.436
baseline,0,487,16.2914
baseline,0,488,16.14
baseline,0,489,16.4996
baseline,0,490,16.8239
baseline,0,491,16.5099
baseline,0,492,16.7555
baseline,0,493,16.3155
baseline,0,494,16.6363
baseline,0,495,16.8164
baseline,0,496,16.8758
baseline,0,497,16.6551
baseline,0,498,16.2628
baseline,0,499,16.9023
baseline,0,500,16.8304
baseline,0,501,16.3045
baseline,0,502,16.5637
baseline,0,503,16.9459
baseline,0,504,16.65
baseline,0,505,16.7514
baseline,0,506,16.7819
baseline,0,507,16.7387
baseline,0,508,16.8819
baseline,0,509,16.9856
baseline,0,510,16.7901
baseline,0,511,16.5802
baseline,0,512,16.7372
baseline,0,513,16.5345
baseline,0,514,16.3818
baseline,0,515,16.6523
baseline,0,516,16.8144
baseline,0,517,16.748
baseline,0,518,16.5864
baseline,0,519,17.0476
baseline,0,520,16.6915
baseline,0,521,16.6333
baseline,0,522,16.9395
baseline,0,523,16.332
baseline,0,524,16.7538
baseline,0,525,16.7407
baseline,0,526,16.8397
baseline,0,527,16.3256
baseline,0,528,16.7531
baseline,0,529,16.5538
baseline,0,530,16.5363
baseline,0,531,16.8465
baseline,0,532,17.1412
baseline,0,533,16.7774
baseline,0,534,16.9606
baseline,0,535,16.4655
baseline,0,536,16.7567
baseline,0,537,16.973
baseline,0,538,16.9772
baseline,0,539,16.7664
baseline,0,540,16.7225
baseline,0,541,16.7498
baseline,0,542,16.8838
baseline,0,543,17.0252
baseline,0,544,16.2998
baseline,0,545,16.4359
baseline,0,546,16.7628
baseline,0,547,16.1245
baseline,0,548,16.5747
baseline,0,549,16.8598
baseline,0,550,16.7812
baseline,0,551,16.7198
baseline,0,552,16.7006
baseline,0,553,16.8053
baseline,0,554,16.8183
baseline,0,555,17.0366
baseline,0,556,16.9355
baseline,0,557,16.6205
baseline,0,558,17.022
baseline,0,559,16.7643
baseline,0,560,16.7269
baseline,0,561,17.1315
baseline,0,562,16.9876
baseline,0,563,16.6097
baseline,0,564,16.9795
baseline,0,565,17.2015
baseline,0,566,18.0244
baseline,0,567,16.9434
baseline,0,568,16.6728
baseline,0,569,16.5827
baseline,0,570,16.6436
baseline,0,571,16.8215
baseline,0,572,16.7725
baseline,0,573,16.5992
baseline,0,574,16.9237
baseline,0,575,16.7041
baseline,0,576,16.6546
baseline,0,577,16.8727
baseline,0,578,17.0884
baseline,0,579,17.4933
baseline,0,580,17.1809
baseline,0,581,16.418
baseline,0,582,16.9388
baseline,0,583,16.7952
baseline,0,584,17.1883
baseline,0,585,16.652
baseline,0,586,16.748
baseline,0,587,17.1795
baseline,0,588,16.7986
baseline,0,589,16.712
baseline,0,590,17.2102
baseline,0,591,17.3668
baseline,0,592,17.5481
baseline,0,593,17.8525
baseline,0,594,17.1795
baseline,0,595,16.6904
baseline,0,596,16.5683
baseline,0,597,16.8808
baseline,0,598,16.816
baseline,0,599,16.644
deferscale,0,0,56.5099
deferscale,0,1,11.0365
deferscale,0,2,11.3475
deferscale,0,3,11.1339
deferscale,0,4,10.7777
deferscale,0,5,11.2463
deferscale,0,6,10.7418
deferscale,0,7,11.0435
deferscale,0,8,10.9285
deferscale,0,9,11.1198
deferscale,0,10,10.8742
deferscale,0,11,11.3646
deferscale,0,12,11.2887
deferscale,0,13,10.8154
deferscale,0,14,11.2152
deferscale,0,15,11.4913
deferscale,0,16,11.4715
deferscale,0,17,11.3374
deferscale,0,18,11.1529
deferscale,0,19,11.3221
deferscale,0,20,10.9349
deferscale,0,21,10.8262
deferscale,0,22,11.5393
deferscale,0,23,11.1551
deferscale,0,24,11.6435
deferscale,0,25,11.4342
deferscale,0,26,11.0496
deferscale,0,27,11.052
deferscale,0,28,11.4797
deferscale,0,29,11.6569
deferscale,0,30,11.2973
deferscale,0,31,11.3811
deferscale,0,32,11.3597
deferscale,0,33,11.4374
deferscale,0,34,11.8741
deferscale,0,35,11.2353
deferscale,0,36,11.6495
deferscale,0,37,11.827
deferscale,0,38,11.3459
deferscale,0,39,11.3613
deferscale,0,40,11.1644
deferscale,0,41,11.474
deferscale,0,42,11.7875
deferscale,0,43,11.2094
deferscale,0,44,11.7498
deferscale,0,45,11.5064
deferscale,0,46,12.1085
deferscale,0,47,11.5231
deferscale,0,48,11.3671
deferscale,0,49,11.4162
deferscale,0,50,11.7953
deferscale,0,51,11.7311
deferscale,0,52,11.5284
deferscale,0,53,11.6987
deferscale,0,54,11.5217
deferscale,0,55,12.2752
deferscale,0,56,11.7388
deferscale,0,57,11.6025
deferscale,0,58,11.902
deferscale,0,59,12.2248
deferscale,0,60,11.5335
deferscale,0,61,11.8978
deferscale,0,62,11.6786
deferscale,0,63,12.025
deferscale,0,64,11.5049
deferscale,0,65,11.3775
deferscale,0,66,11.5364
deferscale,0,67,12.0041
deferscale,0,68,11.2148
deferscale,0,69,11.8765
deferscale,0,70,11.6539
deferscale,0,71,12.0805
deferscale,0,72,12.2983
deferscale,0,73,11.9953
deferscale,0,74,11.8642
deferscale,0,75,11.9259
deferscale,0,76,11.8309
deferscale,0,77,11.7559
deferscale,0,78,11.9998
deferscale,0,79,11.9715
deferscale,0,80,11.965
deferscale,0,81,11.8797
deferscale,0,82,11.7281
deferscale,0,83,12.119
deferscale,0,84,12.4607
deferscale,0,85,12.163
deferscale,0,86,12.2004
deferscale,0,87,12.071
deferscale,0,88,11.8674
deferscale,0,89,12.1338
deferscale,0,90,12.1839
deferscale,0,91,12.2265
deferscale,0,92,12.3186
deferscale,0,93,11.8
deferscale,0,94,12.0705
deferscale,0,95,11.7769
deferscale,0,96,11.7725
deferscale,0,97,12.0581
deferscale,0,98,12.3581
deferscale,0,99,12.1868
deferscale,0,100,12.5125
deferscale,0,101,12.2438
deferscale,0,102,12.2558
deferscale,0,103,12.2073
deferscale,0,104,12.0832
deferscale,0,105,12.2971
deferscale,0,106,12.3214
deferscale,0,107,12.3308
deferscale,0,108,12.1305
deferscale,0,109,12.311
deferscale,0,110,12.2327
deferscale,0,111,12.4254
deferscale,0,112,12.4641
deferscale,0,113,12.3169
deferscale,0,114,12.1806
deferscale,0,115,12.3549
deferscale,0,116,12.4649
deferscale,0,117,12.1559
deferscale,0,118,12.077
deferscale,0,119,13.5534
deferscale,0,120,12.4399
deferscale,0,121,12.2446
deferscale,0,122,12.3176
deferscale,0,123,12.2798
deferscale,0,124,12.6876
deferscale,0,125,12.5222
deferscale,0,126,12.5235
deferscale,0,127,12.3325
deferscale,0,128,12.3293
deferscale,0,129,12.5813
deferscale,0,130,12.4011
deferscale,0,131,12.3498
deferscale,0,132,12.3754
deferscale,0,133,12.5542
deferscale,0,134,12.6528
deferscale,0,135,12.3926
deferscale,0,136,12.5206
deferscale,0,137,12.5352
deferscale,0,138,12.8272
deferscale,0,139,12.5111
deferscale,0,140,12.2834
deferscale,0,141,12.4522
deferscale,0,142,12.0872
deferscale,0,143,12.6418
deferscale,0,144,12.657
deferscale,0,145,12.2892
deferscale,0,146,12.9922
deferscale,0,147,12.9438
deferscale,0,148,12.9821
deferscale,0,149,12.7285
deferscale,0,150,12.8451
deferscale,0,151,12.4135
deferscale,0,152,12.6512
deferscale,0,153,12.3543
deferscale,0,154,12.9014
deferscale,0,155,12.5656
deferscale,0,156,12.8878
deferscale,0,157,12.9053
deferscale,0,158,12.4583
deferscale,0,159,12.3826
deferscale,0,160,12.3148
deferscale,0,161,11.9668
deferscale,0,162,12.2376
deferscale,0,163,12.56
deferscale,0,164,12.5325
deferscale,0,165,11.8517
deferscale,0,166,12.2445
deferscale,0,167,12.4969
deferscale,0,168,12.2915
deferscale,0,169,12.3359
deferscale,0,170,12.5738
deferscale,0,171,12.7921
deferscale,0,172,13.3766
deferscale,0,173,13.8752
deferscale,0,174,13.1473
deferscale,0,175,13.4098
deferscale,0,176,13.9168
deferscale,0,177,12.9495
deferscale,0,178,12.8753
deferscale,0,179,13.2819
deferscale,0,180,12.8141
deferscale,0,181,12.6821
deferscale,0,182,12.8603
deferscale,0,183,12.7088
deferscale,0,184,13.2448
deferscale,0,185,13.133
deferscale,0,186,13.0373
deferscale,0,187,12.9448
deferscale,0,188,13.2245
deferscale,0,189,12.8525
deferscale,0,190,12.7043
deferscale,0,191,13.3238
deferscale,0,192,12.8997
deferscale,0,193,13.4046
deferscale,0,194,12.7513
deferscale,0,195,13.0392
deferscale,0,196,12.6928
deferscale,0,197,12.5176
deferscale,0,198,13.0207
deferscale,0,199,13.0184
deferscale,0,200,13.2773
deferscale,0,201,12.9527
deferscale,0,202,13.3053
deferscale,0,203,12.8949
deferscale,0,204,13.4151
deferscale,0,205,12.9947
deferscale,0,206,13.3288
deferscale,0,207,13.157
deferscale,0,208,13.2628
deferscale,0,209,13.1938
deferscale,0,210,13.0944
deferscale,0,211,13.0066
deferscale,0,212,13.4909
deferscale,0,213,13.2803
deferscale,0,214,13.5152
deferscale,0,215,13.2091
deferscale,0,216,13.0652
deferscale,0,217,12.9974
deferscale,0,218,13.4346
deferscale,0,219,12.7447
deferscale,0,220,13.1815
deferscale,0,221,13.4076
deferscale,0,222,13.5005
deferscale,0,223,13.9521
deferscale,0,224,13.8471
deferscale,0,225,13.7777
deferscale,0,226,13.1648
deferscale,0,227,13.3469
deferscale,0,228,13.756
deferscale,0,229,13.4863
deferscale,0,230,13.678
deferscale,0,231,13.4488
deferscale,0,232,13.7683
deferscale,0,233,13.3707
deferscale,0,234,13.4301
deferscale,0,235,13.3859
deferscale,0,236,13.2945
deferscale,0,237,13.7104
deferscale,0,238,13.4288
deferscale,0,239,13.5592
deferscale,0,240,13.4602
deferscale,0,241,13.4144
deferscale,0,242,13.3651
deferscale,0,243,13.9433
deferscale,0,244,13.3482
deferscale,0,245,13.2321
deferscale,0,246,13.2272
deferscale,0,247,13.1899
deferscale,0,248,12.8908
deferscale,0,249,13.8032
deferscale,0,250,13.159
deferscale,0,251,13.733
deferscale,0,252,13.8957
deferscale,0,253,13.4361
deferscale,0,254,13.6898
deferscale,0,255,13.4405
deferscale,0,256,13.7412
deferscale,0,257,13.3443
deferscale,0,258,13.5641
deferscale,0,259,13.8
deferscale,0,260,13.5779
deferscale,0,261,14.1117
deferscale,0,262,13.7927
deferscale,0,263,13.7012
deferscale,0,264,13.7719
deferscale,0,265,13.9357
deferscale,0,266,13.7578
deferscale,0,267,13.5839
deferscale,0,268,13.9319
deferscale,0,269,14.1187
deferscale,0,270,13.7652
deferscale,0,271,14.118
deferscale,0,272,13.9648
deferscale,0,273,14.3273
deferscale,0,274,14.518
deferscale,0,275,14.1423
deferscale,0,276,13.8739
deferscale,0,277,14.171
deferscale,0,278,14.0436
deferscale,0,279,13.7279
deferscale,0,280,14.1982
deferscale,0,281,13.6589
deferscale,0,282,13.8374
deferscale,0,283,13.8845
deferscale,0,284,14.0329
deferscale,0,285,14.3116
deferscale,0,286,13.9213
deferscale,0,287,14.6484
deferscale,0,288,14.1313
deferscale,0,289,13.7272
deferscale,0,290,14.3507
deferscale,0,291,14.2423
deferscale,0,292,14.2934
deferscale,0,293,14.2485
deferscale,0,294,14.3996
deferscale,0,295,14.4365
deferscale,0,296,14.106
deferscale,0,297,14.0418
deferscale,0,298,14.1691
deferscale,0,299,14.0089
deferscale,0,300,14.2351
deferscale,0,301,14.0307
deferscale,0,302,14.4279
deferscale,0,303,14.2122
deferscale,0,304,14.0932
deferscale,0,305,14.5762
deferscale,0,306,14.3484
deferscale,0,307,14.46
deferscale,0,308,14.8721
deferscale,0,309,14.5361
deferscale,0,310,14.2455
deferscale,0,311,14.5451
deferscale,0,312,14.291
deferscale,0,313,14.2257
deferscale,0,314,14.6715
deferscale,0,315,14.3052
deferscale,0,316,14.3737
deferscale,0,317,14.6427
deferscale,0,318,14.6966
deferscale,0,319,14.4564
deferscale,0,320,14.5902
deferscale,0,321,14.2136
deferscale,0,322,14.6797
deferscale,0,323,14.7274
deferscale,0,324,14.5315
deferscale,0,325,14.3317
deferscale,0,326,14.3763
deferscale,0,327,14.5309
deferscale,0,328,14.3353
deferscale,0,329,14.5553
deferscale,0,330,14.6913
deferscale,0,331,14.5988
deferscale,0,332,14.4834
deferscale,0,333,14.0162
deferscale,0,334,14.3174
deferscale,0,335,14.3042
deferscale,0,336,14.296
deferscale,0,337,14.1948
deferscale,0,338,14.5192
deferscale,0,339,14.5339
deferscale,0,340,15.4529
deferscale,0,341,14.7927
deferscale,0,342,15.4253
deferscale,0,343,15.8261
deferscale,0,344,15.438
deferscale,0,345,15.53
deferscale,0,346,15.17
deferscale,0,347,14.5414
deferscale,0,348,15.5478
deferscale,0,349,14.6992
deferscale,0,350,14.3058
deferscale,0,351,14.574
deferscale,0,352,14.6846
deferscale,0,353,14.2077
deferscale,0,354,14.3756
deferscale,0,355,14.3905
deferscale,0,356,14.591
deferscale,0,357,14.7359
deferscale,0,358,14.8669
deferscale,0,359,14.6373
deferscale,0,360,14.7133
deferscale,0,361,14.8293
deferscale,0,362,14.9432
deferscale,0,363,14.4561
deferscale,0,364,14.7166
deferscale,0,365,14.5335
deferscale,0,366,14.1667
deferscale,0,367,14.5823
deferscale,0,368,14.4224
deferscale,0,369,14.3968
deferscale,0,370,14.6336
deferscale,0,371,14.6342
deferscale,0,372,15.2761
deferscale,0,373,15.4989
deferscale,0,374,14.9897
deferscale,0,375,15.1669
deferscale,0,376,15.0262
deferscale,0,377,14.8721
deferscale,0,378,14.8844
deferscale,0,379,15.1147
deferscale,0,380,14.8622
deferscale,0,381,15.1164
deferscale,0,382,15.0228
deferscale,0,383,15.0873
deferscale,0,384,14.8842
deferscale,0,385,15.2587
deferscale,0,386,14.9478
deferscale,0,387,15.0904
deferscale,0,388,15.2633
deferscale,0,389,15.1956
deferscale,0,390,15.472
deferscale,0,391,15.0851
deferscale,0,392,15.139
deferscale,0,393,15.501
deferscale,0,394,15.2491
deferscale,0,395,15.062
deferscale,0,396,15.1354
deferscale,0,397,15.4953
deferscale,0,398,14.9617
deferscale,0,399,15.0502
deferscale,0,400,15.2186
deferscale,0,401,15.2521
deferscale,0,402,15.598
deferscale,0,403,15.1538
deferscale,0,404,15.1731
deferscale,0,405,15.0141
deferscale,0,406,15.2861
deferscale,0,407,15.5104
deferscale,0,408,15.049
deferscale,0,409,15.0387
deferscale,0,410,15.4956
deferscale,0,411,16.3404
deferscale,0,412,15.5003
deferscale,0,413,15.4281
deferscale,0,414,15.909
deferscale,0,415,15.4083
deferscale,0,416,15.1475
deferscale,0,417,15.5144
deferscale,0,418,15.7673
deferscale,0,419,15.7605
deferscale,0,420,15.3604
deferscale,0,421,15.6402
deferscale,0,422,15.7115
deferscale,0,423,15.5416
deferscale,0,424,15.558
deferscale,0,425,15.7636
deferscale,0,426,15.4078
deferscale,0,427,15.4095
deferscale,0,428,15.7843
deferscale,0,429,15.2837
deferscale,0,430,15.3138
deferscale,0,431,15.2706
deferscale,0,432,15.5037
deferscale,0,433,15.839
deferscale,0,434,15.4905
deferscale,0,435,15.7179
deferscale,0,436,15.0659
deferscale,0,437,15.4177
deferscale,0,438,15.3072
deferscale,0,439,15.4565
deferscale,0,440,15.3975
deferscale,0,441,15.8579
deferscale,0,442,15.6525
deferscale,0,443,15.8248
deferscale,0,444,15.9257
deferscale,0,445,15.8953
deferscale,0,446,15.657
deferscale,0,447,15.7396
deferscale,0,448,15.8092
deferscale,0,449,15.8421
deferscale,0,450,15.6365
deferscale,0,451,15.8742
deferscale,0,452,16.1014
deferscale,0,453,15.9518
deferscale,0,454,15.9023
deferscale,0,455,15.941
deferscale,0,456,15.9723
deferscale,0,457,15.9552
deferscale,0,458,15.6571
deferscale,0,459,15.8065
deferscale,0,460,15.9776
deferscale,0,461,15.7174
deferscale,0,462,15.8258
deferscale,0,463,15.8123
deferscale,0,464,15.8738
deferscale,0,465,15.702
deferscale,0,466,15.7588
deferscale,0,467,15.68
deferscale,0,468,15.6153
deferscale,0,469,16.1445
deferscale,0,470,15.8421
deferscale,0,471,15.8247
deferscale,0,472,16.2671
deferscale,0,473,16.2891
deferscale,0,474,16.2343
deferscale,0,475,16.4778
deferscale,0,476,16.5252
deferscale,0,477,16.578
deferscale,0,478,16.7006
deferscale,0,479,16.6808
deferscale,0,480,16.4277
deferscale,0,481,16.5814
deferscale,0,482,16.751
deferscale,0,483,16.5704
deferscale,0,484,16.5836
deferscale,0,485,16.6327
deferscale,0,486,16.4653
deferscale,0,487,16.47
deferscale,0,488,16.1672
deferscale,0,489,16.4364
deferscale,0,490,16.6873
deferscale,0,491,16.4123
deferscale,0,492,16.5038
deferscale,0,493,16.024
deferscale,0,494,16.4458
deferscale,0,495,16.5195
deferscale,0,496,16.446
deferscale,0,497,15.7117
deferscale,0,498,16.8789
deferscale,0,499,16.5079
deferscale,0,500,18.3985
deferscale,0,501,18.5532
deferscale,0,502,16.2685
deferscale,0,503,16.6608
deferscale,0,504,16.4327
deferscale,0,505,16.8663
deferscale,0,506,16.69
deferscale,0,507,16.198
deferscale,0,508,16.2165
deferscale,0,509,16.8776
deferscale,0,510,15.975
deferscale,0,511,16.919
deferscale,0,512,16.4764
deferscale,0,513,16.52
deferscale,0,514,16.5915
deferscale,0,515,17.5388
deferscale,0,516,16.8196
deferscale,0,517,16.8364
deferscale,0,518,16.6474
deferscale,0,519,16.8965
deferscale,0,520,16.3023
deferscale,0,521,16.7268
deferscale,0,522,16.4296
deferscale,0,523,16.4112
deferscale,0,524,16.834
deferscale,0,525,16.3865
deferscale,0,526,16.4645
deferscale,0,527,16.822
deferscale,0,528,16.8972
deferscale,0,529,16.4092
deferscale,0,530,16.6948
deferscale,0,531,16.5208
deferscale,0,532,16.6988
deferscale,0,533,16.1622
deferscale,0,534,16.3083
deferscale,0,535,16.1692
deferscale,0,536,17.761
deferscale,0,537,16.6216
deferscale,0,538,16.4278
deferscale,0,539,16.9927
deferscale,0,540,20.1962
deferscale,0,541,22.3453
deferscale,0,542,18.6354
deferscale,0,543,17.9374
deferscale,0,544,16.7705
deferscale,0,545,16.4112
deferscale,0,546,17.0163
deferscale,0,547,16.6502
deferscale,0,548,16.6675
deferscale,0,549,16.734
deferscale,0,550,16.6307
deferscale,0,551,16.845
deferscale,0,552,16.3873
deferscale,0,553,16.7488
deferscale,0,554,17.0262
deferscale,0,555,16.4164
deferscale,0,556,16.3549
deferscale,0,557,16.615
deferscale,0,558,16.3353
deferscale,0,559,16.6904
deferscale,0,560,16.5493
deferscale,0,561,16.1361
deferscale,0,562,16.3866
deferscale,0,563,16.5048
deferscale,0,564,16.9334
deferscale,0,565,16.7654
deferscale,0,566,16.4978
deferscale,0,567,16.4914
deferscale,0,568,16.3178
deferscale,0,569,16.8342
deferscale,0,570,16.7746
deferscale,0,571,16.4694
deferscale,0,572,16.8973
deferscale,0,573,16.5394
deferscale,0,574,16.5968
deferscale,0,575,16.7847
deferscale,0,576,16.7386
deferscale,0,577,16.4102
deferscale,0,578,16.505
deferscale,0,579,16.7349
deferscale,0,580,16.4486
deferscale,0,581,16.8071
deferscale,0,582,16.7352
deferscale,0,583,16.6512
deferscale,0,584,16.4093
deferscale,0,585,16.9074
deferscale,0,586,16.83
deferscale,0,587,16.2499
deferscale,0,588,16.9165
deferscale,0,589,16.3209
deferscale,0,590,16.2741
deferscale,0,591,16.0727
deferscale,0,592,16.1117
deferscale,0,593,16.2178
deferscale,0,594,16.1964
deferscale,0,595,16.3554
deferscale,0,596,16.6475
deferscale,0,597,16.7647
deferscale,0,598,16.7084
deferscale,0,599,16.708
deferscale,1,0,55.8031
deferscale,1,1,11.1174
deferscale,1,2,10.7792
deferscale,1,3,10.8617
deferscale,1,4,11.2329
deferscale,1,5,11.288
deferscale,1,6,11.051
deferscale,1,7,11.3613
deferscale,1,8,11.2617
deferscale,1,9,11.224
deferscale,1,10,11.0638
deferscale,1,11,11.3954
deferscale,1,12,11.3522
deferscale,1,13,10.9818
deferscale,1,14,10.783
deferscale,1,15,10.7042
deferscale,1,16,10.6243
deferscale,1,17,11.2846
deferscale,1,18,11.1002
deferscale,1,19,11.2313
deferscale,1,20,11.5528
deferscale,1,21,11.4701
deferscale,1,22,11.3562
deferscale,1,23,11.5245
deferscale,1,24,11.385
deferscale,1,25,11.3361
deferscale,1,26,11.3934
deferscale,1,27,11.5435
deferscale,1,28,11.7007
deferscale,1,29,11.4659
deferscale,1,30,11.4651
deferscale,1,31,11.6095
deferscale,1,32,11.2629
deferscale,1,33,11.3885
deferscale,1,34,11.5815
deferscale,1,35,11.6458
deferscale,1,36,11.6433
deferscale,1,37,11.7817
deferscale,1,38,11.489
deferscale,1,39,11.921
deferscale,1,40,11.6481
deferscale,1,41,11.7049
deferscale,1,42,11.6947
deferscale,1,43,11.3525
deferscale,1,44,11.6436
deferscale,1,45,11.736
deferscale,1,46,11.4052
deferscale,1,47,11.404
deferscale,1,48,11.568
deferscale,1,49,11.8236
deferscale,1,50,11.5638
deferscale,1,51,11.7317
deferscale,1,52,11.6887
deferscale,1,53,11.7953
deferscale,1,54,11.7498
deferscale,1,55,11.9596
deferscale,1,56,11.6794
deferscale,1,57,11.8022
deferscale,1,58,11.8473
deferscale,1,59,11.8665
deferscale,1,60,11.9001
deferscale,1,61,11.642
deferscale,1,62,11.6986
deferscale,1,63,11.506
deferscale,1,64,11.9793
deferscale,1,65,11.6948
deferscale,1,66,11.6431
deferscale,1,67,11.9373
deferscale,1,68,11.8041
deferscale,1,69,11.8343
deferscale,1,70,12.2109
deferscale,1,71,12.0642
deferscale,1,72,11.7284
deferscale,1,73,11.823
deferscale,1,74,11.6733
deferscale,1,75,11.8621
deferscale,1,76,11.6915
deferscale,1,77,11.7282
deferscale,1,78,12.9465
deferscale,1,79,12.0339
deferscale,1,80,11.9352
deferscale,1,81,12.089
deferscale,1,82,12.0873
deferscale,1,83,11.775
deferscale,1,84,12.0779
deferscale,1,85,11.8558
deferscale,1,86,11.9202
deferscale,1,87,12.0647
deferscale,1,88,11.7534
deferscale,1,89,12.0946
deferscale,1,90,12.3106
deferscale,1,91,11.9637
deferscale,1,92,12.0726
deferscale,1,93,12.206
deferscale,1,94,11.9084
deferscale,1,95,12.3527
deferscale,1,96,12.3035
deferscale,1,97,12.1769
deferscale,1,98,11.8586
deferscale,1,99,12.038
deferscale,1,100,12.1237
deferscale,1,101,12.0851
deferscale,1,102,12.3585
deferscale,1,103,12.3976
deferscale,1,104,12.1892
deferscale,1,105,12.2717
deferscale,1,106,12.4714
deferscale,1,107,12.2207
deferscale,1,108,12.3786
deferscale,1,109,12.2282
deferscale,1,110,11.8821
deferscale,1,111,12.3034
deferscale,1,112,12.1435
deferscale,1,113,12.6762
deferscale,1,114,12.3281
deferscale,1,115,12.3877
deferscale,1,116,12.4275
deferscale,1,117,12.0992
deferscale,1,118,11.5815
deferscale,1,119,12.3762
deferscale,1,120,12.5908
deferscale,1,121,12.5631
deferscale,1,122,12.6327
deferscale,1,123,12.276
deferscale,1,124,12.0339
deferscale,1,125,12.4891
deferscale,1,126,12.5333
deferscale,1,127,12.7992
deferscale,1,128,12.578
deferscale,1,129,12.2847
deferscale,1,130,12.2917
deferscale,1,131,12.2157
deferscale,1,132,12.3546
deferscale,1,133,12.3
deferscale,1,134,12.6454
deferscale,1,135,12.4226
deferscale,1,136,12.5828
deferscale,1,137,12.7538
deferscale,1,138,12.3551
deferscale,1,139,12.4305
deferscale,1,140,12.6948
deferscale,1,141,12.9167
deferscale,1,142,12.9635
deferscale,1,143,12.648
deferscale,1,144,12.8681
deferscale,1,145,12.5771
deferscale,1,146,12.3014
deferscale,1,147,12.2723
deferscale,1,148,12.6055
deferscale,1,149,13.009
deferscale,1,150,13.0638
deferscale,1,151,12.7755
deferscale,1,152,12.8791
deferscale,1,153,12.5098
deferscale,1,154,12.7325
deferscale,1,155,12.6568
deferscale,1,156,12.6065
deferscale,1,157,12.6736
deferscale,1,158,13.0624
deferscale,1,159,12.1726
deferscale,1,160,12.4802
deferscale,1,161,12.544
deferscale,1,162,12.8097
deferscale,1,163,12.6627
deferscale,1,164,12.2424
deferscale,1,165,12.6305
deferscale,1,166,12.9592
deferscale,1,167,13.0885
deferscale,1,168,12.7598
deferscale,1,169,12.7177
deferscale,1,170,13.2993
deferscale,1,171,12.988
deferscale,1,172,13.3227
deferscale,1,173,13.0203
deferscale,1,174,13.053
deferscale,1,175,13.1299
deferscale,1,176,13.046
deferscale,1,177,12.9692
deferscale,1,178,13.0906
deferscale,1,179,13.0224
deferscale,1,180,12.9237
deferscale,1,181,13.2817
deferscale,1,182,13.0822
deferscale,1,183,13.0538
deferscale,1,184,12.5335
deferscale,1,185,13.4746
deferscale,1,186,13.419
deferscale,1,187,12.7529
deferscale,1,188,13.0167
deferscale,1,189,13.0595
deferscale,1,190,13.0233
deferscale,1,191,12.7812
deferscale,1,192,12.5515
deferscale,1,193,12.5422
deferscale,1,194,13.148
deferscale,1,195,13.1527
deferscale,1,196,13.2731
deferscale,1,197,13.2775
deferscale,1,198,13.5222
deferscale,1,199,13.6655
deferscale,1,200,13.2065
deferscale,1,201,13.5425
deferscale,1,202,13.6256
deferscale,1,203,13.3985
deferscale,1,204,13.7031
deferscale,1,205,13.4908
deferscale,1,206,13.2392
deferscale,1,207,13.3465
deferscale,1,208,12.8244
deferscale,1,209,13.1732
deferscale,1,210,13.3541
deferscale,1,211,13.5405
deferscale,1,212,13.1338
deferscale,1,213,13.4672
deferscale,1,214,13.2067
deferscale,1,215,13.3007
deferscale,1,216,13.5805
deferscale,1,217,13.6935
deferscale,1,218,13.5728
deferscale,1,219,13.5835
deferscale,1,220,13.2012
deferscale,1,221,13.4376
deferscale,1,222,13.1055
deferscale,1,223,13.4705
deferscale,1,224,13.5751
deferscale,1,225,13.1438
deferscale,1,226,13.7044
deferscale,1,227,14.0809
deferscale,1,228,13.4682
deferscale,1,229,12.9383
deferscale,1,230,13.797
deferscale,1,231,13.4575
deferscale,1,232,13.7837
deferscale,1,233,13.4228
deferscale,1,234,13.7157
deferscale,1,235,12.9134
deferscale,1,236,14.1075
deferscale,1,237,12.7261
deferscale,1,238,13.326
deferscale,1,239,13.0385
deferscale,1,240,13.2473
deferscale,1,241,13.2159
deferscale,1,242,13.356
deferscale,1,243,13.2323
deferscale,1,244,13.0554
deferscale,1,245,13.2818
deferscale,1,246,14.0811
deferscale,1,247,13.9534
deferscale,1,248,13.7374
deferscale,1,249,13.2348
deferscale,1,250,13.736
deferscale,1,251,13.5129
deferscale,1,252,13.1958
deferscale,1,253,13.573
deferscale,1,254,13.453
deferscale,1,255,13.3285
deferscale,1,256,13.5323
deferscale,1,257,13.7255
deferscale,1,258,13.6687
deferscale,1,259,13.3317
deferscale,1,260,13.2393
deferscale,1,261,13.8768
deferscale,1,262,13.1597
deferscale,1,263,13.4133
deferscale,1,264,14.0098
deferscale,1,265,14.0555
deferscale,1,266,12.9603
deferscale,1,267,63.6697
deferscale,1,268,14.8202
deferscale,1,269,13.171
deferscale,1,270,13.8379
deferscale,1,271,13.618
deferscale,1,272,13.5046
deferscale,1,273,13.3081
deferscale,1,274,13.567
deferscale,1,275,13.6162
deferscale,1,276,14.1736
deferscale,1,277,14.711
deferscale,1,278,14.5301
deferscale,1,279,13.6307
deferscale,1,280,13.9777
deferscale,1,281,13.2609
deferscale,1,282,14.6288
deferscale,1,283,14.1231
deferscale,1,284,13.4109
deferscale,1,285,14.008
deferscale,1,286,14.7942
deferscale,1,287,13.8411
deferscale,1,288,13.6743
deferscale,1,289,13.7092
deferscale,1,290,13.2463
deferscale,1,291,13.718
deferscale,1,292,13.5608
deferscale,1,293,13.4176
deferscale,1,294,13.6774
deferscale,1,295,13.8431
deferscale,1,296,13.4668
deferscale,1,297,14.0902
deferscale,1,298,14.1357
deferscale,1,299,13.971
deferscale,1,300,13.7845
deferscale,1,301,14.2413
deferscale,1,302,14.5202
deferscale,1,303,14.1562
deferscale,1,304,14.047
deferscale,1,305,14.5898
deferscale,1,306,14.0066
deferscale,1,307,13.878
deferscale,1,308,14.1298
deferscale,1,309,14.0207
deferscale,1,310,14.3911
deferscale,1,311,14.2918
deferscale,1,312,14.0977
deferscale,1,313,13.9992
deferscale,1,314,13.7103
deferscale,1,315,14.1605
deferscale,1,316,14.4237
deferscale,1,317,14.9208
deferscale,1,318,14.5623
deferscale,1,319,14.4345
deferscale,1,320,14.1645
deferscale,1,321,14.629
deferscale,1,322,13.8966
deferscale,1,323,14.2176
deferscale,1,324,14.3683
deferscale,1,325,14.5935
deferscale,1,326,14.7063
deferscale,1,327,14.3016
deferscale,1,328,14.6145
deferscale,1,329,14.8087
deferscale,1,330,14.1714
deferscale,1,331,14.158
deferscale,1,332,14.9035
deferscale,1,333,14.5482
deferscale,1,334,14.4581
deferscale,1,335,14.1099
deferscale,1,336,13.9307
deferscale,1,337,13.5079
deferscale,1,338,13.879
deferscale,1,339,13.6715
deferscale,1,340,14.0277
deferscale,1,341,14.099
deferscale,1,342,37.6893
deferscale,1,343,14.3287
deferscale,1,344,14.4082
deferscale,1,345,14.6315
deferscale,1,346,14.7467
deferscale,1,347,14.8045
deferscale,1,348,14.8659
deferscale,1,349,14.729
deferscale,1,350,15.032
deferscale,1,351,14.6057
deferscale,1,352,14.7222
deferscale,1,353,14.5747
deferscale,1,354,14.5209
deferscale,1,355,14.5509
deferscale,1,356,14.357
deferscale,1,357,14.6698
deferscale,1,358,14.322
deferscale,1,359,14.3054
deferscale,1,360,14.5795
deferscale,1,361,14.8432
deferscale,1,362,14.7532
deferscale,1,363,14.8633
deferscale,1,364,15.3266
deferscale,1,365,15.1931
deferscale,1,366,15.4347
deferscale,1,367,15.1588
deferscale,1,368,15.13
deferscale,1,369,14.8845
deferscale,1,370,14.8243
deferscale,1,371,14.6558
deferscale,1,372,15.18
deferscale,1,373,15.2506
deferscale,1,374,16.2115
deferscale,1,375,15.0958
deferscale,1,376,15.0438
deferscale,1,377,14.9338
deferscale,1,378,15.0624
deferscale,1,379,15.35
deferscale,1,380,15.5277
deferscale,1,381,15.3471
deferscale,1,382,15.4793
deferscale,1,383,15.467
deferscale,1,384,15.7104
deferscale,1,385,15.852
deferscale,1,386,15.7539
deferscale,1,387,15.4542
deferscale,1,388,15.9135
deferscale,1,389,15.9084
deferscale,1,390,16.0643
deferscale,1,391,14.9335
deferscale,1,392,15.28
deferscale,1,393,15.355
deferscale,1,394,15.3752
deferscale,1,395,15.2416
deferscale,1,396,15.2329
deferscale,1,397,15.1985
deferscale,1,398,15.4912
deferscale,1,399,15.5484
deferscale,1,400,15.4082
deferscale,1,401,15.0676
deferscale,1,402,15.5525
deferscale,1,403,15.3287
deferscale,1,404,15.6557
deferscale,1,405,15.763
deferscale,1,406,15.0662
deferscale,1,407,15.22
deferscale,1,408,15.565
deferscale,1,409,15.2788
deferscale,1,410,15.3741
deferscale,1,411,15.1533
deferscale,1,412,15.6713
deferscale,1,413,15.4432
deferscale,1,414,15.2534
deferscale,1,415,15.7371
deferscale,1,416,15.5035
deferscale,1,417,15.53
deferscale,1,418,15.8505
deferscale,1,419,15.434
deferscale,1,420,15.7808
deferscale,1,421,15.4486
deferscale,1,422,15.8784
deferscale,1,423,15.561
deferscale,1,424,15.3865
deferscale,1,425,15.22
deferscale,1,426,15.8271
deferscale,1,427,15.7282
deferscale,1,428,15.1795
deferscale,1,429,15.2708
deferscale,1,430,15.5535
deferscale,1,431,15.4198
deferscale,1,432,15.2938
deferscale,1,433,15.7331
deferscale,1,434,15.3772
deferscale,1,435,15.9458
deferscale,1,436,15.8055
deferscale,1,437,15.7981
deferscale,1,438,15.5552
deferscale,1,439,15.606
deferscale,1,440,15.6496
deferscale,1,441,15.5078
deferscale,1,442,15.0785
deferscale,1,443,15.2588
deferscale,1,444,15.171
deferscale,1,445,15.4038
deferscale,1,446,15.0474
deferscale,1,447,15.2985
deferscale,1,448,15.1642
deferscale,1,449,15.2677
deferscale,1,450,15.9731
deferscale,1,451,16.1475
deferscale,1,452,15.8815
deferscale,1,453,15.7443
deferscale,1,454,15.6997
deferscale,1,455,15.5115
deferscale,1,456,15.5631
deferscale,1,457,15.9985
deferscale,1,458,16.088
deferscale,1,459,16.0537
deferscale,1,460,16.1457
deferscale,1,461,15.9338
deferscale,1,462,15.5975
deferscale,1,463,16.1778
deferscale,1,464,16.1041
deferscale,1,465,16.0008
deferscale,1,466,15.7721
deferscale,1,467,16.0081
deferscale,1,468,15.9525
deferscale,1,469,16.1309
deferscale,1,470,16.0181
deferscale,1,471,16.179
deferscale,1,472,16.7631
deferscale,1,473,16.9472
deferscale,1,474,16.4742
deferscale,1,475,16.899
deferscale,1,476,17.3916
deferscale,1,477,16.7215
deferscale,1,478,16.78
deferscale,1,479,16.9924
deferscale,1,480,16.9164
deferscale,1,481,17.4455
deferscale,1,482,16.6075
deferscale,1,483,16.6832
deferscale,1,484,16.2853
deferscale,1,485,16.7431
deferscale,1,486,16.7967
deferscale,1,487,16.4733
deferscale,1,488,16.7231
deferscale,1,489,16.8754
deferscale,1,490,17.2232
deferscale,1,491,16.4105
deferscale,1,492,16.607
deferscale,1,493,16.6813
deferscale,1,494,16.3949
deferscale,1,495,16.4873
deferscale,1,496,16.6818
deferscale,1,497,16.9238
deferscale,1,498,16.8913
deferscale,1,499,17.0393
deferscale,1,500,16.7749
deferscale,1,501,17.1298
deferscale,1,502,16.7407
deferscale,1,503,17.295
deferscale,1,504,17.104
deferscale,1,505,16.6397
deferscale,1,506,16.6143
deferscale,1,507,16.6603
deferscale,1,508,16.794
deferscale,1,509,16.7072
deferscale,1,510,16.7732
deferscale,1,511,17.1096
deferscale,1,512,16.9245
deferscale,1,513,16.5933
deferscale,1,514,16.767
deferscale,1,515,16.2203
deferscale,1,516,16.6276
deferscale,1,517,16.0529
deferscale,1,518,16.832
deferscale,1,519,16.545
deferscale,1,520,16.4409
deferscale,1,521,16.4257
deferscale,1,522,16.4695
deferscale,1,523,16.5504
deferscale,1,524,17.162
deferscale,1,525,16.8644
deferscale,1,526,16.467
deferscale,1,527,16.7005
deferscale,1,528,16.538
deferscale,1,529,16.6032
deferscale,1,530,16.649
deferscale,1,531,16.7591
deferscale,1,532,16.4747
deferscale,1,533,16.911
deferscale,1,534,17.0681
deferscale,1,535,16.7526
deferscale,1,536,15.9706
deferscale,1,537,16.0418
deferscale,1,538,16.272
deferscale,1,539,16.3059
deferscale,1,540,16.5272
deferscale,1,541,16.4669
deferscale,1,542,16.7699
deferscale,1,543,16.4489
deferscale,1,544,16.1544
deferscale,1,545,15.9806
deferscale,1,546,16.2554
deferscale,1,547,16.0887
deferscale,1,548,16.0709
deferscale,1,549,17.475
deferscale,1,550,16.6057
deferscale,1,551,16.7027
deferscale,1,552,16.8456
deferscale,1,553,16.9646
deferscale,1,554,16.5545
deferscale,1,555,16.5682
deferscale,1,556,16.5497
deferscale,1,557,16.3297
deferscale,1,558,16.4737
deferscale,1,559,16.7757
deferscale,1,560,16.4347
deferscale,1,561,16.6506
deferscale,1,562,16.6034
deferscale,1,563,16.5006
deferscale,1,564,16.6164
deferscale,1,565,16.4728
deferscale,1,566,16.3741
deferscale,1,567,15.8889
deferscale,1,568,16.4829
deferscale,1,569,16.8868
deferscale,1,570,16.7548
deferscale,1,571,17.0609
deferscale,1,572,16.9016
deferscale,1,573,16.8132
deferscale,1,574,16.8596
deferscale,1,575,16.1716
deferscale,1,576,16.6012
deferscale,1,577,16.5428
deferscale,1,578,16.5457
deferscale,1,579,16.7238
deferscale,1,580,16.5705
deferscale,1,581,16.7142
deferscale,1,582,16.964
deferscale,1,583,16.7551
deferscale,1,584,16.1636
deferscale,1,585,16.1661
deferscale,1,586,15.643
deferscale,1,587,16.2469
deferscale,1,588,16.3431
deferscale,1,589,16.6644
deferscale,1,590,16.4052
deferscale,1,591,16.8355
deferscale,1,592,16.5799
deferscale,1,593,16.5663
deferscale,1,594,16.4659
deferscale,1,595,17.2863
deferscale,1,596,16.4317
deferscale,1,597,16.7985
deferscale,1,598,16.9111
deferscale,1,599,16.6659
baseline,1,0,56.069
baseline,1,1,10.2511
baseline,1,2,10.2368
baseline,1,3,11.2746
baseline,1,4,10.9237
baseline,1,5,10.3696
baseline,1,6,10.6214
baseline,1,7,10.4898
baseline,1,8,10.9467
baseline,1,9,11.2764
baseline,1,10,11.3173
baseline,1,11,11.1547
baseline,1,12,11.2968
baseline,1,13,11.2059
baseline,1,14,11.1482
baseline,1,15,11.3108
baseline,1,16,11.816
baseline,1,17,11.3448
baseline,1,18,11.5321
baseline,1,19,11.3845
baseline,1,20,11.1573
baseline,1,21,11.197
baseline,1,22,11.204
baseline,1,23,11.161
baseline,1,24,11.2507
baseline,1,25,11.5737
baseline,1,26,11.182
baseline,1,27,11.7298
baseline,1,28,11.7136
baseline,1,29,12.0023
baseline,1,30,12.1345
baseline,1,31,11.4009
baseline,1,32,11.611
baseline,1,33,11.3689
baseline,1,34,11.7389
baseline,1,35,11.6195
baseline,1,36,11.3343
baseline,1,37,11.6692
baseline,1,38,11.4091
baseline,1,39,11.453
baseline,1,40,11.2647
baseline,1,41,11.5272
baseline,1,42,11.3675
baseline,1,43,11.3355
baseline,1,44,11.3825
baseline,1,45,11.5847
baseline,1,46,11.3932
baseline,1,47,11.5659
baseline,1,48,11.439
baseline,1,49,11.4466
baseline,1,50,11.8866
baseline,1,51,11.4608
baseline,1,52,11.3897
baseline,1,53,11.8927
baseline,1,54,11.6437
baseline,1,55,11.6362
baseline,1,56,11.8777
baseline,1,57,11.6421
baseline,1,58,11.5497
baseline,1,59,11.5993
baseline,1,60,11.4841
baseline,1,61,11.5995
baseline,1,62,12.0836
baseline,1,63,11.6636
baseline,1,64,11.6089
baseline,1,65,11.5913
baseline,1,66,11.6535
baseline,1,67,11.9599
baseline,1,68,12.0092
baseline,1,69,11.9639
baseline,1,70,11.4804
baseline,1,71,11.5623
baseline,1,72,12.0296
baseline,1,73,11.6464
baseline,1,74,12.1456
baseline,1,75,11.9057
baseline,1,76,11.7522
baseline,1,77,12.4039
baseline,1,78,12.1974
baseline,1,79,12.1265
baseline,1,80,12.419
baseline,1,81,12.0226
baseline,1,82,11.8422
baseline,1,83,12.2728
baseline,1,84,11.8651
baseline,1,85,11.8821
baseline,1,86,12.2662
baseline,1,87,12.2758
baseline,1,88,12.3061
baseline,1,89,12.2374
baseline,1,90,12.187
baseline,1,91,12.1473
baseline,1,92,11.8033
baseline,1,93,11.8642
baseline,1,94,11.991
baseline,1,95,12.5889
baseline,1,96,12.4187
baseline,1,97,11.9208
baseline,1,98,12.4595
baseline,1,99,11.9416
baseline,1,100,11.7691
baseline,1,101,12.0665
baseline,1,102,11.7159
baseline,1,103,11.3505
baseline,1,104,11.5275
baseline,1,105,11.6382
baseline,1,106,11.7552
baseline,1,107,11.6974
baseline,1,108,11.779
baseline,1,109,11.6373
baseline,1,110,11.5903
baseline,1,111,11.604
baseline,1,112,11.7628
baseline,1,113,11.612
baseline,1,114,11.7181
baseline,1,115,11.6943
baseline,1,116,11.7652
baseline,1,117,11.7822
baseline,1,118,11.6084
baseline,1,119,11.6477
baseline,1,120,11.815
baseline,1,121,12.0195
baseline,1,122,11.4395
baseline,1,123,11.8961
baseline,1,124,11.7952
baseline,1,125,11.8098
baseline,1,126,11.967
baseline,1,127,12.4299
baseline,1,128,12.4622
baseline,1,129,12.3921
baseline,1,130,12.9872
baseline,1,131,12.7255
baseline,1,132,12.7397
baseline,1,133,12.4911
baseline,1,134,12.8195
baseline,1,135,12.491
baseline,1,136,12.5136
baseline,1,137,12.6988
baseline,1,138,12.8702
baseline,1,139,12.6504
baseline,1,140,12.7503
baseline,1,141,12.739
baseline,1,142,12.7964
baseline,1,143,12.8198
baseline,1,144,12.5832
baseline,1,145,12.6618
baseline,1,146,12.8845
baseline,1,147,13.0227
baseline,1,148,12.9637
baseline,1,149,12.9136
baseline,1,150,13.2191
baseline,1,151,12.7141
baseline,1,152,12.8912
baseline,1,153,12.9419
baseline,1,154,12.2971
baseline,1,155,12.3753
baseline,1,156,12.5138
baseline,1,157,12.502
baseline,1,158,12.8344
baseline,1,159,12.9902
baseline,1,160,13.0256
baseline,1,161,13.2868
baseline,1,162,12.9684
baseline,1,163,13.0763
baseline,1,164,12.8158
baseline,1,165,13.297
baseline,1,166,12.8926
baseline,1,167,13.0473
baseline,1,168,12.9612
baseline,1,169,13.0013
baseline,1,170,12.967
baseline,1,171,13.4481
baseline,1,172,13.2806
baseline,1,173,13.371
baseline,1,174,13.163
baseline,1,175,13.2191
baseline,1,176,13.1341
baseline,1,177,13.006
baseline,1,178,13.0293
baseline,1,179,13.4155
baseline,1,180,13.0605
baseline,1,181,13.2463
baseline,1,182,13.7094
baseline,1,183,13.67
baseline,1,184,12.6898
baseline,1,185,13.1218
baseline,1,186,12.8755
baseline,1,187,13.8598
baseline,1,188,13.5232
baseline,1,189,13.4727
baseline,1,190,13.6711
baseline,1,191,13.1575
baseline,1,192,13.2595
baseline,1,193,13.5533
baseline,1,194,13.7605
baseline,1,195,14.5628
baseline,1,196,13.9366
baseline,1,197,13.496
baseline,1,198,13.271
baseline,1,199,13.7256
baseline,1,200,13.3668
baseline,1,201,13.7426
baseline,1,202,13.2777
baseline,1,203,13.7144
baseline,1,204,13.839
baseline,1,205,13.6545
baseline,1,206,13.3197
baseline,1,207,13.5161
baseline,1,208,13.638
baseline,1,209,13.5398
baseline,1,210,13.7129
baseline,1,211,13.7027
baseline,1,212,13.5998
baseline,1,213,13.5714
baseline,1,214,13.6402
baseline,1,215,13.9221
baseline,1,216,13.6414
baseline,1,217,13.4675
baseline,1,218,13.7423
baseline,1,219,13.7707
baseline,1,220,13.6044
baseline,1,221,13.6167
baseline,1,222,14.1386
baseline,1,223,13.8227
baseline,1,224,14.0095
baseline,1,225,14.0154
baseline,1,226,14.0147
baseline,1,227,13.8185
baseline,1,228,13.942
baseline,1,229,13.897
baseline,1,230,14.1123
baseline,1,231,13.6681
baseline,1,232,13.9496
baseline,1,233,14.1267
baseline,1,234,14.439
baseline,1,235,13.7468
baseline,1,236,14.0278
baseline,1,237,14.2905
baseline,1,238,13.7466
baseline,1,239,13.693
baseline,1,240,13.813
baseline,1,241,13.967
baseline,1,242,14.1164
baseline,1,243,14.0228
baseline,1,244,14.0824
baseline,1,245,14.1831
baseline,1,246,13.6427
baseline,1,247,13.7351
baseline,1,248,14.0608
baseline,1,249,13.7265
baseline,1,250,13.989
baseline,1,251,14.2338
baseline,1,252,13.935
baseline,1,253,14.2859
baseline,1,254,13.8344
baseline,1,255,14.1387
baseline,1,256,14.2107
baseline,1,257,13.8589
baseline,1,258,14.1484
baseline,1,259,14.0053
baseline,1,260,14.269
baseline,1,261,13.7744
baseline,1,262,14.0043
baseline,1,263,14.3123
baseline,1,264,13.9559
baseline,1,265,14.1068
baseline,1,266,14.2406
baseline,1,267,14.18
baseline,1,268,14.5586
baseline,1,269,14.0443
baseline,1,270,14.3923
baseline,1,271,13.9246
baseline,1,272,13.9157
baseline,1,273,14.5968
baseline,1,274,14.2267
baseline,1,275,14.2243
baseline,1,276,14.5522
baseline,1,277,14.2909
baseline,1,278,14.629
baseline,1,279,14.457
baseline,1,280,14.1616
baseline,1,281,14.476
baseline,1,282,14.4945
baseline,1,283,14.4482
baseline,1,284,14.727
baseline,1,285,14.6681
baseline,1,286,14.5153
baseline,1,287,14.1945
baseline,1,288,14.5995
baseline,1,289,14.4409
baseline,1,290,14.7028
baseline,1,291,14.6863
baseline,1,292,14.7711
baseline,1,293,14.6674
baseline,1,294,14.5656
baseline,1,295,14.3431
baseline,1,296,14.4142
baseline,1,297,14.4748
baseline,1,298,14.7486
baseline,1,299,14.8648
baseline,1,300,14.7235
baseline,1,301,14.6492
baseline,1,302,14.4783
baseline,1,303,14.932
baseline,1,304,14.7055
baseline,1,305,14.5505
baseline,1,306,14.9853
baseline,1,307,14.5903
baseline,1,308,14.4365
baseline,1,309,14.6255
baseline,1,310,14.752
baseline,1,311,14.8433
baseline,1,312,14.2963
baseline,1,313,14.5906
baseline,1,314,14.8555
baseline,1,315,13.9667
baseline,1,316,13.9763
baseline,1,317,13.952
baseline,1,318,14.1312
baseline,1,319,14.3972
baseline,1,320,14.2585
baseline,1,321,14.4681
baseline,1,322,14.645
baseline,1,323,13.6358
baseline,1,324,13.9056
baseline,1,325,14.0518
baseline,1,326,14.0044
baseline,1,327,14.1854
baseline,1,328,14.2403
baseline,1,329,14.2165
baseline,1,330,14.8317
baseline,1,331,14.8464
baseline,1,332,14.1303
baseline,1,333,14.3755
baseline,1,334,14.7647
baseline,1,335,14.9052
baseline,1,336,14.868
baseline,1,337,15.4947
baseline,1,338,14.9803
baseline,1,339,14.7672
baseline,1,340,14.9066
baseline,1,341,15.2056
baseline,1,342,15.0474
baseline,1,343,15.3158
baseline,1,344,15.1878
baseline,1,345,15.4066
baseline,1,346,15.2289
baseline,1,347,15.163
baseline,1,348,14.979
baseline,1,349,15.274
baseline,1,350,15.2152
baseline,1,351,14.9384
baseline,1,352,15.4428
baseline,1,353,15.2747
baseline,1,354,15.2265
baseline,1,355,14.996
baseline,1,356,15.2972
baseline,1,357,15.379
baseline,1,358,15.5941
baseline,1,359,15.0337
baseline,1,360,15.0802
baseline,1,361,15.0184
baseline,1,362,14.9688
baseline,1,363,15.4849
baseline,1,364,15.4268
baseline,1,365,15.3595
baseline,1,366,15.6535
baseline,1,367,15.4164
baseline,1,368,15.4074
baseline,1,369,14.7898
baseline,1,370,15.6527
baseline,1,371,14.4276
baseline,1,372,15.823
baseline,1,373,14.9057
baseline,1,374,15.0798
baseline,1,375,14.7946
baseline,1,376,14.9052
baseline,1,377,14.931
baseline,1,378,14.7713
baseline,1,379,15.2786
baseline,1,380,15.0748
baseline,1,381,15.2163
baseline,1,382,15.1701
baseline,1,383,14.7856
baseline,1,384,15.1195
baseline,1,385,15.3072
baseline,1,386,15.761
baseline,1,387,15.8887
baseline,1,388,15.392
baseline,1,389,15.4032
baseline,1,390,14.9125
baseline,1,391,15.2977
baseline,1,392,14.7753
baseline,1,393,14.933
baseline,1,394,15.0849
baseline,1,395,15.1605
baseline,1,396,15.1642
baseline,1,397,15.3592
baseline,1,398,15.2382
baseline,1,399,15.6508
baseline,1,400,15.1939
baseline,1,401,14.962
baseline,1,402,15.0876
baseline,1,403,15.4116
baseline,1,404,15.0291
baseline,1,405,15.2819
baseline,1,406,15.2163
baseline,1,407,14.962
baseline,1,408,15.1725
baseline,1,409,15.327
baseline,1,410,15.3806
baseline,1,411,15.2862
baseline,1,412,15.484
baseline,1,413,16.0296
baseline,1,414,15.3291
baseline,1,415,15.471
baseline,1,416,15.179
baseline,1,417,15.0161
baseline,1,418,15.0838
baseline,1,419,15.9011
baseline,1,420,15.2564
baseline,1,421,15.7765
baseline,1,422,16.0707
baseline,1,423,15.7137
baseline,1,424,15.9797
baseline,1,425,15.4638
baseline,1,426,15.632
baseline,1,427,15.1293
baseline,1,428,15.0341
baseline,1,429,15.691
baseline,1,430,15.9347
baseline,1,431,15.6618
baseline,1,432,15.8634
baseline,1,433,15.7695
baseline,1,434,15.7083
baseline,1,435,15.7066
baseline,1,436,15.8017
baseline,1,437,15.739
baseline,1,438,15.4388
baseline,1,439,15.8416
baseline,1,440,15.3885
baseline,1,441,15.8978
baseline,1,442,15.6966
baseline,1,443,15.7274
baseline,1,444,15.6064
baseline,1,445,15.6211
baseline,1,446,15.648
baseline,1,447,15.9299
baseline,1,448,15.5723
baseline,1,449,15.7444
baseline,1,450,15.5896
baseline,1,451,15.7166
baseline,1,452,15.882
baseline,1,453,15.6934
baseline,1,454,15.6446
baseline,1,455,15.4975
baseline,1,456,15.7849
baseline,1,457,15.8073
baseline,1,458,15.5735
baseline,1,459,15.8736
baseline,1,460,15.891
baseline,1,461,15.6975
baseline,1,462,15.7646
baseline,1,463,16.5578
baseline,1,464,16.0858
baseline,1,465,16.3953
baseline,1,466,16.5884
baseline,1,467,16.4011
baseline,1,468,17.3685
baseline,1,469,16.57
baseline,1,470,15.9552
baseline,1,471,16.2588
baseline,1,472,16.8539
baseline,1,473,16.9277
baseline,1,474,17.1998
baseline,1,475,17.2302
baseline,1,476,17.1884
baseline,1,477,17.1331
baseline,1,478,17.276
baseline,1,479,17.0454
baseline,1,480,17.1562
baseline,1,481,16.503
baseline,1,482,16.9067
baseline,1,483,17.2641
baseline,1,484,16.8625
baseline,1,485,17.2866
baseline,1,486,16.9472
baseline,1,487,17.1867
baseline,1,488,17.0833
baseline,1,489,17.1423
baseline,1,490,17.0681
baseline,1,491,17.125
baseline,1,492,16.6934
baseline,1,493,17.0888
baseline,1,494,16.8849
baseline,1,495,16.5694
baseline,1,496,16.4692
baseline,1,497,16.5915
baseline,1,498,16.5283
baseline,1,499,16.4749
baseline,1,500,16.9029
baseline,1,501,16.3575
baseline,1,502,16.7881
baseline,1,503,16.6928
baseline,1,504,16.4651
baseline,1,505,16.6752
baseline,1,506,16.8055
baseline,1,507,16.4294
baseline,1,508,16.5199
baseline,1,509,16.5951
baseline,1,510,16.7032
baseline,1,511,16.1133
baseline,1,512,16.7495
baseline,1,513,16.8787
baseline,1,514,16.8454
baseline,1,515,16.9611
baseline,1,516,16.5192
baseline,1,517,16.5339
baseline,1,518,16.8837
baseline,1,519,17.089
baseline,1,520,17
baseline,1,521,17.0844
baseline,1,522,17.1683
baseline,1,523,17.3893
baseline,1,524,17.1333
baseline,1,525,17.0921
baseline,1,526,16.9511
baseline,1,527,16.7677
baseline,1,528,17.1528
baseline,1,529,17.244
baseline,1,530,16.5976
baseline,1,531,16.8801
baseline,1,532,17.1195
baseline,1,533,16.886
baseline,1,534,17.3927
baseline,1,535,16.9683
baseline,1,536,17.0272
baseline,1,537,17.181
baseline,1,538,16.9353
baseline,1,539,17.3418
baseline,1,540,16.9074
baseline,1,541,17.1988
baseline,1,542,16.9488
baseline,1,543,16.9434
baseline,1,544,17.5245
baseline,1,545,16.9007
baseline,1,546,16.8452
baseline,1,547,16.8096
baseline,1,548,17.0795
baseline,1,549,17.0003
baseline,1,550,17.164
baseline,1,551,17.1702
baseline,1,552,17.2065
baseline,1,553,16.9147
baseline,1,554,17.3743
baseline,1,555,17.264
baseline,1,556,16.7874
baseline,1,557,17.0262
baseline,1,558,16.6128
baseline,1,559,16.9481
baseline,1,560,16.8994
baseline,1,561,16.8489
baseline,1,562,17.0955
baseline,1,563,17.0495
baseline,1,564,16.7577
baseline,1,565,16.748
baseline,1,566,17.1028
baseline,1,567,17.0815
baseline,1,568,17.452
baseline,1,569,16.9204
baseline,1,570,17.1482
baseline,1,571,17.171
baseline,1,572,20.9106
baseline,1,573,26.1697
baseline,1,574,22.3109
baseline,1,575,17.2043
baseline,1,576,17.113
baseline,1,577,17.0768
baseline,1,578,16.8881
baseline,1,579,16.9049
baseline,1,580,16.8138
baseline,1,581,17.3281
baseline,1,582,17.4115
baseline,1,583,16.8743
baseline,1,584,17.4598
baseline,1,585,17.194
baseline,1,586,18.1369
baseline,1,587,17.0407
baseline,1,588,17.5237
baseline,1,589,17.1735
baseline,1,590,16.982
baseline,1,591,17.1918
baseline,1,592,17.5907
baseline,1,593,17.5677
baseline,1,594,17.2804
baseline,1,595,16.678
baseline,1,596,17.1009
baseline,1,597,16.7926
baseline,1,598,16.913
baseline,1,599,17.0147
baseline,2,0,56.4128
baseline,2,1,11.0918
baseline,2,2,10.9089
baseline,2,3,11.0649
baseline,2,4,11.1035
baseline,2,5,11.4506
baseline,2,6,11.1047
baseline,2,7,10.6776
baseline,2,8,11.3865
baseline,2,9,11.3723
baseline,2,10,11.3154
baseline,2,11,11.1013
baseline,2,12,11.1429
baseline,2,13,11.5156
baseline,2,14,11.4883
baseline,2,15,11.3681
baseline,2,16,11.2947
baseline,2,17,11.6596
baseline,2,18,11.6193
baseline,2,19,11.6559
baseline,2,20,11.1915
baseline,2,21,10.8591
baseline,2,22,11.5635
baseline,2,23,11.2934
baseline,2,24,11.5279
baseline,2,25,11.4087
baseline,2,26,11.784
baseline,2,27,11.4453
baseline,2,28,11.4678
baseline,2,29,11.5189
baseline,2,30,11.6288
baseline,2,31,11.6246
baseline,2,32,11.4682
baseline,2,33,11.1837
baseline,2,34,11.7401
baseline,2,35,11.322
baseline,2,36,11.572
baseline,2,37,11.4535
baseline,2,38,11.2394
baseline,2,39,11.4379
baseline,2,40,11.6045
baseline,2,41,11.7815
baseline,2,42,11.8163
baseline,2,43,11.7387
baseline,2,44,11.6493
baseline,2,45,11.539
baseline,2,46,11.5476
baseline,2,47,11.9618
baseline,2,48,11.8567
baseline,2,49,11.6981
baseline,2,50,11.7028
baseline,2,51,11.5205
baseline,2,52,11.6121
baseline,2,53,11.8232
baseline,2,54,11.862
baseline,2,55,11.6642
baseline,2,56,11.812
baseline,2,57,11.7269
baseline,2,58,11.497
baseline,2,59,12.0833
baseline,2,60,11.6078
baseline,2,61,11.7815
baseline,2,62,12.1346
baseline,2,63,11.8246
baseline,2,64,11.9625
baseline,2,65,12.2348
baseline,2,66,11.8241
baseline,2,67,11.9913
baseline,2,68,12.0291
baseline,2,69,11.8657
baseline,2,70,11.8408
baseline,2,71,11.904
baseline,2,72,11.8401
baseline,2,73,12.0541
baseline,2,74,11.8926
baseline,2,75,11.9907
baseline,2,76,12.1738
baseline,2,77,12.0343
baseline,2,78,12.0148
baseline,2,79,12.1255
baseline,2,80,12.3892
baseline,2,81,12.0712
baseline,2,82,12.0694
baseline,2,83,12.166
baseline,2,84,12.3319
baseline,2,85,11.9563
baseline,2,86,11.76
baseline,2,87,12.2172
baseline,2,88,11.8369
baseline,2,89,12.2257
baseline,2,90,12.0543
baseline,2,91,12.2376
baseline,2,92,12.1954
baseline,2,93,12.121
baseline,2,94,12.0503
baseline,2,95,12.2779
baseline,2,96,11.946
baseline,2,97,11.9556
baseline,2,98,12.199
baseline,2,99,12.5317
baseline,2,100,12.7131
baseline,2,101,12.2388
baseline,2,102,11.9909
baseline,2,103,12.6343
baseline,2,104,12.0593
baseline,2,105,12.5448
baseline,2,106,12.2158
baseline,2,107,12.6777
baseline,2,108,12.3794
baseline,2,109,12.5049
baseline,2,110,12.2868
baseline,2,111,12.5025
baseline,2,112,12.4254
baseline,2,113,12.3175
baseline,2,114,12.2979
baseline,2,115,12.1608
baseline,2,116,12.505
baseline,2,117,12.3437
baseline,2,118,12.723
baseline,2,119,12.5285
baseline,2,120,12.3072
baseline,2,121,12.5715
baseline,2,122,12.693
baseline,2,123,12.7403
baseline,2,124,12.5939
baseline,2,125,12.4079
baseline,2,126,12.8111
baseline,2,127,12.7695
baseline,2,128,12.6677
baseline,2,129,12.8761
baseline,2,130,12.6296
baseline,2,131,12.8497
baseline,2,132,12.7099
baseline,2,133,12.7652
baseline,2,134,12.556
baseline,2,135,13.0156
baseline,2,136,12.8697
baseline,2,137,12.7248
baseline,2,138,12.5874
baseline,2,139,12.8842
baseline,2,140,12.9874
baseline,2,141,12.5859
baseline,2,142,12.5187
baseline,2,143,12.6041
baseline,2,144,12.9897
baseline,2,145,13.9065
baseline,2,146,13.4942
baseline,2,147,12.9706
baseline,2,148,12.9726
baseline,2,149,13.011
baseline,2,150,12.9392
baseline,2,151,13.1309
baseline,2,152,13.0991
baseline,2,153,13.2044
baseline,2,154,13.272
baseline,2,155,13.2103
baseline,2,156,13.2426
baseline,2,157,13.138
baseline,2,158,13.1152
baseline,2,159,13.0164
baseline,2,160,13.0144
baseline,2,161,12.9483
baseline,2,162,13.2302
baseline,2,163,13.0183
baseline,2,164,12.4353
baseline,2,165,12.4968
baseline,2,166,13.2961
baseline,2,167,13.2548
baseline,2,168,12.9359
baseline,2,169,13.1606
baseline,2,170,12.947
baseline,2,171,13.0446
baseline,2,172,13.3548
baseline,2,173,12.9021
baseline,2,174,13.3319
baseline,2,175,13.0983
baseline,2,176,13.2901
baseline,2,177,13.3128
baseline,2,178,13.2506
baseline,2,179,13.079
baseline,2,180,13.2992
baseline,2,181,13.7285
baseline,2,182,13.2109
baseline,2,183,13.1928
baseline,2,184,13.0895
baseline,2,185,12.8408
baseline,2,186,13.4265
baseline,2,187,13.2019
baseline,2,188,13.3934
baseline,2,189,13.4787
baseline,2,190,13.319
baseline,2,191,13.5754
baseline,2,192,13.5268
baseline,2,193,13.48
baseline,2,194,13.6553
baseline,2,195,13.3804
baseline,2,196,13.3586
baseline,2,197,13.4076
baseline,2,198,13.3492
baseline,2,199,13.6427
baseline,2,200,13.6783
baseline,2,201,13.6353
baseline,2,202,13.4713
baseline,2,203,13.2743
baseline,2,204,13.7251
baseline,2,205,13.6641
baseline,2,206,13.8181
baseline,2,207,13.5005
baseline,2,208,13.7516
baseline,2,209,13.4917
baseline,2,210,13.3292
baseline,2,211,13.4316
baseline,2,212,23.9743
baseline,2,213,14.0431
baseline,2,214,14.0094
baseline,2,215,13.6191
baseline,2,216,13.6772
baseline,2,217,13.543
baseline,2,218,13.5284
baseline,2,219,13.9377
baseline,2,220,13.5595
baseline,2,221,13.9477
baseline,2,222,13.2183
baseline,2,223,13.6813
baseline,2,224,13.6822
baseline,2,225,13.884
baseline,2,226,13.6523
baseline,2,227,13.6145
baseline,2,228,13.8722
baseline,2,229,13.374
baseline,2,230,13.943
baseline,2,231,13.9994
baseline,2,232,13.4337
baseline,2,233,13.9607
baseline,2,234,14.0224
baseline,2,235,13.6986
baseline,2,236,13.7207
baseline,2,237,14.0545
baseline,2,238,13.995
baseline,2,239,13.5665
baseline,2,240,14.0519
baseline,2,241,13.5166
baseline,2,242,14.1141
baseline,2,243,13.9252
baseline,2,244,14.1874
baseline,2,245,14.1501
baseline,2,246,13.896
baseline,2,247,13.7353
baseline,2,248,13.9607
baseline,2,249,13.9655
baseline,2,250,14.557
baseline,2,251,14.49
baseline,2,252,14.3907
baseline,2,253,13.9258
baseline,2,254,14.0145
baseline,2,255,14.2167
baseline,2,256,14.3639
baseline,2,257,14.2283
baseline,2,258,14.2357
baseline,2,259,14.3438
baseline,2,260,14.166
baseline,2,261,14.0443
baseline,2,262,14.1761
baseline,2,263,14.0398
baseline,2,264,14.6993
baseline,2,265,14.1581
baseline,2,266,14.1862
baseline,2,267,14.3642
baseline,2,268,14.4731
baseline,2,269,14.0633
baseline,2,270,14.3775
baseline,2,271,14.5045
baseline,2,272,14.19
baseline,2,273,14.5129
baseline,2,274,14.1095
baseline,2,275,14.6049
baseline,2,276,14.0952
baseline,2,277,14.7197
baseline,2,278,14.3443
baseline,2,279,14.4175
baseline,2,280,14.3165
baseline,2,281,14.4639
baseline,2,282,14.4635
baseline,2,283,14.3289
baseline,2,284,14.6845
baseline,2,285,14.7447
baseline,2,286,14.4766
baseline,2,287,14.549
baseline,2,288,14.5753
baseline,2,289,14.8268
baseline,2,290,14.6803
baseline,2,291,15.0956
baseline,2,292,15.0394
baseline,2,293,14.6483
baseline,2,294,14.0485
baseline,2,295,13.9673
baseline,2,296,13.9825
baseline,2,297,14.04
baseline,2,298,13.8558
baseline,2,299,14.2693
baseline,2,300,14.4951
baseline,2,301,13.8026
baseline,2,302,13.9407
baseline,2,303,13.9718
baseline,2,304,14.1434
baseline,2,305,13.9332
baseline,2,306,14.1793
baseline,2,307,14.5802
baseline,2,308,14.9125
baseline,2,309,14.7577
baseline,2,310,14.7569
baseline,2,311,14.8448
baseline,2,312,14.707
baseline,2,313,14.1717
baseline,2,314,14.0805
baseline,2,315,14.7927
baseline,2,316,14.8464
baseline,2,317,14.6386
baseline,2,318,14.8509
baseline,2,319,14.675
baseline,2,320,14.5856
baseline,2,321,14.9818
baseline,2,322,14.7786
baseline,2,323,14.9224
baseline,2,324,15.0354
baseline,2,325,14.7214
baseline,2,326,14.6815
baseline,2,327,14.7852
baseline,2,328,14.6985
baseline,2,329,15.0154
baseline,2,330,15.2599
baseline,2,331,14.8302
baseline,2,332,15.3663
baseline,2,333,15.198
baseline,2,334,14.9762
baseline,2,335,15.0607
baseline,2,336,14.9601
baseline,2,337,15.0878
baseline,2,338,14.9452
baseline,2,339,14.999
baseline,2,340,15.1557
baseline,2,341,15.0542
baseline,2,342,15.1472
baseline,2,343,14.8231
baseline,2,344,15.3691
baseline,2,345,14.8526
baseline,2,346,15.2345
baseline,2,347,15.34
baseline,2,348,15.0972
baseline,2,349,14.563
baseline,2,350,15.214
baseline,2,351,15.3476
baseline,2,352,14.8054
baseline,2,353,15.2069
baseline,2,354,15.1875
baseline,2,355,15.6201
baseline,2,356,15.496
baseline,2,357,15.4494
baseline,2,358,15.5581
baseline,2,359,15.2771
baseline,2,360,15.0605
baseline,2,361,15.1047
baseline,2,362,15.3362
baseline,2,363,15.065
baseline,2,364,15.3495
baseline,2,365,15.1873
baseline,2,366,15.1255
baseline,2,367,15.8186
baseline,2,368,15.4155
baseline,2,369,15.3592
baseline,2,370,15.3843
baseline,2,371,15.5262
baseline,2,372,15.1638
baseline,2,373,15.3324
baseline,2,374,15.0593
baseline,2,375,14.7198
baseline,2,376,15.5483
baseline,2,377,15.3336
baseline,2,378,15.5545
baseline,2,379,15.6378
baseline,2,380,15.3277
baseline,2,381,15.3562
baseline,2,382,15.568
baseline,2,383,15.5981
baseline,2,384,15.7144
baseline,2,385,15.0286
baseline,2,386,15.5469
baseline,2,387,15.5415
baseline,2,388,15.5269
baseline,2,389,15.5877
baseline,2,390,15.3805
baseline,2,391,15.4379
baseline,2,392,15.8396
baseline,2,393,15.9585
baseline,2,394,15.5767
baseline,2,395,15.7581
baseline,2,396,15.4997
baseline,2,397,15.611
baseline,2,398,15.8676
baseline,2,399,15.6221
baseline,2,400,15.8101
baseline,2,401,15.8497
baseline,2,402,15.4621
baseline,2,403,15.5285
baseline,2,404,15.5035
baseline,2,405,15.8301
baseline,2,406,15.5862
baseline,2,407,15.7212
baseline,2,408,15.5752
baseline,2,409,15.9802
baseline,2,410,15.6645
baseline,2,411,16.0887
baseline,2,412,16.1207
baseline,2,413,15.5345
baseline,2,414,15.9043
baseline,2,415,15.8134
baseline,2,416,16.0585
baseline,2,417,16.4398
baseline,2,418,16.1556
baseline,2,419,16.0275
baseline,2,420,15.9422
baseline,2,421,15.8602
baseline,2,422,15.7094
baseline,2,423,16.2605
baseline,2,424,16.5063
baseline,2,425,16.0828
baseline,2,426,15.6312
baseline,2,427,15.9253
baseline,2,428,16.0297
baseline,2,429,16.0156
baseline,2,430,15.9081
baseline,2,431,16.4883
baseline,2,432,15.9208
baseline,2,433,16.0171
baseline,2,434,16.0288
baseline,2,435,15.8969
baseline,2,436,15.8872
baseline,2,437,15.9112
baseline,2,438,15.9198
baseline,2,439,16.0354
baseline,2,440,16.2443
baseline,2,441,16.2969
baseline,2,442,16.2812
baseline,2,443,16.1734
baseline,2,444,16.3747
baseline,2,445,15.968
baseline,2,446,16.426
baseline,2,447,16.4615
baseline,2,448,15.8225
baseline,2,449,15.7093
baseline,2,450,16.2937
baseline,2,451,16.3276
baseline,2,452,16.3423
baseline,2,453,16.2817
baseline,2,454,16.2856
baseline,2,455,16.319
baseline,2,456,15.6184
baseline,2,457,16.0215
baseline,2,458,16.171
baseline,2,459,16.1721
baseline,2,460,16.3392
baseline,2,461,16.6287
baseline,2,462,16.4737
baseline,2,463,16.3855
baseline,2,464,16.3875
baseline,2,465,16.256
baseline,2,466,16.5056
baseline,2,467,16.5657
baseline,2,468,16.3671
baseline,2,469,16.5398
baseline,2,470,16.5026
baseline,2,471,16.301
baseline,2,472,17.0742
baseline,2,473,17.1547
baseline,2,474,17.3834
baseline,2,475,16.8813
baseline,2,476,16.9317
baseline,2,477,16.9252
baseline,2,478,16.7879
baseline,2,479,17.0579
baseline,2,480,16.7931
baseline,2,481,16.8738
baseline,2,482,17.1402
baseline,2,483,16.968
baseline,2,484,17.0467
baseline,2,485,17.23
baseline,2,486,17.1246
baseline,2,487,16.2548
baseline,2,488,16.9306
baseline,2,489,17.0709
baseline,2,490,16.6909
baseline,2,491,17.3577
baseline,2,492,17.2389
baseline,2,493,17.1016
baseline,2,494,17.2352
baseline,2,495,17.0376
baseline,2,496,17.003
baseline,2,497,16.8885
baseline,2,498,17.329
baseline,2,499,16.9962
baseline,2,500,17.0005
baseline,2,501,16.9683
baseline,2,502,16.6103
baseline,2,503,17.1638
baseline,2,504,16.8839
baseline,2,505,16.7745
baseline,2,506,16.9629
baseline,2,507,17.0717
baseline,2,508,17.126
baseline,2,509,17.1687
baseline,2,510,17.2193
baseline,2,511,17.0877
baseline,2,512,17.192
baseline,2,513,17.1871
baseline,2,514,16.9359
baseline,2,515,16.8836
baseline,2,516,17.1527
baseline,2,517,17.3329
baseline,2,518,16.7739
baseline,2,519,16.6824
baseline,2,520,17.1686
baseline,2,521,16.9109
baseline,2,522,17.0583
baseline,2,523,16.9783
baseline,2,524,16.933
baseline,2,525,17.2101
baseline,2,526,16.8366
baseline,2,527,16.9619
baseline,2,528,17.1038
baseline,2,529,16.9942
baseline,2,530,17.1581
baseline,2,531,17.2803
baseline,2,532,17.0735
baseline,2,533,17.2766
baseline,2,534,17.1715
baseline,2,535,17.182
baseline,2,536,16.9221
baseline,2,537,16.9804
baseline,2,538,16.7631
baseline,2,539,17.2733
baseline,2,540,17.8125
baseline,2,541,17.6314
baseline,2,542,17.2203
baseline,2,543,16.8236
baseline,2,544,17.12
baseline,2,545,17.9607
baseline,2,546,17.0573
baseline,2,547,17.3352
baseline,2,548,17.2478
baseline,2,549,17.2802
baseline,2,550,17.3102
baseline,2,551,17.0685
baseline,2,552,17.0536
baseline,2,553,17.0562
baseline,2,554,17.1459
baseline,2,555,17.1031
baseline,2,556,16.8333
baseline,2,557,16.8945
baseline,2,558,16.924
baseline,2,559,17.8819
baseline,2,560,16.9338
baseline,2,561,17.1075
baseline,2,562,17.0237
baseline,2,563,17.2475
baseline,2,564,16.7304
baseline,2,565,17.3344
baseline,2,566,17.451
baseline,2,567,17.0361
baseline,2,568,16.9606
baseline,2,569,17.1451
baseline,2,570,16.8867
baseline,2,571,16.9119
baseline,2,572,17.216
baseline,2,573,17.0767
baseline,2,574,17.3682
baseline,2,575,16.869
baseline,2,576,16.4233
baseline,2,577,16.6583
baseline,2,578,17.1687
baseline,2,579,17.1709
baseline,2,580,16.8693
baseline,2,581,17.1755
baseline,2,582,17.1799
baseline,2,583,16.9379
baseline,2,584,16.7092
baseline,2,585,17.2628
baseline,2,586,17.0355
baseline,2,587,16.9615
baseline,2,588,17.3496
baseline,2,589,17.2877
baseline,2,590,17.3158
baseline,2,591,17.1493
baseline,2,592,16.8584
baseline,2,593,16.9285
baseline,2,594,17.243
baseline,2,595,17.2626
baseline,2,596,17.5065
baseline,2,597,16.9267
baseline,2,598,16.7902
baseline,2,599,17.158
deferscale,2,0,56.8459
deferscale,2,1,11.1743
deferscale,2,2,11.1534
deferscale,2,3,11.4832
deferscale,2,4,11.0255
deferscale,2,5,11.0581
deferscale,2,6,11.185
deferscale,2,7,11.2692
deferscale,2,8,11.2605
deferscale,2,9,11.2484
deferscale,2,10,11.2944
deferscale,2,11,11.5802
deferscale,2,12,11.1336
deferscale,2,13,11.288
deferscale,2,14,11.2891
deferscale,2,15,11.3878
deferscale,2,16,11.7747
deferscale,2,17,11.1931
deferscale,2,18,11.3732
deferscale,2,19,11.4622
deferscale,2,20,11.1152
deferscale,2,21,11.2736
deferscale,2,22,11.1798
deferscale,2,23,11.4065
deferscale,2,24,11.1881
deferscale,2,25,11.4802
deferscale,2,26,11.4928
deferscale,2,27,11.4401
deferscale,2,28,11.4109
deferscale,2,29,11.8357
deferscale,2,30,11.2783
deferscale,2,31,11.3213
deferscale,2,32,10.99
deferscale,2,33,10.9906
deferscale,2,34,11.2204
deferscale,2,35,11.3719
deferscale,2,36,10.837
deferscale,2,37,11.1105
deferscale,2,38,11.5155
deferscale,2,39,11.7489
deferscale,2,40,11.8085
deferscale,2,41,11.6339
deferscale,2,42,11.4187
deferscale,2,43,11.4716
deferscale,2,44,12.1346
deferscale,2,45,11.778
deferscale,2,46,11.5636
deferscale,2,47,11.5645
deferscale,2,48,11.6352
deferscale,2,49,11.5952
deferscale,2,50,11.629
deferscale,2,51,11.6219
deferscale,2,52,11.7411
deferscale,2,53,11.6449
deferscale,2,54,12.0073
deferscale,2,55,11.8609
deferscale,2,56,11.7917
deferscale,2,57,11.9844
deferscale,2,58,11.8104
deferscale,2,59,11.7524
deferscale,2,60,12.0472
deferscale,2,61,11.6107
deferscale,2,62,11.7135
deferscale,2,63,11.5698
deferscale,2,64,12.2287
deferscale,2,65,11.954
deferscale,2,66,11.9593
deferscale,2,67,11.7933
deferscale,2,68,12.128
deferscale,2,69,11.9372
deferscale,2,70,12.2642
deferscale,2,71,12.174
deferscale,2,72,12.1312
deferscale,2,73,11.7403
deferscale,2,74,12.1891
deferscale,2,75,11.8874
deferscale,2,76,11.9085
deferscale,2,77,11.9416
deferscale,2,78,12.0699
deferscale,2,79,12.1895
deferscale,2,80,12.0213
deferscale,2,81,11.8377
deferscale,2,82,12.2265
deferscale,2,83,12.0627
deferscale,2,84,11.9352
deferscale,2,85,11.7362
deferscale,2,86,12.0141
deferscale,2,87,12.5023
deferscale,2,88,12.2348
deferscale,2,89,13.1249
deferscale,2,90,12.432
deferscale,2,91,11.9652
deferscale,2,92,12.5503
deferscale,2,93,12.5134
deferscale,2,94,11.9526
deferscale,2,95,12.353
deferscale,2,96,12.5282
deferscale,2,97,12.2687
deferscale,2,98,12.7069
deferscale,2,99,12.2716
deferscale,2,100,12.531
deferscale,2,101,12.4545
deferscale,2,102,12.1095
deferscale,2,103,12.314
deferscale,2,104,12.4025
deferscale,2,105,12.207
deferscale,2,106,12.2504
deferscale,2,107,12.181
deferscale,2,108,12.5077
deferscale,2,109,12.2692
deferscale,2,110,12.2544
deferscale,2,111,12.526
deferscale,2,112,12.1261
deferscale,2,113,12.4649
deferscale,2,114,12.3281
deferscale,2,115,12.7783
deferscale,2,116,12.2164
deferscale,2,117,12.8347
deferscale,2,118,12.7796
deferscale,2,119,12.5085
deferscale,2,120,12.6297
deferscale,2,121,12.5085
deferscale,2,122,12.3962
deferscale,2,123,12.6845
deferscale,2,124,12.4791
deferscale,2,125,12.8518
deferscale,2,126,13.0793
deferscale,2,127,12.9084
deferscale,2,128,13.2352
deferscale,2,129,12.674
deferscale,2,130,12.8013
deferscale,2,131,12.5294
deferscale,2,132,12.6098
deferscale,2,133,12.2744
deferscale,2,134,12.8353
deferscale,2,135,13.068
deferscale,2,136,12.1229
deferscale,2,137,11.8036
deferscale,2,138,12.3565
deferscale,2,139,12.8499
deferscale,2,140,12.7977
deferscale,2,141,12.7141
deferscale,2,142,12.4882
deferscale,2,143,12.623
deferscale,2,144,13.1317
deferscale,2,145,13.0524
deferscale,2,146,12.556
deferscale,2,147,12.6525
deferscale,2,148,12.3104
deferscale,2,149,12.9735
deferscale,2,150,13.0225
deferscale,2,151,13.0068
deferscale,2,152,12.9173
deferscale,2,153,12.8591
deferscale,2,154,12.9059
deferscale,2,155,12.9731
deferscale,2,156,12.744
deferscale,2,157,12.783
deferscale,2,158,13.0813
deferscale,2,159,13.4918
deferscale,2,160,13.2572
deferscale,2,161,12.704
deferscale,2,162,12.56
deferscale,2,163,13.0835
deferscale,2,164,12.9412
deferscale,2,165,13.0264
deferscale,2,166,12.5781
deferscale,2,167,13.1846
deferscale,2,168,12.9524
deferscale,2,169,12.5639
deferscale,2,170,12.3858
deferscale,2,171,12.8665
deferscale,2,172,12.8133
deferscale,2,173,13.1163
deferscale,2,174,13.1514
deferscale,2,175,13.3106
deferscale,2,176,13.0784
deferscale,2,177,13.0783
deferscale,2,178,12.8449
deferscale,2,179,13.3764
deferscale,2,180,13.3672
deferscale,2,181,12.9
deferscale,2,182,12.982
deferscale,2,183,12.7982
deferscale,2,184,12.8489
deferscale,2,185,13.1189
deferscale,2,186,12.9737
deferscale,2,187,13.1734
deferscale,2,188,13.178
deferscale,2,189,13.1193
deferscale,2,190,13.1791
deferscale,2,191,13.4336
deferscale,2,192,13.0469
deferscale,2,193,13.3615
deferscale,2,194,13.3818
deferscale,2,195,13.1333
deferscale,2,196,13.271
deferscale,2,197,13.2047
deferscale,2,198,13.182
deferscale,2,199,13.2906
deferscale,2,200,13.4879
deferscale,2,201,13.3927
deferscale,2,202,13.1034
deferscale,2,203,13.3193
deferscale,2,204,13.1559
deferscale,2,205,12.9678
deferscale,2,206,13.1062
deferscale,2,207,12.8852
deferscale,2,208,13.1775
deferscale,2,209,13.0928
deferscale,2,210,12.9253
deferscale,2,211,12.8938
deferscale,2,212,12.8562
deferscale,2,213,12.9359
deferscale,2,214,13.267
deferscale,2,215,12.9942
deferscale,2,216,13.0335
deferscale,2,217,13.3383
deferscale,2,218,13.405
deferscale,2,219,13.1841
deferscale,2,220,13.1189
deferscale,2,221,13.2801
deferscale,2,222,13.21
deferscale,2,223,13.2018
deferscale,2,224,13.0756
deferscale,2,225,13.7442
deferscale,2,226,13.2767
deferscale,2,227,14.6438
deferscale,2,228,13.6078
deferscale,2,229,13.8915
deferscale,2,230,13.6983
deferscale,2,231,13.4297
deferscale,2,232,13.2758
deferscale,2,233,14.0304
deferscale,2,234,13.3962
deferscale,2,235,13.9198
deferscale,2,236,13.4883
deferscale,2,237,13.7558
deferscale,2,238,13.7788
deferscale,2,239,13.7528
deferscale,2,240,13.6147
deferscale,2,241,13.7807
deferscale,2,242,13.7728
deferscale,2,243,13.6988
deferscale,2,244,13.8034
deferscale,2,245,14.7574
deferscale,2,246,13.8929
deferscale,2,247,13.7613
deferscale,2,248,13.8993
deferscale,2,249,13.8961
deferscale,2,250,13.941
deferscale,2,251,14.0114
deferscale,2,252,13.7186
deferscale,2,253,13.9568
deferscale,2,254,13.8363
deferscale,2,255,13.7148
deferscale,2,256,14.208
deferscale,2,257,13.9894
deferscale,2,258,13.9958
deferscale,2,259,14.2231
deferscale,2,260,12.441
deferscale,2,261,12.6203
deferscale,2,262,12.6571
deferscale,2,263,12.8567
deferscale,2,264,12.8889
deferscale,2,265,13.1239
deferscale,2,266,13.1423
deferscale,2,267,12.9313
deferscale,2,268,13.2759
deferscale,2,269,13.0741
deferscale,2,270,12.744
deferscale,2,271,12.9013
deferscale,2,272,13.2883
deferscale,2,273,13.4566
deferscale,2,274,13.2219
deferscale,2,275,13.1463
deferscale,2,276,13.5845
deferscale,2,277,13.5713
deferscale,2,278,13.0898
deferscale,2,279,13.1184
deferscale,2,280,13.608
deferscale,2,281,13.7589
deferscale,2,282,13.3514
deferscale,2,283,13.279
deferscale,2,284,13.4156
deferscale,2,285,13.1648
deferscale,2,286,13.3733
deferscale,2,287,13.6344
deferscale,2,288,13.1946
deferscale,2,289,13.3177
deferscale,2,290,13.449
deferscale,2,291,13.6208
deferscale,2,292,13.6447
deferscale,2,293,13.321
deferscale,2,294,13.2936
deferscale,2,295,13.1234
deferscale,2,296,13.6369
deferscale,2,297,13.8865
deferscale,2,298,13.7558
deferscale,2,299,13.3805
deferscale,2,300,13.2723
deferscale,2,301,13.7072
deferscale,2,302,13.3684
deferscale,2,303,13.2241
deferscale,2,304,13.7725
deferscale,2,305,13.4736
deferscale,2,306,13.5168
deferscale,2,307,13.6196
deferscale,2,308,13.3429
deferscale,2,309,13.5302
deferscale,2,310,13.3845
deferscale,2,311,13.3286
deferscale,2,312,13.6685
deferscale,2,313,13.5595
deferscale,2,314,13.7036
deferscale,2,315,13.6561
deferscale,2,316,13.5482
deferscale,2,317,14.0081
deferscale,2,318,13.8517
deferscale,2,319,14.0316
deferscale,2,320,13.9816
deferscale,2,321,13.7532
deferscale,2,322,14.031
deferscale,2,323,13.845
deferscale,2,324,13.6999
deferscale,2,325,13.5746
deferscale,2,326,14.5237
deferscale,2,327,14.395
deferscale,2,328,13.8248
deferscale,2,329,13.8971
deferscale,2,330,13.7442
deferscale,2,331,13.7105
deferscale,2,332,14.4672
deferscale,2,333,14.4488
deferscale,2,334,14.5399
deferscale,2,335,14.9198
deferscale,2,336,14.5241
deferscale,2,337,15.0765
deferscale,2,338,15.141
deferscale,2,339,14.8062
deferscale,2,340,14.7928
deferscale,2,341,14.8972
deferscale,2,342,14.8361
deferscale,2,343,14.6848
deferscale,2,344,14.9714
deferscale,2,345,14.6612
deferscale,2,346,14.7253
deferscale,2,347,14.9054
deferscale,2,348,14.5325
deferscale,2,349,14.9385
deferscale,2,350,14.8227
deferscale,2,351,14.952
deferscale,2,352,15.1224
deferscale,2,353,15.3899
deferscale,2,354,14.858
deferscale,2,355,15.1654
deferscale,2,356,15.1244
deferscale,2,357,14.7394
deferscale,2,358,14.6859
deferscale,2,359,15.0975
deferscale,2,360,15.329
deferscale,2,361,15.0113
deferscale,2,362,14.7739
deferscale,2,363,15.1031
deferscale,2,364,14.9418
deferscale,2,365,14.6861
deferscale,2,366,15.0129
deferscale,2,367,15.3405
deferscale,2,368,14.9535
deferscale,2,369,15.0818
deferscale,2,370,15.3727
deferscale,2,371,14.9261
deferscale,2,372,14.9537
deferscale,2,373,14.9021
deferscale,2,374,14.9702
deferscale,2,375,14.9937
deferscale,2,376,15.0785
deferscale,2,377,15.151
deferscale,2,378,14.9783
deferscale,2,379,15.4096
deferscale,2,380,14.9821
deferscale,2,381,15.5062
deferscale,2,382,15.3145
deferscale,2,383,15.4582
deferscale,2,384,15.1887
deferscale,2,385,15.5196
deferscale,2,386,15.3556
deferscale,2,387,15.3703
deferscale,2,388,16.5883
deferscale,2,389,15.4946
deferscale,2,390,15.7117
deferscale,2,391,15.5797
deferscale,2,392,15.587
deferscale,2,393,15.4621
deferscale,2,394,14.8256
deferscale,2,395,15.4405
deferscale,2,396,15.3027
deferscale,2,397,15.245
deferscale,2,398,15.4288
deferscale,2,399,15.342
deferscale,2,400,15.4749
deferscale,2,401,15.4726
deferscale,2,402,15.5223
deferscale,2,403,15.4068
deferscale,2,404,15.506
deferscale,2,405,15.8525
deferscale,2,406,15.1962
deferscale,2,407,16.1092
deferscale,2,408,15.3677
deferscale,2,409,15.6415
deferscale,2,410,15.1832
deferscale,2,411,15.476
deferscale,2,412,15.3401
deferscale,2,413,15.5574
deferscale,2,414,15.6452
deferscale,2,415,15.4042
deferscale,2,416,15.5804
deferscale,2,417,15.6708
deferscale,2,418,15.7075
deferscale,2,419,15.5013
deferscale,2,420,15.8512
deferscale,2,421,15.9113
deferscale,2,422,15.5296
deferscale,2,423,15.3699
deferscale,2,424,15.5482
deferscale,2,425,15.5876
deferscale,2,426,15.7167
deferscale,2,427,15.2999
deferscale,2,428,15.4443
deferscale,2,429,15.0363
deferscale,2,430,15.3108
deferscale,2,431,15.5792
deferscale,2,432,16.0483
deferscale,2,433,16.0043
deferscale,2,434,16.1213
deferscale,2,435,16.0281
deferscale,2,436,15.5942
deferscale,2,437,15.3673
deferscale,2,438,15.4664
deferscale,2,439,15.9054
deferscale,2,440,15.7367
deferscale,2,441,15.843
deferscale,2,442,15.912
deferscale,2,443,15.5415
deferscale,2,444,15.7398
deferscale,2,445,16.2956
deferscale,2,446,16.0761
deferscale,2,447,15.9301
deferscale,2,448,15.6273
deferscale,2,449,15.8387
deferscale,2,450,15.6748
deferscale,2,451,15.7057
deferscale,2,452,15.2973
deferscale,2,453,16.1209
deferscale,2,454,16.0744
deferscale,2,455,15.884
deferscale,2,456,16.1781
deferscale,2,457,16.2526
deferscale,2,458,15.999
deferscale,2,459,16.7414
deferscale,2,460,16.1099
deferscale,2,461,15.9234
deferscale,2,462,16.2061
deferscale,2,463,15.8618
deferscale,2,464,16.3193
deferscale,2,465,16.0722
deferscale,2,466,16.0053
deferscale,2,467,16.3561
deferscale,2,468,16.3707
deferscale,2,469,15.9746
deferscale,2,470,16.5119
deferscale,2,471,16.6056
deferscale,2,472,16.9665
deferscale,2,473,16.8489
deferscale,2,474,16.5834
deferscale,2,475,17.1234
deferscale,2,476,16.6025
deferscale,2,477,16.84
deferscale,2,478,16.5309
deferscale,2,479,16.2356
deferscale,2,480,16.9477
deferscale,2,481,16.7095
deferscale,2,482,16.499
deferscale,2,483,16.1851
deferscale,2,484,17.1397
deferscale,2,485,16.8157
deferscale,2,486,16.8249
deferscale,2,487,16.8998
deferscale,2,488,16.7704
deferscale,2,489,16.7677
deferscale,2,490,16.9428
deferscale,2,491,16.8988
deferscale,2,492,16.5265
deferscale,2,493,16.6168
deferscale,2,494,17.187
deferscale,2,495,16.7522
deferscale,2,496,16.9256
deferscale,2,497,16.6733
deferscale,2,498,16.9822
deferscale,2,499,16.5335
deferscale,2,500,16.7801
deferscale,2,501,16.8633
deferscale,2,502,16.3983
deferscale,2,503,16.6262
deferscale,2,504,16.6298
deferscale,2,505,16.4845
deferscale,2,506,16.9242
deferscale,2,507,16.3061
deferscale,2,508,16.1744
deferscale,2,509,16.2575
deferscale,2,510,16.4802
deferscale,2,511,16.128
deferscale,2,512,16.0928
deferscale,2,513,16.7146
deferscale,2,514,18.502
deferscale,2,515,16.611
deferscale,2,516,17.1095
deferscale,2,517,17.1106
deferscale,2,518,16.7577
deferscale,2,519,16.9459
deferscale,2,520,16.7093
deferscale,2,521,16.5439
deferscale,2,522,16.7315
deferscale,2,523,16.6332
deferscale,2,524,16.6024
deferscale,2,525,16.7466
deferscale,2,526,17.4477
deferscale,2,527,16.8578
deferscale,2,528,16.726
deferscale,2,529,16.9308
deferscale,2,530,16.9151
deferscale,2,531,16.8128
deferscale,2,532,16.8779
deferscale,2,533,16.7112
deferscale,2,534,16.6543
deferscale,2,535,16.998
deferscale,2,536,16.8625
deferscale,2,537,16.7765
deferscale,2,538,16.6443
deferscale,2,539,16.8846
deferscale,2,540,16.7693
deferscale,2,541,16.8611
deferscale,2,542,16.8003
deferscale,2,543,16.8033
deferscale,2,544,16.7775
deferscale,2,545,17.1002
deferscale,2,546,16.5192
deferscale,2,547,16.7136
deferscale,2,548,16.374
deferscale,2,549,16.7033
deferscale,2,550,16.6287
deferscale,2,551,17.1698
deferscale,2,552,17.047
deferscale,2,553,16.7995
deferscale,2,554,16.3481
deferscale,2,555,16.8918
deferscale,2,556,16.7815
deferscale,2,557,16.7638
deferscale,2,558,16.8481
deferscale,2,559,16.6902
deferscale,2,560,16.3608
deferscale,2,561,16.939
deferscale,2,562,16.0311
deferscale,2,563,16.206
deferscale,2,564,16.6442
deferscale,2,565,16.6059
deferscale,2,566,16.5582
deferscale,2,567,16.8655
deferscale,2,568,16.8444
deferscale,2,569,16.7929
deferscale,2,570,16.7291
deferscale,2,571,16.81
deferscale,2,572,16.7891
deferscale,2,573,16.872
deferscale,2,574,16.6875
deferscale,2,575,16.6321
deferscale,2,576,16.6649
deferscale,2,577,16.9387
deferscale,2,578,16.7576
deferscale,2,579,16.8421
deferscale,2,580,16.8656
deferscale,2,581,21.2294
deferscale,2,582,21.2378
deferscale,2,583,18.1148
deferscale,2,584,16.7749
deferscale,2,585,16.7628
deferscale,2,586,16.815
deferscale,2,587,16.5946
deferscale,2,588,16.5055
deferscale,2,589,16.764
deferscale,2,590,16.4943
deferscale,2,591,16.7757
deferscale,2,592,16.7749
deferscale,2,593,16.7983
deferscale,2,594,16.5192
deferscale,2,595,16.5972
deferscale,2,596,16.2954
deferscale,2,597,16.6148
deferscale,2,598,16.9013
deferscale,2,599,16.8843
deferscale,3,0,57.724
deferscale,3,1,11.0678
deferscale,3,2,10.9955
deferscale,3,3,11.0081
deferscale,3,4,11.1275
deferscale,3,5,11.0943
deferscale,3,6,11.1833
deferscale,3,7,10.9383
deferscale,3,8,11.1181
deferscale,3,9,11.6489
deferscale,3,10,11.2
deferscale,3,11,11.2038
deferscale,3,12,10.6279
deferscale,3,13,11.8508
deferscale,3,14,11.5526
deferscale,3,15,11.2939
deferscale,3,16,11.2696
deferscale,3,17,11.7132
deferscale,3,18,11.3145
deferscale,3,19,11.4058
deferscale,3,20,11.0848
deferscale,3,21,11.2896
deferscale,3,22,11.2975
deferscale,3,23,11.4834
deferscale,3,24,11.1976
deferscale,3,25,11.0923
deferscale,3,26,11.3339
deferscale,3,27,11.5896
deferscale,3,28,11.707
deferscale,3,29,11.4778
deferscale,3,30,11.3635
deferscale,3,31,11.4957
deferscale,3,32,11.792
deferscale,3,33,11.4785
deferscale,3,34,11.481
deferscale,3,35,11.5686
deferscale,3,36,11.509
deferscale,3,37,11.5213
deferscale,3,38,11.3082
deferscale,3,39,11.3344
deferscale,3,40,11.453
deferscale,3,41,11.741
deferscale,3,42,11.5845
deferscale,3,43,11.4812
deferscale,3,44,11.6161
deferscale,3,45,11.9981
deferscale,3,46,13.4753
deferscale,3,47,11.6949
deferscale,3,48,11.4581
deferscale,3,49,11.6202
deferscale,3,50,11.7144
deferscale,3,51,11.9254
deferscale,3,52,12.1058
deferscale,3,53,11.5633
deferscale,3,54,11.9852
deferscale,3,55,11.7733
deferscale,3,56,12.0973
deferscale,3,57,11.812
deferscale,3,58,12.0253
deferscale,3,59,12.0645
deferscale,3,60,11.8947
deferscale,3,61,12.0922
deferscale,3,62,11.4293
deferscale,3,63,11.6313
deferscale,3,64,12.3082
deferscale,3,65,11.8066
deferscale,3,66,11.8123
deferscale,3,67,12.1795
deferscale,3,68,12.0789
deferscale,3,69,12.0553
deferscale,3,70,12.0496
deferscale,3,71,11.6069
deferscale,3,72,12.0805
deferscale,3,73,12.177
deferscale,3,74,11.8331
deferscale,3,75,11.9319
deferscale,3,76,11.701
deferscale,3,77,12.0149
deferscale,3,78,11.7538
deferscale,3,79,11.8503
deferscale,3,80,11.779
deferscale,3,81,11.9475
deferscale,3,82,11.9545
deferscale,3,83,12.5463
deferscale,3,84,12.2455
deferscale,3,85,12.3759
deferscale,3,86,12.0534
deferscale,3,87,12.4188
deferscale,3,88,12.092
deferscale,3,89,11.9998
deferscale,3,90,12.5019
deferscale,3,91,12.3078
deferscale,3,92,12.1608
deferscale,3,93,12.0547
deferscale,3,94,12.3281
deferscale,3,95,12.5152
deferscale,3,96,12.1218
deferscale,3,97,12.5062
deferscale,3,98,12.5431
deferscale,3,99,12.4703
deferscale,3,100,12.2918
deferscale,3,101,12.3835
deferscale,3,102,12.5002
deferscale,3,103,12.4344
deferscale,3,104,12.9275
deferscale,3,105,12.2755
deferscale,3,106,12.3528
deferscale,3,107,11.9543
deferscale,3,108,12.0795
deferscale,3,109,12.1812
deferscale,3,110,12.8405
deferscale,3,111,12.4927
deferscale,3,112,12.229
deferscale,3,113,12.1105
deferscale,3,114,12.3175
deferscale,3,115,12.5677
deferscale,3,116,12.1255
deferscale,3,117,12.3435
deferscale,3,118,12.2144
deferscale,3,119,11.8647
deferscale,3,120,12.3842
deferscale,3,121,12.7153
deferscale,3,122,12.5698
deferscale,3,123,12.6198
deferscale,3,124,12.3945
deferscale,3,125,12.2921
deferscale,3,126,12.1967
deferscale,3,127,12.447
deferscale,3,128,12.7996
deferscale,3,129,12.5016
deferscale,3,130,12.5921
deferscale,3,131,12.1627
deferscale,3,132,12.133
deferscale,3,133,12.7313
deferscale,3,134,12.8573
deferscale,3,135,13.0251
deferscale,3,136,12.3522
deferscale,3,137,12.5038
deferscale,3,138,12.6612
deferscale,3,139,12.7639
deferscale,3,140,12.6049
deferscale,3,141,12.8427
deferscale,3,142,12.8233
deferscale,3,143,12.8986
deferscale,3,144,12.9155
deferscale,3,145,12.5083
deferscale,3,146,12.897
deferscale,3,147,12.8504
deferscale,3,148,12.7135
deferscale,3,149,12.9026
deferscale,3,150,12.3645
deferscale,3,151,13.2212
deferscale,3,152,13.085
deferscale,3,153,13.1356
deferscale,3,154,12.8696
deferscale,3,155,13.1971
deferscale,3,156,12.9123
deferscale,3,157,12.9514
deferscale,3,158,12.9249
deferscale,3,159,12.799
deferscale,3,160,13.4296
deferscale,3,161,13.0958
deferscale,3,162,12.864
deferscale,3,163,12.8808
deferscale,3,164,13.075
deferscale,3,165,12.8091
deferscale,3,166,13.0349
deferscale,3,167,12.9355
deferscale,3,168,13.2112
deferscale,3,169,13.1252
deferscale,3,170,13.3518
deferscale,3,171,12.739
deferscale,3,172,12.9237
deferscale,3,173,13.2893
deferscale,3,174,12.6807
deferscale,3,175,13.0843
deferscale,3,176,13.4913
deferscale,3,177,13.0687
deferscale,3,178,13.079
deferscale,3,179,13.2275
deferscale,3,180,13.0031
deferscale,3,181,13.0821
deferscale,3,182,13.447
deferscale,3,183,12.8208
deferscale,3,184,13.3466
deferscale,3,185,13.197
deferscale,3,186,13.0267
deferscale,3,187,12.944
deferscale,3,188,13.2695
deferscale,3,189,13.4947
deferscale,3,190,13.3136
deferscale,3,191,13.3351
deferscale,3,192,13.2238
deferscale,3,193,13.386
deferscale,3,194,13.3882
deferscale,3,195,13.3441
deferscale,3,196,13.5354
deferscale,3,197,12.996
deferscale,3,198,12.9845
deferscale,3,199,12.9298
deferscale,3,200,13.3187
deferscale,3,201,13.2369
deferscale,3,202,13.3422
deferscale,3,203,13.2969
deferscale,3,204,13.6352
deferscale,3,205,13.4887
deferscale,3,206,14.6733
deferscale,3,207,13.485
deferscale,3,208,13.5055
deferscale,3,209,13.8451
deferscale,3,210,13.7738
deferscale,3,211,13.898
deferscale,3,212,13.9291
deferscale,3,213,13.5879
deferscale,3,214,13.6753
deferscale,3,215,13.544
deferscale,3,216,13.5805
deferscale,3,217,13.6325
deferscale,3,218,13.4562
deferscale,3,219,13.8085
deferscale,3,220,13.7182
deferscale,3,221,13.7643
deferscale,3,222,13.7272
deferscale,3,223,13.533
deferscale,3,224,13.76
deferscale,3,225,13.6728
deferscale,3,226,14.1407
deferscale,3,227,13.6104
deferscale,3,228,13.5839
deferscale,3,229,13.5048
deferscale,3,230,13.4602
deferscale,3,231,14.0318
deferscale,3,232,14.0345
deferscale,3,233,13.3432
deferscale,3,234,13.6802
deferscale,3,235,13.95
deferscale,3,236,13.8191
deferscale,3,237,13.8523
deferscale,3,238,13.2389
deferscale,3,239,13.3333
deferscale,3,240,13.1826
deferscale,3,241,14.2155
deferscale,3,242,13.4433
deferscale,3,243,13.8513
deferscale,3,244,13.4797
deferscale,3,245,13.4273
deferscale,3,246,13.586
deferscale,3,247,13.7964
deferscale,3,248,14.2485
deferscale,3,249,14.0015
deferscale,3,250,12.9442
deferscale,3,251,13.4256
deferscale,3,252,13.879
deferscale,3,253,13.9608
deferscale,3,254,14.2431
deferscale,3,255,13.3727
deferscale,3,256,13.8101
deferscale,3,257,13.8102
deferscale,3,258,14.0995
deferscale,3,259,13.8998
deferscale,3,260,13.6912
deferscale,3,261,13.5469
deferscale,3,262,14.1913
deferscale,3,263,14.1619
deferscale,3,264,13.9709
deferscale,3,265,13.8035
deferscale,3,266,14.0165
deferscale,3,267,14.1983
deferscale,3,268,14.6086
deferscale,3,269,14.2797
deferscale,3,270,14.1815
deferscale,3,271,14.2833
deferscale,3,272,13.7005
deferscale,3,273,13.6338
deferscale,3,274,13.9688
deferscale,3,275,14.0437
deferscale,3,276,14.3346
deferscale,3,277,14.3603
deferscale,3,278,14.33
deferscale,3,279,14.2406
deferscale,3,280,13.9148
deferscale,3,281,14.6929
deferscale,3,282,14.5149
deferscale,3,283,14.1822
deferscale,3,284,14.0761
deferscale,3,285,14.0456
deferscale,3,286,14.0614
deferscale,3,287,14.3928
deferscale,3,288,14.1649
deferscale,3,289,14.1665
deferscale,3,290,13.9512
deferscale,3,291,13.995
deferscale,3,292,14.1235
deferscale,3,293,14.1773
deferscale,3,294,14.5702
deferscale,3,295,14.4277
deferscale,3,296,14.3966
deferscale,3,297,14.1462
deferscale,3,298,14.1807
deferscale,3,299,14.4054
deferscale,3,300,14.13
deferscale,3,301,14.5368
deferscale,3,302,14.4553
deferscale,3,303,14.5507
deferscale,3,304,14.9515
deferscale,3,305,14.3989
deferscale,3,306,14.2939
deferscale,3,307,14.3379
deferscale,3,308,14.5706
deferscale,3,309,14.3924
deferscale,3,310,14.4969
deferscale,3,311,14.6338
deferscale,3,312,14.545
deferscale,3,313,15.0972
deferscale,3,314,13.9531
deferscale,3,315,14.2235
deferscale,3,316,14.6755
deferscale,3,317,14.5322
deferscale,3,318,14.6789
deferscale,3,319,14.8364
deferscale,3,320,14.7057
deferscale,3,321,14.3945
deferscale,3,322,14.6521
deferscale,3,323,14.5232
deferscale,3,324,14.6443
deferscale,3,325,14.5525
deferscale,3,326,14.3905
deferscale,3,327,14.8565
deferscale,3,328,14.8733
deferscale,3,329,14.7472
deferscale,3,330,14.6598
deferscale,3,331,14.724
deferscale,3,332,14.934
deferscale,3,333,14.837
deferscale,3,334,14.9632
deferscale,3,335,14.7502
deferscale,3,336,15.0826
deferscale,3,337,14.7925
deferscale,3,338,14.7096
deferscale,3,339,14.6955
deferscale,3,340,14.7741
deferscale,3,341,14.9135
deferscale,3,342,14.5872
deferscale,3,343,14.9332
deferscale,3,344,14.9357
deferscale,3,345,14.8953
deferscale,3,346,14.8882
deferscale,3,347,14.7805
deferscale,3,348,15.4482
deferscale,3,349,15.3372
deferscale,3,350,15.0595
deferscale,3,351,14.582
deferscale,3,352,15.1383
deferscale,3,353,15.3133
deferscale,3,354,14.7798
deferscale,3,355,15.0418
deferscale,3,356,15.1221
deferscale,3,357,15.1172
deferscale,3,358,14.8189
deferscale,3,359,15.2391
deferscale,3,360,14.7713
deferscale,3,361,14.96
deferscale,3,362,14.776
deferscale,3,363,15.0378
deferscale,3,364,15.3635
deferscale,3,365,15.1336
deferscale,3,366,14.6736
deferscale,3,367,14.9244
deferscale,3,368,14.6911
deferscale,3,369,15.126
deferscale,3,370,15.1104
deferscale,3,371,14.87
deferscale,3,372,15.3918
deferscale,3,373,15.1171
deferscale,3,374,15.085
deferscale,3,375,15.201
deferscale,3,376,15.2191
deferscale,3,377,15.599
deferscale,3,378,15.1542
deferscale,3,379,15.2653
deferscale,3,380,15.4746
deferscale,3,381,14.9935
deferscale,3,382,15.3485
deferscale,3,383,14.9345
deferscale,3,384,14.99
deferscale,3,385,15.4388
deferscale,3,386,15.182
deferscale,3,387,15.5633
deferscale,3,388,15.3773
deferscale,3,389,15.2681
deferscale,3,390,15.2988
deferscale,3,391,15.1133
deferscale,3,392,15.5068
deferscale,3,393,14.9883
deferscale,3,394,15.4291
deferscale,3,395,15.2285
deferscale,3,396,15.6238
deferscale,3,397,15.1106
deferscale,3,398,15.479
deferscale,3,399,15.5383
deferscale,3,400,15.159
deferscale,3,401,15.547
deferscale,3,402,15.2993
deferscale,3,403,14.9042
deferscale,3,404,15.6461
deferscale,3,405,15.5991
deferscale,3,406,15.3318
deferscale,3,407,15.1373
deferscale,3,408,15.5996
deferscale,3,409,15.6226
deferscale,3,410,15.6042
deferscale,3,411,15.6598
deferscale,3,412,15.2988
deferscale,3,413,15.4581
deferscale,3,414,16.058
deferscale,3,415,15.6317
deferscale,3,416,15.2637
deferscale,3,417,15.4276
deferscale,3,418,15.6937
deferscale,3,419,15.5281
deferscale,3,420,15.3776
deferscale,3,421,15.7727
deferscale,3,422,16.1286
deferscale,3,423,15.783
deferscale,3,424,15.497
deferscale,3,425,16.1156
deferscale,3,426,15.6934
deferscale,3,427,15.5394
deferscale,3,428,15.7526
deferscale,3,429,15.6986
deferscale,3,430,15.902
deferscale,3,431,15.761
deferscale,3,432,15.5196
deferscale,3,433,15.8257
deferscale,3,434,15.7498
deferscale,3,435,15.6554
deferscale,3,436,15.5748
deferscale,3,437,15.5226
deferscale,3,438,15.5655
deferscale,3,439,15.7343
deferscale,3,440,15.9823
deferscale,3,441,15.7695
deferscale,3,442,16.5198
deferscale,3,443,16.0388
deferscale,3,444,15.6369
deferscale,3,445,15.8702
deferscale,3,446,15.707
deferscale,3,447,15.6285
deferscale,3,448,15.7612
deferscale,3,449,16.2628
deferscale,3,450,16.0511
deferscale,3,451,15.7265
deferscale,3,452,15.7892
deferscale,3,453,15.634
deferscale,3,454,16.0622
deferscale,3,455,16.0181
deferscale,3,456,16.0308
deferscale,3,457,15.8258
deferscale,3,458,16.0807
deferscale,3,459,15.952
deferscale,3,460,15.9821
deferscale,3,461,16.0045
deferscale,3,462,16.557
deferscale,3,463,16.182
deferscale,3,464,16.5065
deferscale,3,465,15.9119
deferscale,3,466,16.1613
deferscale,3,467,16.0045
deferscale,3,468,16.1051
deferscale,3,469,16.356
deferscale,3,470,16.057
deferscale,3,471,16.1612
deferscale,3,472,16.4489
deferscale,3,473,16.8292
deferscale,3,474,17.3986
deferscale,3,475,16.7821
deferscale,3,476,17.1478
deferscale,3,477,17.0536
deferscale,3,478,18.03
deferscale,3,479,17.0384
deferscale,3,480,16.9013
deferscale,3,481,16.8663
deferscale,3,482,17.0131
deferscale,3,483,16.6645
deferscale,3,484,16.5675
deferscale,3,485,17.3187
deferscale,3,486,16.774
deferscale,3,487,16.6481
deferscale,3,488,16.7683
deferscale,3,489,16.7572
deferscale,3,490,16.9456
deferscale,3,491,16.9959
deferscale,3,492,16.6504
deferscale,3,493,16.6535
deferscale,3,494,16.8783
deferscale,3,495,16.727
deferscale,3,496,16.6328
deferscale,3,497,16.9405
deferscale,3,498,16.9346
deferscale,3,499,16.4578
deferscale,3,500,16.6602
deferscale,3,501,17.0514
deferscale,3,502,16.3741
deferscale,3,503,16.7925
deferscale,3,504,16.5528
deferscale,3,505,16.7549
deferscale,3,506,17.2304
deferscale,3,507,16.5714
deferscale,3,508,16.5719
deferscale,3,509,17.0362
deferscale,3,510,16.5423
deferscale,3,511,16.933
deferscale,3,512,16.8685
deferscale,3,513,16.8258
deferscale,3,514,17.0646
deferscale,3,515,16.9584
deferscale,3,516,16.7286
deferscale,3,517,16.614
deferscale,3,518,16.7033
deferscale,3,519,16.2486
deferscale,3,520,16.7304
deferscale,3,521,17.0572
deferscale,3,522,16.6858
deferscale,3,523,17.0661
deferscale,3,524,16.9325
deferscale,3,525,16.6821
deferscale,3,526,16.9624
deferscale,3,527,16.4589
deferscale,3,528,16.788
deferscale,3,529,16.8622
deferscale,3,530,16.4823
deferscale,3,531,16.9062
deferscale,3,532,16.8458
deferscale,3,533,16.9029
deferscale,3,534,16.7206
deferscale,3,535,16.6335
deferscale,3,536,16.6701
deferscale,3,537,16.7473
deferscale,3,538,16.4399
deferscale,3,539,16.7643
deferscale,3,540,16.8367
deferscale,3,541,16.4262
deferscale,3,542,17.2135
deferscale,3,543,17.2668
deferscale,3,544,16.9689
deferscale,3,545,17.1202
deferscale,3,546,17.0823
deferscale,3,547,16.1971
deferscale,3,548,16.1107
deferscale,3,549,16.2785
deferscale,3,550,16.2631
deferscale,3,551,16.2993
deferscale,3,552,16.9404
deferscale,3,553,16.6315
deferscale,3,554,16.7715
deferscale,3,555,16.7967
deferscale,3,556,16.804
deferscale,3,557,17.1923
deferscale,3,558,16.9022
deferscale,3,559,16.6941
deferscale,3,560,16.6674
deferscale,3,561,16.8453
deferscale,3,562,16.4662
deferscale,3,563,16.1299
deferscale,3,564,16.7748
deferscale,3,565,17.0921
deferscale,3,566,17.2368
deferscale,3,567,16.6076
deferscale,3,568,16.8309
deferscale,3,569,16.6809
deferscale,3,570,16.8188
deferscale,3,571,16.6197
deferscale,3,572,17.2399
deferscale,3,573,16.8418
deferscale,3,574,17.2681
deferscale,3,575,16.6941
deferscale,3,576,16.8196
deferscale,3,577,17.0228
deferscale,3,578,16.8733
deferscale,3,579,16.9177
deferscale,3,580,16.9525
deferscale,3,581,16.861
deferscale,3,582,16.7496
deferscale,3,583,16.8117
deferscale,3,584,16.801
deferscale,3,585,16.701
deferscale,3,586,16.6686
deferscale,3,587,16.7095
deferscale,3,588,16.7568
deferscale,3,589,16.7941
deferscale,3,590,16.8907
deferscale,3,591,16.6232
deferscale,3,592,16.7006
deferscale,3,593,16.4509
deferscale,3,594,16.4394
deferscale,3,595,16.7965
deferscale,3,596,16.9553
deferscale,3,597,16.9836
deferscale,3,598,17.6055
deferscale,3,599,16.9164
baseline,3,0,58.1233
baseline,3,1,11.7323
baseline,3,2,11.1912
baseline,3,3,11.0287
baseline,3,4,11.3592
baseline,3,5,11.1273
baseline,3,6,10.9258
baseline,3,7,11.429
baseline,3,8,11.0951
baseline,3,9,11.239
baseline,3,10,11.6264
baseline,3,11,11.4808
baseline,3,12,11.3971
baseline,3,13,11.1846
baseline,3,14,11.0682
baseline,3,15,10.9367
baseline,3,16,11.4437
baseline,3,17,11.4229
baseline,3,18,11.504
baseline,3,19,11.4278
baseline,3,20,11.1166
baseline,3,21,11.4523
baseline,3,22,11.1784
baseline,3,23,11.7335
baseline,3,24,11.3004
baseline,3,25,11.3691
baseline,3,26,11.753
baseline,3,27,11.3167
baseline,3,28,11.4272
baseline,3,29,11.5509
baseline,3,30,11.7227
baseline,3,31,11.6118
baseline,3,32,11.692
baseline,3,33,11.4903
baseline,3,34,11.6338
baseline,3,35,11.7498
baseline,3,36,11.8402
baseline,3,37,11.6475
baseline,3,38,11.6998
baseline,3,39,11.5232
baseline,3,40,11.6554
baseline,3,41,11.3936
baseline,3,42,11.8673
baseline,3,43,11.3814
baseline,3,44,11.6565
baseline,3,45,11.9989
baseline,3,46,11.9327
baseline,3,47,11.698
baseline,3,48,11.8321
baseline,3,49,11.5882
baseline,3,50,11.8955
baseline,3,51,11.6422
baseline,3,52,11.7441
baseline,3,53,11.6374
baseline,3,54,12.139
baseline,3,55,12.2311
baseline,3,56,12.3776
baseline,3,57,11.812
baseline,3,58,11.7571
baseline,3,59,12.0336
baseline,3,60,12.2998
baseline,3,61,12.1173
baseline,3,62,11.5252
baseline,3,63,12.052
baseline,3,64,11.7997
baseline,3,65,12.1434
baseline,3,66,12.0516
baseline,3,67,11.3643
baseline,3,68,11.3781
baseline,3,69,11.5898
baseline,3,70,11.5716
baseline,3,71,11.6329
baseline,3,72,11.6342
baseline,3,73,11.5933
baseline,3,74,11.5262
baseline,3,75,11.9494
baseline,3,76,12.1016
baseline,3,77,11.9154
baseline,3,78,12.0078
baseline,3,79,11.8137
baseline,3,80,12.0488
baseline,3,81,11.8427
baseline,3,82,12.3197
baseline,3,83,12.1536
baseline,3,84,12.1933
baseline,3,85,12.2599
baseline,3,86,12.3678
baseline,3,87,12.2614
baseline,3,88,12.3874
baseline,3,89,12.3142
baseline,3,90,12.046
baseline,3,91,12.1477
baseline,3,92,12.3005
baseline,3,93,12.1844
baseline,3,94,12.2116
baseline,3,95,11.9056
baseline,3,96,11.8956
baseline,3,97,11.9558
baseline,3,98,12.267
baseline,3,99,12.1023
baseline,3,100,12.3947
baseline,3,101,12.4996
baseline,3,102,12.5373
baseline,3,103,12.2848
baseline,3,104,12.3139
baseline,3,105,12.3173
baseline,3,106,12.2945
baseline,3,107,12.1414
baseline,3,108,12.2616
baseline,3,109,12.3215
baseline,3,110,12.5354
baseline,3,111,12.4105
baseline,3,112,12.6689
baseline,3,113,12.9338
baseline,3,114,13.0147
baseline,3,115,12.7523
baseline,3,116,12.6031
baseline,3,117,12.8712
baseline,3,118,12.6562
baseline,3,119,12.664
baseline,3,120,12.5545
baseline,3,121,12.7802
baseline,3,122,12.6839
baseline,3,123,12.2461
baseline,3,124,12.5214
baseline,3,125,12.5059
baseline,3,126,12.6826
baseline,3,127,12.6866
baseline,3,128,12.9802
baseline,3,129,12.7221
baseline,3,130,12.8343
baseline,3,131,12.4188
baseline,3,132,12.6422
baseline,3,133,12.7944
baseline,3,134,12.7945
baseline,3,135,12.8326
baseline,3,136,12.9648
baseline,3,137,12.7945
baseline,3,138,13.3138
baseline,3,139,12.9229
baseline,3,140,12.8091
baseline,3,141,12.6755
baseline,3,142,13.0768
baseline,3,143,12.6856
baseline,3,144,13.0472
baseline,3,145,13.1185
baseline,3,146,13.2784
baseline,3,147,12.948
baseline,3,148,12.8179
baseline,3,149,12.949
baseline,3,150,13.063
baseline,3,151,12.5962
baseline,3,152,12.8747
baseline,3,153,13.1143
baseline,3,154,12.665
baseline,3,155,13.0847
baseline,3,156,13.0391
baseline,3,157,12.9552
baseline,3,158,13.2622
baseline,3,159,13.0012
baseline,3,160,13.3045
baseline,3,161,14.1234
baseline,3,162,13.1385
baseline,3,163,13.1343
baseline,3,164,13.309
baseline,3,165,13.3265
baseline,3,166,13.4027
baseline,3,167,13.2725
baseline,3,168,13.0507
baseline,3,169,12.7232
baseline,3,170,13.2395
baseline,3,171,13.5107
baseline,3,172,13.0282
baseline,3,173,13.3004
baseline,3,174,13.298
baseline,3,175,13.077
baseline,3,176,13.4868
baseline,3,177,13.0902
baseline,3,178,13.0855
baseline,3,179,13.2119
baseline,3,180,13.4156
baseline,3,181,13.0842
baseline,3,182,13.4332
baseline,3,183,13.4608
baseline,3,184,13.3546
baseline,3,185,13.2565
baseline,3,186,13.7054
baseline,3,187,13.5585
baseline,3,188,13.7025
baseline,3,189,13.5661
baseline,3,190,13.3034
baseline,3,191,13.7624
baseline,3,192,13.4422
baseline,3,193,13.7376
baseline,3,194,13.5441
baseline,3,195,13.9141
baseline,3,196,13.3908
baseline,3,197,13.3236
baseline,3,198,13.8037
baseline,3,199,13.3495
baseline,3,200,13.6109
baseline,3,201,13.4901
baseline,3,202,13.5956
baseline,3,203,13.4657
baseline,3,204,13.3072
baseline,3,205,13.7515
baseline,3,206,13.5061
baseline,3,207,13.6072
baseline,3,208,13.5755
baseline,3,209,13.5523
baseline,3,210,13.7782
baseline,3,211,13.4335
baseline,3,212,13.6804
baseline,3,213,13.7823
baseline,3,214,13.4195
baseline,3,215,13.7075
baseline,3,216,14.2532
baseline,3,217,13.8458
baseline,3,218,14.0584
baseline,3,219,13.7513
baseline,3,220,13.5282
baseline,3,221,13.7818
baseline,3,222,14.0136
baseline,3,223,13.858
baseline,3,224,13.6462
baseline,3,225,13.9331
baseline,3,226,14.0135
baseline,3,227,13.9743
baseline,3,228,14.1618
baseline,3,229,13.7927
baseline,3,230,14.0788
baseline,3,231,13.8348
baseline,3,232,13.9648
baseline,3,233,13.652
baseline,3,234,14.1226
baseline,3,235,13.9038
baseline,3,236,13.6091
baseline,3,237,13.8027
baseline,3,238,14.209
baseline,3,239,14.0601
baseline,3,240,13.8187
baseline,3,241,13.8705
baseline,3,242,13.739
baseline,3,243,13.5415
baseline,3,244,14.1443
baseline,3,245,13.9732
baseline,3,246,13.7043
baseline,3,247,13.7648
baseline,3,248,13.5538
baseline,3,249,13.5964
baseline,3,250,13.8221
baseline,3,251,13.6206
baseline,3,252,14.1425
baseline,3,253,14.0362
baseline,3,254,14.0346
baseline,3,255,14.1773
baseline,3,256,14.2308
baseline,3,257,14.4314
baseline,3,258,14.1804
baseline,3,259,14.1712
baseline,3,260,13.9298
baseline,3,261,14.1305
baseline,3,262,14.2675
baseline,3,263,14.2065
baseline,3,264,14.2205
baseline,3,265,14.0678
baseline,3,266,14.0358
baseline,3,267,14.4449
baseline,3,268,14.4896
baseline,3,269,14.3474
baseline,3,270,14.1128
baseline,3,271,14.3204
baseline,3,272,14.441
baseline,3,273,14.3708
baseline,3,274,14.5411
baseline,3,275,14.1565
baseline,3,276,14.38
baseline,3,277,14.6472
baseline,3,278,14.4883
baseline,3,279,14.4942
baseline,3,280,14.6844
baseline,3,281,14.4966
baseline,3,282,14.2205
baseline,3,283,14.5304
baseline,3,284,14.2165
baseline,3,285,14.3898
baseline,3,286,14.118
baseline,3,287,14.2594
baseline,3,288,14.2667
baseline,3,289,14.4616
baseline,3,290,14.6739
baseline,3,291,14.7355
baseline,3,292,14.4447
baseline,3,293,14.2697
baseline,3,294,14.3897
baseline,3,295,14.3823
baseline,3,296,14.5983
baseline,3,297,14.7425
baseline,3,298,14.6562
baseline,3,299,15.0085
baseline,3,300,14.8258
baseline,3,301,14.5114
baseline,3,302,14.5485
baseline,3,303,14.6069
baseline,3,304,14.3932
baseline,3,305,14.841
baseline,3,306,15.7421
baseline,3,307,14.7237
baseline,3,308,14.782
baseline,3,309,15.0157
baseline,3,310,14.9909
baseline,3,311,15.2982
baseline,3,312,14.7736
baseline,3,313,14.6915
baseline,3,314,14.9049
baseline,3,315,14.9536
baseline,3,316,14.8763
baseline,3,317,15.0443
baseline,3,318,15.1417
baseline,3,319,14.803
baseline,3,320,14.98
baseline,3,321,15.0434
baseline,3,322,15.184
baseline,3,323,15.0612
baseline,3,324,14.8907
baseline,3,325,14.891
baseline,3,326,14.9294
baseline,3,327,14.6644
baseline,3,328,15.0654
baseline,3,329,14.5056
baseline,3,330,15.2746
baseline,3,331,15.2393
baseline,3,332,15.1227
baseline,3,333,14.9163
baseline,3,334,14.8031
baseline,3,335,14.9876
baseline,3,336,14.6445
baseline,3,337,14.7368
baseline,3,338,14.6945
baseline,3,339,15.2543
baseline,3,340,14.5985
baseline,3,341,14.3008
baseline,3,342,14.3545
baseline,3,343,14.6773
baseline,3,344,14.5942
baseline,3,345,14.6801
baseline,3,346,14.7269
baseline,3,347,14.8134
baseline,3,348,15.0501
baseline,3,349,14.6258
baseline,3,350,15.2473
baseline,3,351,15.5548
baseline,3,352,14.8528
baseline,3,353,15.5749
baseline,3,354,15.268
baseline,3,355,14.4987
baseline,3,356,15.4864
baseline,3,357,15.196
baseline,3,358,15.4116
baseline,3,359,15.7076
baseline,3,360,15.0592
baseline,3,361,15.4819
baseline,3,362,14.5248
baseline,3,363,15.2315
baseline,3,364,15.588
baseline,3,365,15.2505
baseline,3,366,15.1889
baseline,3,367,15.5443
baseline,3,368,15.3765
baseline,3,369,14.7751
baseline,3,370,15.3955
baseline,3,371,15.8555
baseline,3,372,15.4404
baseline,3,373,15.5633
baseline,3,374,15.1028
baseline,3,375,15.5037
baseline,3,376,15.6736
baseline,3,377,15.8205
baseline,3,378,15.4064
baseline,3,379,15.569
baseline,3,380,15.387
baseline,3,381,15.7136
baseline,3,382,16.0798
baseline,3,383,15.5032
baseline,3,384,15.9813
baseline,3,385,15.3805
baseline,3,386,15.7805
baseline,3,387,15.4833
baseline,3,388,15.4296
baseline,3,389,15.849
baseline,3,390,15.7027
baseline,3,391,15.9942
baseline,3,392,15.7797
baseline,3,393,15.6607
baseline,3,394,15.698
baseline,3,395,15.5874
baseline,3,396,16.061
baseline,3,397,15.5182
baseline,3,398,15.6894
baseline,3,399,15.5742
baseline,3,400,15.6216
baseline,3,401,16.0887
baseline,3,402,15.6309
baseline,3,403,15.7919
baseline,3,404,15.4697
baseline,3,405,15.5431
baseline,3,406,15.8881
baseline,3,407,16.2323
baseline,3,408,16.0617
baseline,3,409,15.9255
baseline,3,410,15.8897
baseline,3,411,15.948
baseline,3,412,15.9132
baseline,3,413,16.0191
baseline,3,414,15.7427
baseline,3,415,15.5115
baseline,3,416,16.0558
baseline,3,417,15.9158
baseline,3,418,15.613
baseline,3,419,16.0822
baseline,3,420,15.9595
baseline,3,421,15.9647
baseline,3,422,16.261
baseline,3,423,16.2589
baseline,3,424,16.0115
baseline,3,425,16.1368
baseline,3,426,15.1386
baseline,3,427,16.0896
baseline,3,428,16.1959
baseline,3,429,16.1024
baseline,3,430,15.8427
baseline,3,431,15.8462
baseline,3,432,16.2146
baseline,3,433,16.1848
baseline,3,434,16.0891
baseline,3,435,15.8299
baseline,3,436,15.828
baseline,3,437,17.3626
baseline,3,438,16.4396
baseline,3,439,16.2168
baseline,3,440,15.8105
baseline,3,441,16.2123
baseline,3,442,15.7905
baseline,3,443,15.8225
baseline,3,444,16.0493
baseline,3,445,16.0866
baseline,3,446,16.0723
baseline,3,447,16.1842
baseline,3,448,16.2001
baseline,3,449,16.2288
baseline,3,450,16.3973
baseline,3,451,16.3549
baseline,3,452,15.9155
baseline,3,453,16.2915
baseline,3,454,16.2182
baseline,3,455,16.281
baseline,3,456,16.7338
baseline,3,457,16.5353
baseline,3,458,16.5352
baseline,3,459,16.4409
baseline,3,460,16.4206
baseline,3,461,16.3672
baseline,3,462,16.1918
baseline,3,463,16.6766
baseline,3,464,16.2439
baseline,3,465,16.7724
baseline,3,466,16.3857
baseline,3,467,16.384
baseline,3,468,16.1601
baseline,3,469,16.4142
baseline,3,470,16.5924
baseline,3,471,16.459
baseline,3,472,17.0573
baseline,3,473,17.3085
baseline,3,474,16.7537
baseline,3,475,17.0694
baseline,3,476,16.8858
baseline,3,477,17.365
baseline,3,478,17.2558
baseline,3,479,17.113
baseline,3,480,17.1778
baseline,3,481,17.0297
baseline,3,482,17.296
baseline,3,483,17.1702
baseline,3,484,17.0682
baseline,3,485,17.349
baseline,3,486,17.2116
baseline,3,487,17.0825
baseline,3,488,17.0173
baseline,3,489,17.2901
baseline,3,490,17.0045
baseline,3,491,17.2332
baseline,3,492,17.3606
baseline,3,493,17.3818
baseline,3,494,17.1522
baseline,3,495,17.2947
baseline,3,496,17.1388
baseline,3,497,17.4124
baseline,3,498,16.6487
baseline,3,499,17.3593
baseline,3,500,17.2095
baseline,3,501,17.507
baseline,3,502,17.0601
baseline,3,503,17.3149
baseline,3,504,16.8162
baseline,3,505,16.9763
baseline,3,506,17.3875
baseline,3,507,17.4956
baseline,3,508,16.8302
baseline,3,509,17.1989
baseline,3,510,17.043
baseline,3,511,17.0856
baseline,3,512,17.0848
baseline,3,513,17.1446
baseline,3,514,16.8188
baseline,3,515,16.8788
baseline,3,516,17.104
baseline,3,517,17.3553
baseline,3,518,17.1008
baseline,3,519,16.8494
baseline,3,520,16.9535
baseline,3,521,16.8782
baseline,3,522,17.0527
baseline,3,523,17.0954
baseline,3,524,16.7814
baseline,3,525,17.584
baseline,3,526,17.3119
baseline,3,527,17.3887
baseline,3,528,17.1912
baseline,3,529,16.9885
baseline,3,530,17.1485
baseline,3,531,17.2693
baseline,3,532,17.147
baseline,3,533,17.0675
baseline,3,534,16.8517
baseline,3,535,16.2999
baseline,3,536,17.1188
baseline,3,537,17.325
baseline,3,538,17.3686
baseline,3,539,17.1772
baseline,3,540,17.275
baseline,3,541,17.0858
baseline,3,542,17.2787
baseline,3,543,17.0711
baseline,3,544,17.092
baseline,3,545,17.054
baseline,3,546,17.3431
baseline,3,547,17.4668
baseline,3,548,17.2505
baseline,3,549,16.9937
baseline,3,550,17.0715
baseline,3,551,16.5388
baseline,3,552,16.3583
baseline,3,553,17.5003
baseline,3,554,16.902
baseline,3,555,17.185
baseline,3,556,17.8819
baseline,3,557,17.8561
baseline,3,558,17.1701
baseline,3,559,17.1405
baseline,3,560,17.103
baseline,3,561,17.0796
baseline,3,562,17.1554
baseline,3,563,17.4392
baseline,3,564,17.2603
baseline,3,565,16.9355
baseline,3,566,17.1655
baseline,3,567,17.2965
baseline,3,568,17.5244
baseline,3,569,16.9045
baseline,3,570,17.0325
baseline,3,571,17.2351
baseline,3,572,17.1139
baseline,3,573,16.8466
baseline,3,574,17.0708
baseline,3,575,16.7605
baseline,3,576,16.9775
baseline,3,577,16.6623
baseline,3,578,17.1621
baseline,3,579,17.4237
baseline,3,580,17.1957
baseline,3,581,17.2406
baseline,3,582,17.0851
baseline,3,583,17.5351
baseline,3,584,17.1721
baseline,3,585,16.8227
baseline,3,586,17.4692
baseline,3,587,17.4912
baseline,3,588,17.3829
baseline,3,589,16.4616
baseline,3,590,17.0128
baseline,3,591,17.1775
baseline,3,592,17.1138
baseline,3,593,17.2036
baseline,3,594,17.361
baseline,3,595,17.1083
baseline,3,596,16.715
baseline,3,597,16.9828
baseline,3,598,16.4736
baseline,3,599,16.8182
baseline,4,0,58.0841
baseline,4,1,11.1173
baseline,4,2,11.2271
baseline,4,3,11.1809
baseline,4,4,10.9725
baseline,4,5,11.6163
baseline,4,6,11.4441
baseline,4,7,11.5397
baseline,4,8,11.4801
baseline,4,9,14.7298
baseline,4,10,14.6398
baseline,4,11,14.6575
baseline,4,12,11.9415
baseline,4,13,12.4628
baseline,4,14,11.1649
baseline,4,15,11.4484
baseline,4,16,11.169
baseline,4,17,11.3121
baseline,4,18,11.1572
baseline,4,19,11.7158
baseline,4,20,11.574
baseline,4,21,11.676
baseline,4,22,11.7828
baseline,4,23,11.4205
baseline,4,24,11.4475
baseline,4,25,11.9445
baseline,4,26,11.542
baseline,4,27,11.5505
baseline,4,28,11.8421
baseline,4,29,11.5803
baseline,4,30,11.53
baseline,4,31,11.6007
baseline,4,32,11.9128
baseline,4,33,11.5933
baseline,4,34,11.6657
baseline,4,35,11.6069
baseline,4,36,11.4812
baseline,4,37,11.9043
baseline,4,38,11.6408
baseline,4,39,11.7113
baseline,4,40,11.4483
baseline,4,41,11.6076
baseline,4,42,11.9955
baseline,4,43,11.9905
baseline,4,44,11.964
baseline,4,45,12.1849
baseline,4,46,11.9908
baseline,4,47,11.8358
baseline,4,48,11.8069
baseline,4,49,11.8162
baseline,4,50,11.2222
baseline,4,51,10.9761
baseline,4,52,11.2972
baseline,4,53,12.1664
baseline,4,54,11.6465
baseline,4,55,12.1422
baseline,4,56,12.5062
baseline,4,57,11.8345
baseline,4,58,12.0295
baseline,4,59,11.9223
baseline,4,60,11.6463
baseline,4,61,12.2445
baseline,4,62,12.1675
baseline,4,63,11.5581
baseline,4,64,11.4557
baseline,4,65,12.1311
baseline,4,66,12.1537
baseline,4,67,11.8748
baseline,4,68,11.8698
baseline,4,69,11.8889
baseline,4,70,12.0518
baseline,4,71,12.0054
baseline,4,72,11.7882
baseline,4,73,12.3248
baseline,4,74,12.4573
baseline,4,75,12.2086
baseline,4,76,11.7417
baseline,4,77,12.1362
baseline,4,78,11.866
baseline,4,79,11.9147
baseline,4,80,10.9962
baseline,4,81,11.9102
baseline,4,82,11.9032
baseline,4,83,12.2646
baseline,4,84,11.759
baseline,4,85,12.0869
baseline,4,86,11.6863
baseline,4,87,11.3977
baseline,4,88,12.1498
baseline,4,89,12.1782
baseline,4,90,12.0028
baseline,4,91,12.1579
baseline,4,92,11.986
baseline,4,93,12.1934
baseline,4,94,12.0708
baseline,4,95,12.2129
baseline,4,96,12.9241
baseline,4,97,12.2944
baseline,4,98,12.4575
baseline,4,99,11.8091
baseline,4,100,12.2748
baseline,4,101,12.5924
baseline,4,102,12.2726
baseline,4,103,12.5181
baseline,4,104,12.098
baseline,4,105,11.7362
baseline,4,106,12.4509
baseline,4,107,12.5346
baseline,4,108,12.2814
baseline,4,109,12.5261
baseline,4,110,12.3918
baseline,4,111,12.5442
baseline,4,112,12.4938
baseline,4,113,12.2695
baseline,4,114,12.9431
baseline,4,115,12.4845
baseline,4,116,12.6423
baseline,4,117,12.3385
baseline,4,118,12.4668
baseline,4,119,12.7912
baseline,4,120,12.4545
baseline,4,121,12.7349
baseline,4,122,12.5068
baseline,4,123,11.5705
baseline,4,124,12.6168
baseline,4,125,12.4302
baseline,4,126,13.0985
baseline,4,127,12.7843
baseline,4,128,12.6635
baseline,4,129,12.8043
baseline,4,130,12.8647
baseline,4,131,12.7606
baseline,4,132,12.8317
baseline,4,133,13.0623
baseline,4,134,12.7669
baseline,4,135,12.6721
baseline,4,136,12.1128
baseline,4,137,11.9425
baseline,4,138,12.225
baseline,4,139,12.6077
baseline,4,140,13.177
baseline,4,141,12.8799
baseline,4,142,12.8242
baseline,4,143,12.936
baseline,4,144,13.2218
baseline,4,145,13.0762
baseline,4,146,12.3183
baseline,4,147,12.8304
baseline,4,148,13.1348
baseline,4,149,12.8659
baseline,4,150,12.8759
baseline,4,151,13.5333
baseline,4,152,13.2633
baseline,4,153,12.8742
baseline,4,154,12.9476
baseline,4,155,13.028
baseline,4,156,12.5976
baseline,4,157,12.8669
baseline,4,158,12.8788
baseline,4,159,13.2019
baseline,4,160,13.3348
baseline,4,161,13.1438
baseline,4,162,12.9619
baseline,4,163,12.9543
baseline,4,164,13.2447
baseline,4,165,13.0085
baseline,4,166,13.3225
baseline,4,167,13.2525
baseline,4,168,13.0119
baseline,4,169,12.9172
baseline,4,170,13.4035
baseline,4,171,13.3658
baseline,4,172,13.4392
baseline,4,173,13.0792
baseline,4,174,13.3262
baseline,4,175,13.5246
baseline,4,176,13.6318
baseline,4,177,13.6509
baseline,4,178,13.2174
baseline,4,179,13.2962
baseline,4,180,13.2818
baseline,4,181,13.5317
baseline,4,182,13.4089
baseline,4,183,13.1533
baseline,4,184,13.8027
baseline,4,185,13.3458
baseline,4,186,13.043
baseline,4,187,13.3153
baseline,4,188,13.0305
baseline,4,189,13.4904
baseline,4,190,13.5828
baseline,4,191,13.5975
baseline,4,192,13.5239
baseline,4,193,13.3163
baseline,4,194,13.351
baseline,4,195,13.317
baseline,4,196,13.1813
baseline,4,197,13.731
baseline,4,198,13.7141
baseline,4,199,13.189
baseline,4,200,13.7279
baseline,4,201,13.575
baseline,4,202,13.6091
baseline,4,203,13.8506
baseline,4,204,13.8077
baseline,4,205,13.7493
baseline,4,206,13.657
baseline,4,207,13.7125
baseline,4,208,13.6365
baseline,4,209,13.4394
baseline,4,210,13.3247
baseline,4,211,13.2343
baseline,4,212,13.6261
baseline,4,213,13.7679
baseline,4,214,12.9274
baseline,4,215,13.2397
baseline,4,216,13.5358
baseline,4,217,13.7574
baseline,4,218,13.9516
baseline,4,219,13.5954
baseline,4,220,13.5192
baseline,4,221,13.57
baseline,4,222,13.8861
baseline,4,223,13.9669
baseline,4,224,13.6665
baseline,4,225,13.7824
baseline,4,226,13.8588
baseline,4,227,13.8407
baseline,4,228,13.8171
baseline,4,229,14.1225
baseline,4,230,13.5361
baseline,4,231,14.0653
baseline,4,232,14.0058
baseline,4,233,13.9902
baseline,4,234,13.7991
baseline,4,235,14.1335
baseline,4,236,13.9248
baseline,4,237,13.6672
baseline,4,238,13.6499
baseline,4,239,13.9198
baseline,4,240,13.8662
baseline,4,241,13.4713
baseline,4,242,13.9592
baseline,4,243,13.6074
baseline,4,244,13.2171
baseline,4,245,13.6211
baseline,4,246,14.0225
baseline,4,247,13.5962
baseline,4,248,14.2097
baseline,4,249,14.3927
baseline,4,250,14.0426
baseline,4,251,13.9439
baseline,4,252,14.2427
baseline,4,253,13.9156
baseline,4,254,13.9659
baseline,4,255,14.7297
baseline,4,256,15.3623
baseline,4,257,14.0815
baseline,4,258,14.2369
baseline,4,259,14.47
baseline,4,260,13.7871
baseline,4,261,14.3129
baseline,4,262,14.7366
baseline,4,263,13.7787
baseline,4,264,14.2478
baseline,4,265,14.305
baseline,4,266,14.765
baseline,4,267,14.3826
baseline,4,268,13.777
baseline,4,269,14.2442
baseline,4,270,14.1523
baseline,4,271,14.5984
baseline,4,272,14.747
baseline,4,273,14.0964
baseline,4,274,14.1481
baseline,4,275,14.4727
baseline,4,276,14.2959
baseline,4,277,14.8623
baseline,4,278,14.4015
baseline,4,279,14.4524
baseline,4,280,14.8174
baseline,4,281,14.3514
baseline,4,282,14.5803
baseline,4,283,14.5727
baseline,4,284,14.6516
baseline,4,285,14.7711
baseline,4,286,14.6321
baseline,4,287,14.4324
baseline,4,288,14.5547
baseline,4,289,14.473
baseline,4,290,14.7097
baseline,4,291,14.3205
baseline,4,292,14.5601
baseline,4,293,14.689
baseline,4,294,14.581
baseline,4,295,14.7158
baseline,4,296,14.371
baseline,4,297,14.5207
baseline,4,298,14.7601
baseline,4,299,14.7784
baseline,4,300,14.6641
baseline,4,301,14.5445
baseline,4,302,14.8077
baseline,4,303,14.8483
baseline,4,304,14.4156
baseline,4,305,15.1656
baseline,4,306,14.7645
baseline,4,307,14.7935
baseline,4,308,14.4625
baseline,4,309,14.5179
baseline,4,310,14.7257
baseline,4,311,14.3202
baseline,4,312,14.0928
baseline,4,313,14.5883
baseline,4,314,14.3869
baseline,4,315,14.0605
baseline,4,316,14.7617
baseline,4,317,14.2412
baseline,4,318,14.599
baseline,4,319,14.251
baseline,4,320,14.6891
baseline,4,321,14.4535
baseline,4,322,14.3875
baseline,4,323,15.3485
baseline,4,324,15.624
baseline,4,325,15.07
baseline,4,326,14.586
baseline,4,327,14.9546
baseline,4,328,14.9466
baseline,4,329,14.7413
baseline,4,330,14.9928
baseline,4,331,14.8366
baseline,4,332,15.0775
baseline,4,333,14.5733
baseline,4,334,15.0119
baseline,4,335,14.8737
baseline,4,336,15.1317
baseline,4,337,15.312
baseline,4,338,15.0483
baseline,4,339,14.8603
baseline,4,340,15.101
baseline,4,341,15.0789
baseline,4,342,15.422
baseline,4,343,15.2728
baseline,4,344,15.1432
baseline,4,345,15.2035
baseline,4,346,15.5409
baseline,4,347,15.2785
baseline,4,348,15.077
baseline,4,349,14.9441
baseline,4,350,15.1848
baseline,4,351,15.1912
baseline,4,352,14.8491
baseline,4,353,15.4252
baseline,4,354,15.4472
baseline,4,355,15.2577
baseline,4,356,15.3496
baseline,4,357,15.1367
baseline,4,358,15.2472
baseline,4,359,14.6599
baseline,4,360,14.5709
baseline,4,361,15.2196
baseline,4,362,15.3006
baseline,4,363,15.0965
baseline,4,364,15.5023
baseline,4,365,15.3411
baseline,4,366,15.5744
baseline,4,367,15.6167
baseline,4,368,15.3627
baseline,4,369,15.3877
baseline,4,370,15.329
baseline,4,371,15.3426
baseline,4,372,15.9995
baseline,4,373,15.819
baseline,4,374,15.5624
baseline,4,375,15.6215
baseline,4,376,15.5763
baseline,4,377,15.4688
baseline,4,378,15.5766
baseline,4,379,15.5726
baseline,4,380,15.4881
baseline,4,381,15.6132
baseline,4,382,15.6403
baseline,4,383,15.3885
baseline,4,384,15.0494
baseline,4,385,15.3661
baseline,4,386,15.669
baseline,4,387,15.8534
baseline,4,388,15.6939
baseline,4,389,15.4857
baseline,4,390,15.4705
baseline,4,391,16.445
baseline,4,392,16.1348
baseline,4,393,15.5418
baseline,4,394,15.689
baseline,4,395,16.0796
baseline,4,396,15.7203
baseline,4,397,16.0693
baseline,4,398,16.0901
baseline,4,399,15.8565
baseline,4,400,15.7266
baseline,4,401,15.6564
baseline,4,402,15.7709
baseline,4,403,15.5286
baseline,4,404,15.8575
baseline,4,405,16.1166
baseline,4,406,15.7225
baseline,4,407,15.6137
baseline,4,408,16.1945
baseline,4,409,15.6559
baseline,4,410,15.9406
baseline,4,411,16.0896
baseline,4,412,15.8781
baseline,4,413,16.1931
baseline,4,414,15.7403
baseline,4,415,15.7808
baseline,4,416,15.7195
baseline,4,417,16.1251
baseline,4,418,15.9641
baseline,4,419,15.8565
baseline,4,420,16.2648
baseline,4,421,16.1294
baseline,4,422,16.041
baseline,4,423,15.7837
baseline,4,424,16.188
baseline,4,425,15.9868
baseline,4,426,16.0127
baseline,4,427,16.0645
baseline,4,428,16.1105
baseline,4,429,15.6886
baseline,4,430,16.2153
baseline,4,431,16.2556
baseline,4,432,15.8537
baseline,4,433,16.3895
baseline,4,434,16.2458
baseline,4,435,15.9773
baseline,4,436,16.3233
baseline,4,437,15.8282
baseline,4,438,16.0568
baseline,4,439,16.1246
baseline,4,440,16.507
baseline,4,441,16.1635
baseline,4,442,16.3449
baseline,4,443,16.5165
baseline,4,444,16.144
baseline,4,445,16.164
baseline,4,446,16.2541
baseline,4,447,16.2792
baseline,4,448,15.6679
baseline,4,449,16.0723
baseline,4,450,16.2198
baseline,4,451,16.7686
baseline,4,452,18.8955
baseline,4,453,16.9932
baseline,4,454,16.3278
baseline,4,455,16.2005
baseline,4,456,16.1568
baseline,4,457,15.8764
baseline,4,458,15.8383
baseline,4,459,15.7333
baseline,4,460,17.2886
baseline,4,461,15.9805
baseline,4,462,16.8893
baseline,4,463,16.363
baseline,4,464,16.9637
baseline,4,465,16.5766
baseline,4,466,16.774
baseline,4,467,26.0096
baseline,4,468,16.3077
baseline,4,469,16.449
baseline,4,470,16.7612
baseline,4,471,16.3418
baseline,4,472,17.599
baseline,4,473,17.3521
baseline,4,474,17.2677
baseline,4,475,17.2435
baseline,4,476,17.031
baseline,4,477,17.1642
baseline,4,478,17.2831
baseline,4,479,16.8684
baseline,4,480,17.2191
baseline,4,481,17.2021
baseline,4,482,17.3583
baseline,4,483,16.9784
baseline,4,484,17.3424
baseline,4,485,17.3752
baseline,4,486,17.3139
baseline,4,487,17.0861
baseline,4,488,17.1435
baseline,4,489,17.0574
baseline,4,490,17.0815
baseline,4,491,16.8675
baseline,4,492,16.7236
baseline,4,493,17.2326
baseline,4,494,16.8419
baseline,4,495,17.1151
baseline,4,496,17.2113
baseline,4,497,17.0478
baseline,4,498,17.5237
baseline,4,499,17.222
baseline,4,500,17.2996
baseline,4,501,17.063
baseline,4,502,17.2722
baseline,4,503,17.2224
baseline,4,504,16.9825
baseline,4,505,17.1174
baseline,4,506,16.9603
baseline,4,507,17.1688
baseline,4,508,17.3492
baseline,4,509,16.9961
baseline,4,510,17.2065
baseline,4,511,16.9719
baseline,4,512,17.0122
baseline,4,513,18.0964
baseline,4,514,17.9857
baseline,4,515,17.759
baseline,4,516,17.427
baseline,4,517,17.0101
baseline,4,518,17.1558
baseline,4,519,17.5059
baseline,4,520,17.4051
baseline,4,521,16.8604
baseline,4,522,17.1917
baseline,4,523,16.9778
baseline,4,524,17.0478
baseline,4,525,17.4288
baseline,4,526,17.1076
baseline,4,527,16.971
baseline,4,528,17.0586
baseline,4,529,17.2072
baseline,4,530,17.1843
baseline,4,531,17.0094
baseline,4,532,16.8192
baseline,4,533,16.898
baseline,4,534,17.0961
baseline,4,535,17.4916
baseline,4,536,17.0348
baseline,4,537,17.5069
baseline,4,538,17.2805
baseline,4,539,17.2405
baseline,4,540,17.2858
baseline,4,541,16.8595
baseline,4,542,17.1208
baseline,4,543,16.7036
baseline,4,544,17.0503
baseline,4,545,16.9314
baseline,4,546,16.961
baseline,4,547,17.474
baseline,4,548,17.3986
baseline,4,549,17.5021
baseline,4,550,17.3955
baseline,4,551,17.1715
baseline,4,552,16.4421
baseline,4,553,16.9688
baseline,4,554,16.9504
baseline,4,555,17.1516
baseline,4,556,17.1025
baseline,4,557,17.2648
baseline,4,558,17.4129
baseline,4,559,17.1112
baseline,4,560,17.3472
baseline,4,561,17.2162
baseline,4,562,16.9263
baseline,4,563,17.0874
baseline,4,564,17.3595
baseline,4,565,16.8731
baseline,4,566,16.9114
baseline,4,567,17.5895
baseline,4,568,16.8903
baseline,4,569,17.2056
baseline,4,570,17.3059
baseline,4,571,16.8042
baseline,4,572,17.3497
baseline,4,573,17.1826
baseline,4,574,17.1265
baseline,4,575,17.3134
baseline,4,576,16.9306
baseline,4,577,17.343
baseline,4,578,17.216
baseline,4,579,17.1034
baseline,4,580,16.9587
baseline,4,581,16.7996
baseline,4,582,17.1496
baseline,4,583,17.1515
baseline,4,584,16.9274
baseline,4,585,17.4454
baseline,4,586,17.3112
baseline,4,587,17.2812
baseline,4,588,17.2015
baseline,4,589,17.1832
baseline,4,590,17.3715
baseline,4,591,17.0914
baseline,4,592,17.2655
baseline,4,593,17.1455
baseline,4,594,17.2714
baseline,4,595,17.2945
baseline,4,596,17.0229
baseline,4,597,17.2674
baseline,4,598,17.015
baseline,4,599,17.4052
deferscale,4,0,58.1322
deferscale,4,1,11.2815
deferscale,4,2,11.1792
deferscale,4,3,10.8362
deferscale,4,4,11.0168
deferscale,4,5,10.8414
deferscale,4,6,11.0139
deferscale,4,7,11.0698
deferscale,4,8,11.5484
deferscale,4,9,11.6003
deferscale,4,10,11.0717
deferscale,4,11,11.1869
deferscale,4,12,11.124
deferscale,4,13,11.2173
deferscale,4,14,10.5324
deferscale,4,15,11.7332
deferscale,4,16,11.3376
deferscale,4,17,11.0092
deferscale,4,18,11.5887
deferscale,4,19,11.5712
deferscale,4,20,10.9285
deferscale,4,21,11.072
deferscale,4,22,10.8074
deferscale,4,23,11.5413
deferscale,4,24,11.5959
deferscale,4,25,11.3338
deferscale,4,26,11.698
deferscale,4,27,11.5148
deferscale,4,28,11.687
deferscale,4,29,11.571
deferscale,4,30,11.5231
deferscale,4,31,11.3072
deferscale,4,32,11.301
deferscale,4,33,11.468
deferscale,4,34,11.8078
deferscale,4,35,11.6412
deferscale,4,36,11.6438
deferscale,4,37,11.8878
deferscale,4,38,11.7127
deferscale,4,39,11.5423
deferscale,4,40,11.8135
deferscale,4,41,11.6107
deferscale,4,42,12.9238
deferscale,4,43,11.7817
deferscale,4,44,11.8999
deferscale,4,45,12.1988
deferscale,4,46,11.6855
deferscale,4,47,11.8861
deferscale,4,48,11.4614
deferscale,4,49,12.2317
deferscale,4,50,11.9591
deferscale,4,51,11.5515
deferscale,4,52,11.9874
deferscale,4,53,11.8107
deferscale,4,54,11.8758
deferscale,4,55,11.69
deferscale,4,56,11.9594
deferscale,4,57,11.6281
deferscale,4,58,11.6515
deferscale,4,59,12.1157
deferscale,4,60,11.9351
deferscale,4,61,11.6475
deferscale,4,62,12.0288
deferscale,4,63,11.9806
deferscale,4,64,12.045
deferscale,4,65,12.0646
deferscale,4,66,11.7423
deferscale,4,67,11.8967
deferscale,4,68,11.3651
deferscale,4,69,11.4728
deferscale,4,70,11.0119
deferscale,4,71,11.5433
deferscale,4,72,12.2722
deferscale,4,73,12.0835
deferscale,4,74,12.1338
deferscale,4,75,12.6736
deferscale,4,76,13.1644
deferscale,4,77,12.8489
deferscale,4,78,13.1965
deferscale,4,79,12.9891
deferscale,4,80,12.8867
deferscale,4,81,11.9855
deferscale,4,82,11.4185
deferscale,4,83,11.9633
deferscale,4,84,11.9649
deferscale,4,85,12.0231
deferscale,4,86,11.79
deferscale,4,87,12.1258
deferscale,4,88,11.8795
deferscale,4,89,11.96
deferscale,4,90,11.9654
deferscale,4,91,11.9415
deferscale,4,92,11.8208
deferscale,4,93,12.2734
deferscale,4,94,11.9627
deferscale,4,95,11.8196
deferscale,4,96,12.1283
deferscale,4,97,12.568
deferscale,4,98,12.3624
deferscale,4,99,12.357
deferscale,4,100,11.3961
deferscale,4,101,12.231
deferscale,4,102,12.146
deferscale,4,103,12.055
deferscale,4,104,12.4743
deferscale,4,105,12.2442
deferscale,4,106,12.2835
deferscale,4,107,12.4928
deferscale,4,108,13.0505
deferscale,4,109,12.9923
deferscale,4,110,12.8266
deferscale,4,111,15.1902
deferscale,4,112,12.0295
deferscale,4,113,12.6339
deferscale,4,114,12.2535
deferscale,4,115,12.4314
deferscale,4,116,12.4535
deferscale,4,117,12.7838
deferscale,4,118,12.3749
deferscale,4,119,12.2762
deferscale,4,120,12.4415
deferscale,4,121,12.542
deferscale,4,122,12.3914
deferscale,4,123,12.2499
deferscale,4,124,12.5836
deferscale,4,125,12.8051
deferscale,4,126,12.8983
deferscale,4,127,12.9316
deferscale,4,128,12.9702
deferscale,4,129,12.4917
deferscale,4,130,13.1644
deferscale,4,131,12.9002
deferscale,4,132,12.7164
deferscale,4,133,12.8407
deferscale,4,134,12.6122
deferscale,4,135,12.6802
deferscale,4,136,12.5
deferscale,4,137,12.5773
deferscale,4,138,12.4577
deferscale,4,139,12.5007
deferscale,4,140,12.9556
deferscale,4,141,12.9063
deferscale,4,142,12.8808
deferscale,4,143,12.5826
deferscale,4,144,12.6843
deferscale,4,145,13.0686
deferscale,4,146,12.6598
deferscale,4,147,13.0256
deferscale,4,148,12.6514
deferscale,4,149,12.7578
deferscale,4,150,13.071
deferscale,4,151,12.3824
deferscale,4,152,12.6337
deferscale,4,153,13.0325
deferscale,4,154,13.1748
deferscale,4,155,13.0896
deferscale,4,156,12.7111
deferscale,4,157,13.127
deferscale,4,158,13.085
deferscale,4,159,12.9106
deferscale,4,160,13.0512
deferscale,4,161,12.9557
deferscale,4,162,13.1891
deferscale,4,163,13.0443
deferscale,4,164,13.0368
deferscale,4,165,12.8602
deferscale,4,166,12.8766
deferscale,4,167,13.0316
deferscale,4,168,12.4127
deferscale,4,169,12.9219
deferscale,4,170,13.2875
deferscale,4,171,13.0194
deferscale,4,172,13.0148
deferscale,4,173,13.0936
deferscale,4,174,12.8752
deferscale,4,175,12.3082
deferscale,4,176,12.676
deferscale,4,177,12.9015
deferscale,4,178,13.0423
deferscale,4,179,12.8329
deferscale,4,180,12.936
deferscale,4,181,13.2607
deferscale,4,182,13.0252
deferscale,4,183,13.2803
deferscale,4,184,13.2038
deferscale,4,185,13.3749
deferscale,4,186,13.2713
deferscale,4,187,13.2111
deferscale,4,188,13.2863
deferscale,4,189,13.3975
deferscale,4,190,13.5772
deferscale,4,191,13.4788
deferscale,4,192,13.2076
deferscale,4,193,13.3039
deferscale,4,194,13.1615
deferscale,4,195,12.7383
deferscale,4,196,12.9164
deferscale,4,197,13.3988
deferscale,4,198,13.5384
deferscale,4,199,13.4157
deferscale,4,200,13.4372
deferscale,4,201,13.4436
deferscale,4,202,13.934
deferscale,4,203,14.5114
deferscale,4,204,13.273
deferscale,4,205,13.3
deferscale,4,206,13.4863
deferscale,4,207,13.5022
deferscale,4,208,13.4684
deferscale,4,209,13.735
deferscale,4,210,13.7059
deferscale,4,211,12.9935
deferscale,4,212,13.2323
deferscale,4,213,13.4906
deferscale,4,214,13.2911
deferscale,4,215,13.4814
deferscale,4,216,13.3802
deferscale,4,217,13.8063
deferscale,4,218,13.342
deferscale,4,219,13.5057
deferscale,4,220,13.7067
deferscale,4,221,13.7516
deferscale,4,222,13.8215
deferscale,4,223,13.5194
deferscale,4,224,13.8262
deferscale,4,225,13.234
deferscale,4,226,13.0678
deferscale,4,227,13.0562
deferscale,4,228,13.1954
deferscale,4,229,13.19
deferscale,4,230,13.6509
deferscale,4,231,13.6677
deferscale,4,232,13.6642
deferscale,4,233,13.7895
deferscale,4,234,13.753
deferscale,4,235,14.0244
deferscale,4,236,13.851
deferscale,4,237,13.4626
deferscale,4,238,14.1899
deferscale,4,239,13.9145
deferscale,4,240,13.879
deferscale,4,241,13.6971
deferscale,4,242,14.2534
deferscale,4,243,13.9075
deferscale,4,244,13.939
deferscale,4,245,13.7205
deferscale,4,246,13.8383
deferscale,4,247,13.9574
deferscale,4,248,13.9597
deferscale,4,249,13.7244
deferscale,4,250,13.7587
deferscale,4,251,14.0235
deferscale,4,252,13.8786
deferscale,4,253,13.9128
deferscale,4,254,13.6941
deferscale,4,255,14.1233
deferscale,4,256,13.7606
deferscale,4,257,14.2562
deferscale,4,258,14.4415
deferscale,4,259,14.3887
deferscale,4,260,13.8095
deferscale,4,261,13.9524
deferscale,4,262,14.2944
deferscale,4,263,14.291
deferscale,4,264,13.8694
deferscale,4,265,13.8321
deferscale,4,266,13.5938
deferscale,4,267,13.6145
deferscale,4,268,13.8869
deferscale,4,269,14.1615
deferscale,4,270,14.4566
deferscale,4,271,14.1536
deferscale,4,272,14.17
deferscale,4,273,14.1267
deferscale,4,274,13.7833
deferscale,4,275,14.0578
deferscale,4,276,13.8734
deferscale,4,277,14.3549
deferscale,4,278,14.021
deferscale,4,279,14.3108
deferscale,4,280,14.4543
deferscale,4,281,14.3923
deferscale,4,282,14.3521
deferscale,4,283,14.1681
deferscale,4,284,14.5017
deferscale,4,285,14.0534
deferscale,4,286,14.4755
deferscale,4,287,14.3727
deferscale,4,288,14.468
deferscale,4,289,14.3098
deferscale,4,290,14.2165
deferscale,4,291,14.3428
deferscale,4,292,14.4954
deferscale,4,293,13.8938
deferscale,4,294,14.677
deferscale,4,295,14.2302
deferscale,4,296,14.231
deferscale,4,297,14.4153
deferscale,4,298,14.0474
deferscale,4,299,14.0008
deferscale,4,300,14.0675
deferscale,4,301,14.446
deferscale,4,302,14.6984
deferscale,4,303,14.4707
deferscale,4,304,14.7996
deferscale,4,305,14.2737
deferscale,4,306,14.3277
deferscale,4,307,14.71
deferscale,4,308,14.4806
deferscale,4,309,14.5037
deferscale,4,310,14.7865
deferscale,4,311,14.5226
deferscale,4,312,14.7235
deferscale,4,313,14.4612
deferscale,4,314,14.5786
deferscale,4,315,14.6591
deferscale,4,316,14.2645
deferscale,4,317,14.8136
deferscale,4,318,14.665
deferscale,4,319,14.7366
deferscale,4,320,14.6364
deferscale,4,321,14.7623
deferscale,4,322,14.7535
deferscale,4,323,14.8874
deferscale,4,324,14.5253
deferscale,4,325,14.3984
deferscale,4,326,14.6408
deferscale,4,327,14.5511
deferscale,4,328,14.8573
deferscale,4,329,14.7355
deferscale,4,330,14.6185
deferscale,4,331,14.6687
deferscale,4,332,14.7709
deferscale,4,333,15.0074
deferscale,4,334,14.7586
deferscale,4,335,14.7685
deferscale,4,336,14.9462
deferscale,4,337,14.6034
deferscale,4,338,14.7218
deferscale,4,339,14.6199
deferscale,4,340,14.891
deferscale,4,341,14.9955
deferscale,4,342,14.8018
deferscale,4,343,14.7907
deferscale,4,344,14.984
deferscale,4,345,15.3225
deferscale,4,346,15.5406
deferscale,4,347,14.5009
deferscale,4,348,14.8826
deferscale,4,349,15.102
deferscale,4,350,15.0664
deferscale,4,351,14.6378
deferscale,4,352,15.1415
deferscale,4,353,15.2333
deferscale,4,354,15.2558
deferscale,4,355,14.8238
deferscale,4,356,14.9325
deferscale,4,357,15.0273
deferscale,4,358,15.352
deferscale,4,359,15.01
deferscale,4,360,14.7699
deferscale,4,361,15.349
deferscale,4,362,15.1737
deferscale,4,363,15.2223
deferscale,4,364,14.9639
deferscale,4,365,14.6922
deferscale,4,366,15.1439
deferscale,4,367,15.1221
deferscale,4,368,14.8164
deferscale,4,369,14.9702
deferscale,4,370,15.2038
deferscale,4,371,15.1761
deferscale,4,372,14.9976
deferscale,4,373,14.8827
deferscale,4,374,15.1194
deferscale,4,375,15.4256
deferscale,4,376,15.1972
deferscale,4,377,14.9295
deferscale,4,378,15.5108
deferscale,4,379,15.2978
deferscale,4,380,15.3658
deferscale,4,381,15.5924
deferscale,4,382,15.3421
deferscale,4,383,15.2638
deferscale,4,384,15.4224
deferscale,4,385,15.523
deferscale,4,386,15.2793
deferscale,4,387,15.3228
deferscale,4,388,15.2252
deferscale,4,389,15.4569
deferscale,4,390,15.3277
deferscale,4,391,14.9797
deferscale,4,392,15.4243
deferscale,4,393,15.1355
deferscale,4,394,15.4747
deferscale,4,395,15.3905
deferscale,4,396,15.5909
deferscale,4,397,15.5222
deferscale,4,398,15.4303
deferscale,4,399,15.2914
deferscale,4,400,15.1164
deferscale,4,401,15.9534
deferscale,4,402,15.3936
deferscale,4,403,15.3168
deferscale,4,404,15.5441
deferscale,4,405,15.5618
deferscale,4,406,15.5306
deferscale,4,407,15.7923
deferscale,4,408,15.5595
deferscale,4,409,15.5115
deferscale,4,410,15.6574
deferscale,4,411,15.4488
deferscale,4,412,15.7607
deferscale,4,413,16.2319
deferscale,4,414,15.5977
deferscale,4,415,15.923
deferscale,4,416,15.5215
deferscale,4,417,15.4578
deferscale,4,418,15.664
deferscale,4,419,15.7692
deferscale,4,420,15.8948
deferscale,4,421,15.4843
deferscale,4,422,15.8624
deferscale,4,423,15.6819
deferscale,4,424,15.3977
deferscale,4,425,15.5272
deferscale,4,426,15.6453
deferscale,4,427,15.8245
deferscale,4,428,15.9367
deferscale,4,429,16.1897
deferscale,4,430,15.794
deferscale,4,431,15.9015
deferscale,4,432,15.6553
deferscale,4,433,15.8547
deferscale,4,434,15.9156
deferscale,4,435,15.7087
deferscale,4,436,16.0267
deferscale,4,437,16.0558
deferscale,4,438,15.5757
deferscale,4,439,15.9945
deferscale,4,440,16.01
deferscale,4,441,15.8508
deferscale,4,442,16.0123
deferscale,4,443,16.1744
deferscale,4,444,15.8687
deferscale,4,445,15.9382
deferscale,4,446,16.0781
deferscale,4,447,15.8923
deferscale,4,448,16.063
deferscale,4,449,15.8866
deferscale,4,450,16.1133
deferscale,4,451,15.9128
deferscale,4,452,15.9209
deferscale,4,453,15.9617
deferscale,4,454,16.0517
deferscale,4,455,15.9765
deferscale,4,456,16.1369
deferscale,4,457,16.2204
deferscale,4,458,16.3225
deferscale,4,459,15.9319
deferscale,4,460,16.1294
deferscale,4,461,16.061
deferscale,4,462,16.4187
deferscale,4,463,15.799
deferscale,4,464,15.6249
deferscale,4,465,16.2466
deferscale,4,466,16.3534
deferscale,4,467,16.108
deferscale,4,468,16.1752
deferscale,4,469,16.1286
deferscale,4,470,16.0546
deferscale,4,471,16.2859
deferscale,4,472,16.7578
deferscale,4,473,16.6578
deferscale,4,474,16.8148
deferscale,4,475,18.0985
deferscale,4,476,16.9521
deferscale,4,477,16.9545
deferscale,4,478,17.2592
deferscale,4,479,17.1303
deferscale,4,480,16.5789
deferscale,4,481,17.1693
deferscale,4,482,17.1666
deferscale,4,483,16.8005
deferscale,4,484,16.4995
deferscale,4,485,16.9231
deferscale,4,486,17.1879
deferscale,4,487,16.6841
deferscale,4,488,17.0013
deferscale,4,489,16.8283
deferscale,4,490,16.6511
deferscale,4,491,16.7635
deferscale,4,492,16.7837
deferscale,4,493,16.7291
deferscale,4,494,17.0135
deferscale,4,495,16.9402
deferscale,4,496,16.8385
deferscale,4,497,16.666
deferscale,4,498,16.6658
deferscale,4,499,16.6235
deferscale,4,500,17.0743
deferscale,4,501,17.3281
deferscale,4,502,17.172
deferscale,4,503,16.6709
deferscale,4,504,16.6252
deferscale,4,505,16.752
deferscale,4,506,17.1182
deferscale,4,507,16.8711
deferscale,4,508,16.8994
deferscale,4,509,16.6741
deferscale,4,510,16.9213
deferscale,4,511,16.8061
deferscale,4,512,16.7885
deferscale,4,513,16.6592
deferscale,4,514,16.6731
deferscale,4,515,16.7688
deferscale,4,516,16.7998
deferscale,4,517,17.1657
deferscale,4,518,17.4251
deferscale,4,519,16.64
deferscale,4,520,16.6137
deferscale,4,521,16.3535
deferscale,4,522,16.5886
deferscale,4,523,16.6425
deferscale,4,524,17.3329
deferscale,4,525,16.7297
deferscale,4,526,16.7122
deferscale,4,527,16.2088
deferscale,4,528,16.6735
deferscale,4,529,16.5771
deferscale,4,530,16.678
deferscale,4,531,16.5557
deferscale,4,532,16.8789
deferscale,4,533,17.0777
deferscale,4,534,16.941
deferscale,4,535,16.7778
deferscale,4,536,16.9555
deferscale,4,537,16.6787
deferscale,4,538,16.6618
deferscale,4,539,16.7828
deferscale,4,540,16.8154
deferscale,4,541,17.0688
deferscale,4,542,17.0763
deferscale,4,543,16.8025
deferscale,4,544,16.9082
deferscale,4,545,17.1251
deferscale,4,546,17.0143
deferscale,4,547,16.7948
deferscale,4,548,16.8742
deferscale,4,549,16.9159
deferscale,4,550,17.0115
deferscale,4,551,16.3253
deferscale,4,552,16.8575
deferscale,4,553,16.7095
deferscale,4,554,16.6249
deferscale,4,555,16.676
deferscale,4,556,16.5873
deferscale,4,557,16.7416
deferscale,4,558,17.0458
deferscale,4,559,17.8104
deferscale,4,560,17.5162
deferscale,4,561,16.6584
deferscale,4,562,16.7788
deferscale,4,563,16.8005
deferscale,4,564,17.0213
deferscale,4,565,16.4269
deferscale,4,566,16.8262
deferscale,4,567,16.8212
deferscale,4,568,16.9745
deferscale,4,569,16.3172
deferscale,4,570,16.5415
deferscale,4,571,16.3925
deferscale,4,572,16.7087
deferscale,4,573,17.0785
deferscale,4,574,16.9349
deferscale,4,575,17.2622
deferscale,4,576,16.7695
deferscale,4,577,17.1326
deferscale,4,578,16.8977
deferscale,4,579,16.8054
deferscale,4,580,16.4638
deferscale,4,581,17.0019
deferscale,4,582,16.8301
deferscale,4,583,16.7745
deferscale,4,584,16.6452
deferscale,4,585,16.4115
deferscale,4,586,16.906
deferscale,4,587,16.819
deferscale,4,588,16.7443
deferscale,4,589,16.8115
deferscale,4,590,17.1545
deferscale,4,591,17.0847
deferscale,4,592,17.1191
deferscale,4,593,16.9635
deferscale,4,594,17.3186
deferscale,4,595,17.3886
deferscale,4,596,16.6235
deferscale,4,597,16.9548
deferscale,4,598,16.3498
deferscale,4,599,16.8157
deferscale,5,0,58.8225
deferscale,5,1,11.314
deferscale,5,2,11.3664
deferscale,5,3,10.5277
deferscale,5,4,10.9442
deferscale,5,5,11.1642
deferscale,5,6,11.3805
deferscale,5,7,11.3632
deferscale,5,8,11.4888
deferscale,5,9,11.1132
deferscale,5,10,11.2676
deferscale,5,11,11.5384
deferscale,5,12,11.5326
deferscale,5,13,11.9089
deferscale,5,14,10.9372
deferscale,5,15,11.3403
deferscale,5,16,11.1928
deferscale,5,17,11.7235
deferscale,5,18,11.3515
deferscale,5,19,11.34
deferscale,5,20,11.4714
deferscale,5,21,11.3665
deferscale,5,22,11.3383
deferscale,5,23,11.2757
deferscale,5,24,11.3163
deferscale,5,25,11.4213
deferscale,5,26,11.515
deferscale,5,27,11.4424
deferscale,5,28,11.531
deferscale,5,29,11.3192
deferscale,5,30,11.5426
deferscale,5,31,11.7067
deferscale,5,32,11.8049
deferscale,5,33,11.4032
deferscale,5,34,16.3362
deferscale,5,35,16.0821
deferscale,5,36,14.3217
deferscale,5,37,13.7265
deferscale,5,38,11.3159
deferscale,5,39,11.97
deferscale,5,40,11.9896
deferscale,5,41,11.4926
deferscale,5,42,11.4394
deferscale,5,43,11.996
deferscale,5,44,11.9028
deferscale,5,45,11.9126
deferscale,5,46,11.8109
deferscale,5,47,11.5704
deferscale,5,48,11.6629
deferscale,5,49,11.7828
deferscale,5,50,11.5422
deferscale,5,51,11.7925
deferscale,5,52,11.8155
deferscale,5,53,11.6019
deferscale,5,54,11.7586
deferscale,5,55,11.6248
deferscale,5,56,11.782
deferscale,5,57,11.5675
deferscale,5,58,11.9475
deferscale,5,59,11.7709
deferscale,5,60,11.7657
deferscale,5,61,12.5061
deferscale,5,62,12.4089
deferscale,5,63,12.0943
deferscale,5,64,12.172
deferscale,5,65,11.775
deferscale,5,66,11.9491
deferscale,5,67,12.0982
deferscale,5,68,12.2299
deferscale,5,69,12.2757
deferscale,5,70,12.318
deferscale,5,71,12.1442
deferscale,5,72,12.041
deferscale,5,73,11.9817
deferscale,5,74,12.1446
deferscale,5,75,12.1676
deferscale,5,76,11.953
deferscale,5,77,12.5227
deferscale,5,78,12.4575
deferscale,5,79,12.0274
deferscale,5,80,12.3722
deferscale,5,81,11.9577
deferscale,5,82,12.0992
deferscale,5,83,11.8184
deferscale,5,84,12.1905
deferscale,5,85,12.1817
deferscale,5,86,12.1566
deferscale,5,87,12.0412
deferscale,5,88,12.278
deferscale,5,89,12.207
deferscale,5,90,12.3851
deferscale,5,91,11.9296
deferscale,5,92,12.2665
deferscale,5,93,12.4385
deferscale,5,94,12.1859
deferscale,5,95,12.2231
deferscale,5,96,12.1759
deferscale,5,97,11.8992
deferscale,5,98,11.7033
deferscale,5,99,12.1612
deferscale,5,100,12.4815
deferscale,5,101,12.581
deferscale,5,102,12.232
deferscale,5,103,12.6476
deferscale,5,104,12.2616
deferscale,5,105,12.213
deferscale,5,106,12.309
deferscale,5,107,12.0697
deferscale,5,108,12.3888
deferscale,5,109,12.5467
deferscale,5,110,12.4096
deferscale,5,111,12.5
deferscale,5,112,12.0289
deferscale,5,113,12.3179
deferscale,5,114,12.4245
deferscale,5,115,12.6419
deferscale,5,116,11.9637
deferscale,5,117,12.5215
deferscale,5,118,12.6071
deferscale,5,119,12.4987
deferscale,5,120,12.5468
deferscale,5,121,12.4969
deferscale,5,122,12.9126
deferscale,5,123,12.6031
deferscale,5,124,12.658
deferscale,5,125,12.5685
deferscale,5,126,12.8725
deferscale,5,127,12.7473
deferscale,5,128,12.559
deferscale,5,129,12.2695
deferscale,5,130,12.3201
deferscale,5,131,12.5557
deferscale,5,132,12.7531
deferscale,5,133,12.7019
deferscale,5,134,12.212
deferscale,5,135,12.7091
deferscale,5,136,12.5882
deferscale,5,137,12.8302
deferscale,5,138,12.5571
deferscale,5,139,12.8161
deferscale,5,140,12.7408
deferscale,5,141,12.4891
deferscale,5,142,12.9283
deferscale,5,143,12.619
deferscale,5,144,12.7295
deferscale,5,145,12.9159
deferscale,5,146,12.5844
deferscale,5,147,13.1564
deferscale,5,148,13.009
deferscale,5,149,13.0066
deferscale,5,150,12.7956
deferscale,5,151,12.9284
deferscale,5,152,12.9954
deferscale,5,153,13.0966
deferscale,5,154,13.1169
deferscale,5,155,13.96
deferscale,5,156,13.3022
deferscale,5,157,12.8733
deferscale,5,158,12.8271
deferscale,5,159,13.3747
deferscale,5,160,12.995
deferscale,5,161,13.149
deferscale,5,162,12.9034
deferscale,5,163,13.0087
deferscale,5,164,13.1707
deferscale,5,165,13.1084
deferscale,5,166,13.0833
deferscale,5,167,13.0181
deferscale,5,168,13.4437
deferscale,5,169,12.6728
deferscale,5,170,13.0446
deferscale,5,171,13.0819
deferscale,5,172,12.8763
deferscale,5,173,13.0914
deferscale,5,174,12.9309
deferscale,5,175,13.1601
deferscale,5,176,12.7508
deferscale,5,177,13.2473
deferscale,5,178,12.7703
deferscale,5,179,12.8012
deferscale,5,180,13.015
deferscale,5,181,13.2121
deferscale,5,182,13.075
deferscale,5,183,13.1017
deferscale,5,184,13.3072
deferscale,5,185,13.1822
deferscale,5,186,13.0213
deferscale,5,187,13.0348
deferscale,5,188,13.2722
deferscale,5,189,13.2189
deferscale,5,190,12.966
deferscale,5,191,13.218
deferscale,5,192,13.0209
deferscale,5,193,13.173
deferscale,5,194,13.4731
deferscale,5,195,13.2549
deferscale,5,196,13.377
deferscale,5,197,13.4688
deferscale,5,198,13.1461
deferscale,5,199,13.25
deferscale,5,200,13.2938
deferscale,5,201,13.7248
deferscale,5,202,13.3507
deferscale,5,203,13.2907
deferscale,5,204,12.9536
deferscale,5,205,13.4271
deferscale,5,206,13.4693
deferscale,5,207,13.2877
deferscale,5,208,13.5034
deferscale,5,209,13.8447
deferscale,5,210,13.4441
deferscale,5,211,13.6227
deferscale,5,212,13.9037
deferscale,5,213,13.4713
deferscale,5,214,13.8527
deferscale,5,215,13.7985
deferscale,5,216,13.6403
deferscale,5,217,13.2437
deferscale,5,218,13.4231
deferscale,5,219,13.4863
deferscale,5,220,12.8775
deferscale,5,221,13.97
deferscale,5,222,13.392
deferscale,5,223,13.6829
deferscale,5,224,13.6689
deferscale,5,225,13.8363
deferscale,5,226,13.7832
deferscale,5,227,13.8943
deferscale,5,228,14.0761
deferscale,5,229,14.0959
deferscale,5,230,13.8143
deferscale,5,231,13.7625
deferscale,5,232,14.0515
deferscale,5,233,13.6941
deferscale,5,234,13.9379
deferscale,5,235,13.7284
deferscale,5,236,13.771
deferscale,5,237,14.0922
deferscale,5,238,14.0506
deferscale,5,239,13.7497
deferscale,5,240,13.6471
deferscale,5,241,13.9676
deferscale,5,242,13.6957
deferscale,5,243,13.8828
deferscale,5,244,13.8934
deferscale,5,245,13.7635
deferscale,5,246,14.2414
deferscale,5,247,13.9495
deferscale,5,248,13.7156
deferscale,5,249,14.4373
deferscale,5,250,13.87
deferscale,5,251,13.9129
deferscale,5,252,14.0932
deferscale,5,253,13.8596
deferscale,5,254,13.6872
deferscale,5,255,13.6948
deferscale,5,256,14.1465
deferscale,5,257,14.0497
deferscale,5,258,13.9029
deferscale,5,259,13.7968
deferscale,5,260,14.1368
deferscale,5,261,13.9592
deferscale,5,262,14.0574
deferscale,5,263,14.1086
deferscale,5,264,13.8388
deferscale,5,265,14.1962
deferscale,5,266,14.034
deferscale,5,267,14.2974
deferscale,5,268,14.071
deferscale,5,269,14.0558
deferscale,5,270,13.9464
deferscale,5,271,13.9423
deferscale,5,272,14.3648
deferscale,5,273,14.1575
deferscale,5,274,14.1625
deferscale,5,275,14.0921
deferscale,5,276,14.3432
deferscale,5,277,14.3505
deferscale,5,278,13.9132
deferscale,5,279,14.2583
deferscale,5,280,14.1687
deferscale,5,281,14.5954
deferscale,5,282,14.3842
deferscale,5,283,14.3425
deferscale,5,284,14.1236
deferscale,5,285,13.9675
deferscale,5,286,14.2768
deferscale,5,287,14.5967
deferscale,5,288,14.0594
deferscale,5,289,14.4164
deferscale,5,290,14.5083
deferscale,5,291,14.6905
deferscale,5,292,14.1148
deferscale,5,293,14.6103
deferscale,5,294,14.6254
deferscale,5,295,14.458
deferscale,5,296,14.2466
deferscale,5,297,14.0857
deferscale,5,298,14.1983
deferscale,5,299,14.3352
deferscale,5,300,14.4811
deferscale,5,301,14.711
deferscale,5,302,15.0771
deferscale,5,303,15.2127
deferscale,5,304,14.5137
deferscale,5,305,14.7455
deferscale,5,306,14.6418
deferscale,5,307,14.4583
deferscale,5,308,14.6373
deferscale,5,309,14.4685
deferscale,5,310,14.3417
deferscale,5,311,14.2473
deferscale,5,312,14.7821
deferscale,5,313,14.5218
deferscale,5,314,14.5783
deferscale,5,315,14.2976
deferscale,5,316,14.5823
deferscale,5,317,14.6436
deferscale,5,318,14.8569
deferscale,5,319,14.6502
deferscale,5,320,14.2942
deferscale,5,321,14.7739
deferscale,5,322,14.784
deferscale,5,323,14.8102
deferscale,5,324,14.8278
deferscale,5,325,14.5013
deferscale,5,326,14.7073
deferscale,5,327,13.6931
deferscale,5,328,14.0597
deferscale,5,329,14.6875
deferscale,5,330,14.649
deferscale,5,331,14.6673
deferscale,5,332,14.5303
deferscale,5,333,14.4577
deferscale,5,334,14.6074
deferscale,5,335,14.925
deferscale,5,336,14.9995
deferscale,5,337,14.7651
deferscale,5,338,14.6797
deferscale,5,339,14.7748
deferscale,5,340,14.7588
deferscale,5,341,14.4789
deferscale,5,342,14.3675
deferscale,5,343,14.3997
deferscale,5,344,14.4375
deferscale,5,345,14.7352
deferscale,5,346,14.711
deferscale,5,347,14.398
deferscale,5,348,14.5399
deferscale,5,349,14.7972
deferscale,5,350,14.8964
deferscale,5,351,14.7275
deferscale,5,352,14.6088
deferscale,5,353,14.7438
deferscale,5,354,14.2062
deferscale,5,355,14.9288
deferscale,5,356,14.8723
deferscale,5,357,14.8945
deferscale,5,358,14.9028
deferscale,5,359,15.0175
deferscale,5,360,15.0934
deferscale,5,361,14.6577
deferscale,5,362,14.398
deferscale,5,363,14.9965
deferscale,5,364,14.6067
deferscale,5,365,15.0241
deferscale,5,366,14.9864
deferscale,5,367,15.4064
deferscale,5,368,14.8246
deferscale,5,369,15.16
deferscale,5,370,15.0381
deferscale,5,371,14.7856
deferscale,5,372,14.8588
deferscale,5,373,14.9355
deferscale,5,374,15.3654
deferscale,5,375,15.2803
deferscale,5,376,15.6235
deferscale,5,377,15.4963
deferscale,5,378,15.3217
deferscale,5,379,15.5754
deferscale,5,380,14.9197
deferscale,5,381,15.4992
deferscale,5,382,15.6272
deferscale,5,383,15.2108
deferscale,5,384,15.1827
deferscale,5,385,15.1584
deferscale,5,386,15.2364
deferscale,5,387,15.1072
deferscale,5,388,15.1231
deferscale,5,389,15.3867
deferscale,5,390,15.462
deferscale,5,391,15.4728
deferscale,5,392,15.4526
deferscale,5,393,15.4069
deferscale,5,394,15.7972
deferscale,5,395,15.5655
deferscale,5,396,15.5985
deferscale,5,397,15.5815
deferscale,5,398,15.4449
deferscale,5,399,15.209
deferscale,5,400,15.785
deferscale,5,401,15.3874
deferscale,5,402,15.7012
deferscale,5,403,15.5225
deferscale,5,404,15.5988
deferscale,5,405,15.2637
deferscale,5,406,15.5345
deferscale,5,407,15.6992
deferscale,5,408,15.4742
deferscale,5,409,15.9315
deferscale,5,410,15.9388
deferscale,5,411,15.5936
deferscale,5,412,15.6802
deferscale,5,413,15.7978
deferscale,5,414,15.6517
deferscale,5,415,15.4556
deferscale,5,416,15.5498
deferscale,5,417,15.6974
deferscale,5,418,15.6065
deferscale,5,419,15.4525
deferscale,5,420,15.7989
deferscale,5,421,15.5825
deferscale,5,422,15.628
deferscale,5,423,15.9049
deferscale,5,424,16.1033
deferscale,5,425,15.6207
deferscale,5,426,15.8775
deferscale,5,427,15.8411
deferscale,5,428,15.9582
deferscale,5,429,15.8988
deferscale,5,430,15.8498
deferscale,5,431,16.1046
deferscale,5,432,15.9514
deferscale,5,433,15.8984
deferscale,5,434,15.8112
deferscale,5,435,15.886
deferscale,5,436,17.0798
deferscale,5,437,15.6697
deferscale,5,438,15.9252
deferscale,5,439,15.9696
deferscale,5,440,15.9224
deferscale,5,441,16.2267
deferscale,5,442,15.7733
deferscale,5,443,15.5992
deferscale,5,444,16.2153
deferscale,5,445,15.6874
deferscale,5,446,15.7528
deferscale,5,447,16.0953
deferscale,5,448,16.0347
deferscale,5,449,15.8355
deferscale,5,450,15.7567
deferscale,5,451,16.0787
deferscale,5,452,16.0246
deferscale,5,453,16.2945
deferscale,5,454,16.3659
deferscale,5,455,16.3618
deferscale,5,456,15.9864
deferscale,5,457,16.1676
deferscale,5,458,16.0823
deferscale,5,459,16.0327
deferscale,5,460,15.7346
deferscale,5,461,16.0243
deferscale,5,462,15.9886
deferscale,5,463,15.748
deferscale,5,464,16.2659
deferscale,5,465,16.023
deferscale,5,466,15.414
deferscale,5,467,15.7805
deferscale,5,468,16.2019
deferscale,5,469,16.3032
deferscale,5,470,16.3995
deferscale,5,471,16.0649
deferscale,5,472,16.654
deferscale,5,473,16.4674
deferscale,5,474,16.5546
deferscale,5,475,16.1919
deferscale,5,476,16.8008
deferscale,5,477,16.8924
deferscale,5,478,16.993
deferscale,5,479,17.012
deferscale,5,480,17.0689
deferscale,5,481,17.0761
deferscale,5,482,16.7296
deferscale,5,483,16.5902
deferscale,5,484,17.1398
deferscale,5,485,16.8884
deferscale,5,486,17.1457
deferscale,5,487,16.6531
deferscale,5,488,16.3889
deferscale,5,489,16.9124
deferscale,5,490,17.031
deferscale,5,491,16.8439
deferscale,5,492,16.9755
deferscale,5,493,16.9108
deferscale,5,494,16.7566
deferscale,5,495,16.608
deferscale,5,496,16.5404
deferscale,5,497,16.6385
deferscale,5,498,16.735
deferscale,5,499,16.715
deferscale,5,500,17.0874
deferscale,5,501,16.872
deferscale,5,502,17.0562
deferscale,5,503,16.7732
deferscale,5,504,16.8278
deferscale,5,505,16.7476
deferscale,5,506,16.9885
deferscale,5,507,16.8768
deferscale,5,508,16.9167
deferscale,5,509,16.947
deferscale,5,510,16.899
deferscale,5,511,16.6407
deferscale,5,512,16.5148
deferscale,5,513,16.9295
deferscale,5,514,17.1686
deferscale,5,515,16.7208
deferscale,5,516,17.1747
deferscale,5,517,16.7119
deferscale,5,518,16.6557
deferscale,5,519,16.9465
deferscale,5,520,16.9565
deferscale,5,521,16.8585
deferscale,5,522,16.8204
deferscale,5,523,16.3517
deferscale,5,524,16.4387
deferscale,5,525,16.4667
deferscale,5,526,16.8998
deferscale,5,527,16.7108
deferscale,5,528,16.7556
deferscale,5,529,17.268
deferscale,5,530,17.1375
deferscale,5,531,16.7887
deferscale,5,532,16.5797
deferscale,5,533,17.1062
deferscale,5,534,16.8113
deferscale,5,535,16.8174
deferscale,5,536,16.483
deferscale,5,537,17.2219
deferscale,5,538,16.7869
deferscale,5,539,16.7631
deferscale,5,540,16.7453
deferscale,5,541,16.5261
deferscale,5,542,16.3972
deferscale,5,543,16.8718
deferscale,5,544,16.6465
deferscale,5,545,17.1529
deferscale,5,546,17.4379
deferscale,5,547,16.8117
deferscale,5,548,16.627
deferscale,5,549,17.1042
deferscale,5,550,17.3986
deferscale,5,551,16.7418
deferscale,5,552,16.6923
deferscale,5,553,17.1378
deferscale,5,554,17.322
deferscale,5,555,16.6267
deferscale,5,556,16.2683
deferscale,5,557,16.9763
deferscale,5,558,17.5135
deferscale,5,559,17.0878
deferscale,5,560,17.0658
deferscale,5,561,16.7167
deferscale,5,562,16.8444
deferscale,5,563,16.7718
deferscale,5,564,16.805
deferscale,5,565,17.0629
deferscale,5,566,17.2426
deferscale,5,567,16.8373
deferscale,5,568,16.8704
deferscale,5,569,16.8415
deferscale,5,570,16.8754
deferscale,5,571,16.8623
deferscale,5,572,16.8102
deferscale,5,573,16.3719
deferscale,5,574,16.8444
deferscale,5,575,16.8837
deferscale,5,576,16.6495
deferscale,5,577,16.9945
deferscale,5,578,16.592
deferscale,5,579,16.827
deferscale,5,580,16.7678
deferscale,5,581,17.0383
deferscale,5,582,16.9141
deferscale,5,583,16.4637
deferscale,5,584,16.8454
deferscale,5,585,16.8431
deferscale,5,586,16.4409
deferscale,5,587,16.8172
deferscale,5,588,17.0224
deferscale,5,589,16.7828
deferscale,5,590,16.7793
deferscale,5,591,16.2192
deferscale,5,592,16.1275
deferscale,5,593,16.5025
deferscale,5,594,17.0014
deferscale,5,595,16.9625
deferscale,5,596,16.8081
deferscale,5,597,16.8833
deferscale,5,598,16.5127
deferscale,5,599,17.0015
baseline,5,0,58.332
baseline,5,1,10.8239
baseline,5,2,10.6881
baseline,5,3,10.6702
baseline,5,4,10.7078
baseline,5,5,10.5703
baseline,5,6,10.5735
baseline,5,7,10.742
baseline,5,8,11.1424
baseline,5,9,10.8016
baseline,5,10,10.6483
baseline,5,11,10.4902
baseline,5,12,10.9181
baseline,5,13,10.9347
baseline,5,14,11.2345
baseline,5,15,10.7733
baseline,5,16,10.9287
baseline,5,17,10.6593
baseline,5,18,11.0605
baseline,5,19,10.8355
baseline,5,20,11.1158
baseline,5,21,11.287
baseline,5,22,11.022
baseline,5,23,10.9111
baseline,5,24,11.3658
baseline,5,25,11.7063
baseline,5,26,11.9246
baseline,5,27,12.0531
baseline,5,28,11.5602
baseline,5,29,11.0013
baseline,5,30,11.0339
baseline,5,31,11.4182
baseline,5,32,10.964
baseline,5,33,11.4887
baseline,5,34,11.8069
baseline,5,35,11.9479
baseline,5,36,11.627
baseline,5,37,11.8624
baseline,5,38,11.6349
baseline,5,39,11.6368
baseline,5,40,11.6892
baseline,5,41,11.9696
baseline,5,42,11.8832
baseline,5,43,11.7934
baseline,5,44,11.7247
baseline,5,45,11.8087
baseline,5,46,12.7406
baseline,5,47,11.8132
baseline,5,48,12.1983
baseline,5,49,11.6796
baseline,5,50,11.4767
baseline,5,51,12.0247
baseline,5,52,11.7639
baseline,5,53,11.5599
baseline,5,54,11.5673
baseline,5,55,12.0342
baseline,5,56,11.58
baseline,5,57,11.1096
baseline,5,58,11.6159
baseline,5,59,11.2239
baseline,5,60,11.4118
baseline,5,61,11.3644
baseline,5,62,11.4816
baseline,5,63,11.5604
baseline,5,64,11.5879
baseline,5,65,11.2507
baseline,5,66,11.6958
baseline,5,67,11.2939
baseline,5,68,11.4509
baseline,5,69,11.6666
baseline,5,70,12.0692
baseline,5,71,12.3442
baseline,5,72,12.0317
baseline,5,73,12.3973
baseline,5,74,12.6133
baseline,5,75,12.3235
baseline,5,76,12.5742
baseline,5,77,12.0746
baseline,5,78,11.9145
baseline,5,79,11.9457
baseline,5,80,12.0491
baseline,5,81,11.879
baseline,5,82,11.885
baseline,5,83,12.2038
baseline,5,84,12.2877
baseline,5,85,11.8752
baseline,5,86,12.0109
baseline,5,87,12.1828
baseline,5,88,12.4753
baseline,5,89,12.4862
baseline,5,90,11.7154
baseline,5,91,12.694
baseline,5,92,12.7637
baseline,5,93,12.3668
baseline,5,94,12.2948
baseline,5,95,12.2845
baseline,5,96,12.0672
baseline,5,97,12.4421
baseline,5,98,12.4106
baseline,5,99,12.322
baseline,5,100,12.3149
baseline,5,101,12.565
baseline,5,102,12.8003
baseline,5,103,12.0792
baseline,5,104,11.9095
baseline,5,105,12.3267
baseline,5,106,12.6637
baseline,5,107,12.4708
baseline,5,108,12.915
baseline,5,109,13.2677
baseline,5,110,12.703
baseline,5,111,13.1455
baseline,5,112,12.7735
baseline,5,113,13.1022
baseline,5,114,13.0488
baseline,5,115,13.1321
baseline,5,116,13.3263
baseline,5,117,12.3898
baseline,5,118,13.2511
baseline,5,119,12.8701
baseline,5,120,13.3071
baseline,5,121,13.1974
baseline,5,122,13.0865
baseline,5,123,13.0635
baseline,5,124,12.9921
baseline,5,125,12.6097
baseline,5,126,13.0063
baseline,5,127,12.8948
baseline,5,128,13.1382
baseline,5,129,13.1267
baseline,5,130,12.8151
baseline,5,131,12.5545
baseline,5,132,12.9046
baseline,5,133,12.776
baseline,5,134,13.772
baseline,5,135,12.7592
baseline,5,136,12.7125
baseline,5,137,13.302
baseline,5,138,13.0474
baseline,5,139,12.8402
baseline,5,140,13.0344
baseline,5,141,12.9652
baseline,5,142,12.5312
baseline,5,143,12.3245
baseline,5,144,12.6154
baseline,5,145,12.9577
baseline,5,146,12.5374
baseline,5,147,12.7058
baseline,5,148,12.7187
baseline,5,149,13.0089
baseline,5,150,12.8643
baseline,5,151,13.7685
baseline,5,152,13.8723
baseline,5,153,13.1765
baseline,5,154,13.2813
baseline,5,155,13.3034
baseline,5,156,13.089
baseline,5,157,13.0528
baseline,5,158,13.3823
baseline,5,159,13.2712
baseline,5,160,13.3552
baseline,5,161,12.7647
baseline,5,162,13.1337
baseline,5,163,12.8837
baseline,5,164,13.0702
baseline,5,165,12.8793
baseline,5,166,12.7903
baseline,5,167,13.0233
baseline,5,168,13.1881
baseline,5,169,12.6502
baseline,5,170,13.0956
baseline,5,171,12.8874
baseline,5,172,12.9665
baseline,5,173,13.3357
baseline,5,174,13.3161
baseline,5,175,13.5437
baseline,5,176,12.8721
baseline,5,177,13.3484
baseline,5,178,12.7305
baseline,5,179,12.7714
baseline,5,180,13.0055
baseline,5,181,13.1118
baseline,5,182,13.4007
baseline,5,183,13.5312
baseline,5,184,13.8605
baseline,5,185,13.3965
baseline,5,186,13.3287
baseline,5,187,13.4782
baseline,5,188,12.9061
baseline,5,189,12.9918
baseline,5,190,13.2667
baseline,5,191,13.2509
baseline,5,192,13.1127
baseline,5,193,13.3119
baseline,5,194,14.0394
baseline,5,195,13.2908
baseline,5,196,13.2171
baseline,5,197,13.123
baseline,5,198,13.1082
baseline,5,199,13.6604
baseline,5,200,13.336
baseline,5,201,13.2407
baseline,5,202,13.324
baseline,5,203,13.2251
baseline,5,204,13.2226
baseline,5,205,13.269
baseline,5,206,13.2159
baseline,5,207,12.9125
baseline,5,208,13.2492
baseline,5,209,13.2562
baseline,5,210,12.9105
baseline,5,211,13.7449
baseline,5,212,14.0494
baseline,5,213,13.4072
baseline,5,214,14.1075
baseline,5,215,13.5979
baseline,5,216,13.8001
baseline,5,217,13.7896
baseline,5,218,13.8021
baseline,5,219,13.6783
baseline,5,220,13.3672
baseline,5,221,13.631
baseline,5,222,13.9122
baseline,5,223,13.8955
baseline,5,224,13.7036
baseline,5,225,14.2492
baseline,5,226,13.7195
baseline,5,227,13.5888
baseline,5,228,13.7022
baseline,5,229,14.0379
baseline,5,230,14.103
baseline,5,231,13.6975
baseline,5,232,14.091
baseline,5,233,14.0671
baseline,5,234,13.8125
baseline,5,235,14.2178
baseline,5,236,14.0883
baseline,5,237,14.0396
baseline,5,238,13.9421
baseline,5,239,14.0345
baseline,5,240,14.0328
baseline,5,241,14.0433
baseline,5,242,14.8116
baseline,5,243,14.2648
baseline,5,244,13.6285
baseline,5,245,13.8476
baseline,5,246,14.0926
baseline,5,247,13.9955
baseline,5,248,14.1642
baseline,5,249,14.1531
baseline,5,250,13.9885
baseline,5,251,14.2511
baseline,5,252,13.9468
baseline,5,253,13.8699
baseline,5,254,13.79
baseline,5,255,14.2488
baseline,5,256,14.157
baseline,5,257,13.9297
baseline,5,258,14.1989
baseline,5,259,14.7129
baseline,5,260,14.5665
baseline,5,261,13.914
baseline,5,262,13.9782
baseline,5,263,14.3835
baseline,5,264,14.2731
baseline,5,265,14.021
baseline,5,266,14.33
baseline,5,267,14.3502
baseline,5,268,14.4939
baseline,5,269,14.5171
baseline,5,270,14.572
baseline,5,271,14.1354
baseline,5,272,14.5372
baseline,5,273,14.1067
baseline,5,274,14.7267
baseline,5,275,14.1728
baseline,5,276,14.6728
baseline,5,277,14.949
baseline,5,278,14.2282
baseline,5,279,14.5411
baseline,5,280,14.5154
baseline,5,281,14.5528
baseline,5,282,14.6309
baseline,5,283,14.4212
baseline,5,284,14.2313
baseline,5,285,14.4207
baseline,5,286,13.8955
baseline,5,287,14.7228
baseline,5,288,14.7845
baseline,5,289,14.4608
baseline,5,290,14.9404
baseline,5,291,14.3894
baseline,5,292,14.5351
baseline,5,293,14.861
baseline,5,294,14.6852
baseline,5,295,14.6354
baseline,5,296,14.1991
baseline,5,297,14.542
baseline,5,298,14.9525
baseline,5,299,14.2974
baseline,5,300,14.654
baseline,5,301,14.6433
baseline,5,302,14.4657
baseline,5,303,14.7146
baseline,5,304,14.6979
baseline,5,305,14.6912
baseline,5,306,14.6513
baseline,5,307,14.6846
baseline,5,308,14.5962
baseline,5,309,14.6924
baseline,5,310,14.4027
baseline,5,311,14.237
baseline,5,312,14.2086
baseline,5,313,14.0535
baseline,5,314,14.4097
baseline,5,315,14.4209
baseline,5,316,14.583
baseline,5,317,14.8081
baseline,5,318,14.7677
baseline,5,319,14.8095
baseline,5,320,15.1095
baseline,5,321,14.7494
baseline,5,322,14.7097
baseline,5,323,15.1868
baseline,5,324,14.9301
baseline,5,325,15.3264
baseline,5,326,15.1581
baseline,5,327,15.1791
baseline,5,328,14.9904
baseline,5,329,15.2942
baseline,5,330,15.1245
baseline,5,331,15.9309
baseline,5,332,15.3887
baseline,5,333,15.1043
baseline,5,334,14.6303
baseline,5,335,15.0159
baseline,5,336,14.8878
baseline,5,337,15.2258
baseline,5,338,15.2814
baseline,5,339,14.7773
baseline,5,340,14.893
baseline,5,341,14.9816
baseline,5,342,15.3495
baseline,5,343,15.1003
baseline,5,344,15.3365
baseline,5,345,15.1992
baseline,5,346,15.3572
baseline,5,347,15.1299
baseline,5,348,15.5953
baseline,5,349,15.4703
baseline,5,350,15.1762
baseline,5,351,15.2195
baseline,5,352,15.067
baseline,5,353,15.2743
baseline,5,354,15.1832
baseline,5,355,14.9947
baseline,5,356,15.2166
baseline,5,357,15.4581
baseline,5,358,15.5282
baseline,5,359,15.3243
baseline,5,360,15.1835
baseline,5,361,15.2848
baseline,5,362,15.313
baseline,5,363,15.4389
baseline,5,364,15.4846
baseline,5,365,15.3525
baseline,5,366,15.2955
baseline,5,367,15.4592
baseline,5,368,15.4301
baseline,5,369,15.5776
baseline,5,370,15.397
baseline,5,371,15.6455
baseline,5,372,15.55
baseline,5,373,15.3742
baseline,5,374,15.5266
baseline,5,375,15.4842
baseline,5,376,15.293
baseline,5,377,15.6303
baseline,5,378,15.3779
baseline,5,379,15.6395
baseline,5,380,15.7955
baseline,5,381,15.1049
baseline,5,382,15.1444
baseline,5,383,15.6104
baseline,5,384,15.4973
baseline,5,385,15.3688
baseline,5,386,15.7241
baseline,5,387,15.5863
baseline,5,388,15.469
baseline,5,389,15.7676
baseline,5,390,15.8029
baseline,5,391,16.0428
baseline,5,392,15.2602
baseline,5,393,15.7805
baseline,5,394,16.1344
baseline,5,395,16.5502
baseline,5,396,15.8706
baseline,5,397,15.8103
baseline,5,398,16.098
baseline,5,399,16.0315
baseline,5,400,16.0204
baseline,5,401,15.6645
baseline,5,402,15.7404
baseline,5,403,15.8478
baseline,5,404,15.8275
baseline,5,405,16.0434
baseline,5,406,15.954
baseline,5,407,15.6994
baseline,5,408,16.4078
baseline,5,409,16.0718
baseline,5,410,15.6917
baseline,5,411,15.401
baseline,5,412,16.009
baseline,5,413,16.0087
baseline,5,414,15.7632
baseline,5,415,15.8622
baseline,5,416,15.9908
baseline,5,417,15.5991
baseline,5,418,16.0159
baseline,5,419,15.8303
baseline,5,420,16.1001
baseline,5,421,15.73
baseline,5,422,16.3763
baseline,5,423,16.4495
baseline,5,424,16.1189
baseline,5,425,16.3434
baseline,5,426,15.8804
baseline,5,427,16.2549
baseline,5,428,16.1547
baseline,5,429,16.4125
baseline,5,430,16.0101
baseline,5,431,16.2179
baseline,5,432,16.0454
baseline,5,433,16.2291
baseline,5,434,16.2782
baseline,5,435,16.2101
baseline,5,436,15.994
baseline,5,437,15.9166
baseline,5,438,16.3878
baseline,5,439,16.3962
baseline,5,440,16.49
baseline,5,441,16.6158
baseline,5,442,16.538
baseline,5,443,16.3044
baseline,5,444,16.0784
baseline,5,445,15.8253
baseline,5,446,16.5593
baseline,5,447,16.3355
baseline,5,448,15.4132
baseline,5,449,16.3
baseline,5,450,16.6039
baseline,5,451,16.1113
baseline,5,452,16.6479
baseline,5,453,16.2157
baseline,5,454,16.2754
baseline,5,455,16.3131
baseline,5,456,16.7282
baseline,5,457,16.625
baseline,5,458,16.2585
baseline,5,459,16.4062
baseline,5,460,16.4633
baseline,5,461,16.4985
baseline,5,462,16.4246
baseline,5,463,16.5928
baseline,5,464,16.38
baseline,5,465,16.1422
baseline,5,466,16.464
baseline,5,467,16.5347
baseline,5,468,16.5788
baseline,5,469,16.5262
baseline,5,470,16.6018
baseline,5,471,16.6477
baseline,5,472,17.2636
baseline,5,473,17.446
baseline,5,474,17.1406
baseline,5,475,17.4973
baseline,5,476,17.0885
baseline,5,477,17.2696
baseline,5,478,17.345
baseline,5,479,17.0003
baseline,5,480,16.4677
baseline,5,481,16.6113
baseline,5,482,16.5578
baseline,5,483,16.5832
baseline,5,484,16.932
baseline,5,485,17.1181
baseline,5,486,16.7026
baseline,5,487,16.8374
baseline,5,488,17.4169
baseline,5,489,16.724
baseline,5,490,16.643
baseline,5,491,17.2727
baseline,5,492,17.5337
baseline,5,493,17.3259
baseline,5,494,17.2066
baseline,5,495,17.07
baseline,5,496,17.1879
baseline,5,497,17.3823
baseline,5,498,17.484
baseline,5,499,17.0977
baseline,5,500,17.284
baseline,5,501,17.2221
baseline,5,502,17.0809
baseline,5,503,16.8281
baseline,5,504,17.2039
baseline,5,505,17.1087
baseline,5,506,17.2821
baseline,5,507,17.2801
baseline,5,508,17.5149
baseline,5,509,17.0332
baseline,5,510,17.1565
baseline,5,511,17.3683
baseline,5,512,17.3005
baseline,5,513,17.3053
baseline,5,514,17.1221
baseline,5,515,17.341
baseline,5,516,17.251
baseline,5,517,18.1223
baseline,5,518,17.2395
baseline,5,519,17.428
baseline,5,520,17.7183
baseline,5,521,16.9806
baseline,5,522,17.0865
baseline,5,523,17.1833
baseline,5,524,16.91
baseline,5,525,16.8256
baseline,5,526,16.9731
baseline,5,527,17.3848
baseline,5,528,17.284
baseline,5,529,17.2598
baseline,5,530,17.0277
baseline,5,531,17.064
baseline,5,532,17.3957
baseline,5,533,17.4154
baseline,5,534,17.3558
baseline,5,535,17.0701
baseline,5,536,17.7345
baseline,5,537,17.1148
baseline,5,538,16.8562
baseline,5,539,17.1883
baseline,5,540,16.941
baseline,5,541,17.032
baseline,5,542,17.0293
baseline,5,543,17.369
baseline,5,544,17.1712
baseline,5,545,16.9029
baseline,5,546,17.0633
baseline,5,547,17.1107
baseline,5,548,17.2434
baseline,5,549,17.1433
baseline,5,550,17.1617
baseline,5,551,17.0599
baseline,5,552,16.9114
baseline,5,553,16.9436
baseline,5,554,17.2606
baseline,5,555,16.9959
baseline,5,556,17.5508
baseline,5,557,17.2548
baseline,5,558,17.3472
baseline,5,559,17.4187
baseline,5,560,17.2134
baseline,5,561,17.3001
baseline,5,562,17.232
baseline,5,563,17.4458
baseline,5,564,17.3117
baseline,5,565,17.4319
baseline,5,566,17.064
baseline,5,567,17.2914
baseline,5,568,17.4008
baseline,5,569,17.2944
baseline,5,570,17.2826
baseline,5,571,17.2838
baseline,5,572,16.5932
baseline,5,573,16.6856
baseline,5,574,16.9281
baseline,5,575,16.9765
baseline,5,576,17.5537
baseline,5,577,17.1159
baseline,5,578,17.3515
baseline,5,579,17.5756
baseline,5,580,17.2722
baseline,5,581,17.1395
baseline,5,582,17.3935
baseline,5,583,17.5928
baseline,5,584,17.3267
baseline,5,585,16.9696
baseline,5,586,17.2808
baseline,5,587,17.2945
baseline,5,588,17.1334
baseline,5,589,17.5054
baseline,5,590,17.0872
baseline,5,591,17.0441
baseline,5,592,17.3595
baseline,5,593,16.7832
baseline,5,594,17.6521
baseline,5,595,17.1548
baseline,5,596,16.9644
baseline,5,597,17.2734
baseline,5,598,17.0625
baseline,5,599,17.2041
baseline,6,0,58.733
baseline,6,1,11.2985
baseline,6,2,11.5181
baseline,6,3,11.0136
baseline,6,4,11.3145
baseline,6,5,11.2271
baseline,6,6,11.2132
baseline,6,7,11.1691
baseline,6,8,11.195
baseline,6,9,11.2962
baseline,6,10,11.3846
baseline,6,11,11.1005
baseline,6,12,11.4527
baseline,6,13,11.4688
baseline,6,14,11.5116
baseline,6,15,11.0295
baseline,6,16,11.2465
baseline,6,17,11.1387
baseline,6,18,11.6688
baseline,6,19,11.5046
baseline,6,20,11.8027
baseline,6,21,11.562
baseline,6,22,11.2616
baseline,6,23,11.7812
baseline,6,24,11.5468
baseline,6,25,11.7649
baseline,6,26,11.5522
baseline,6,27,11.3344
baseline,6,28,11.8672
baseline,6,29,11.6549
baseline,6,30,11.6366
baseline,6,31,12.0539
baseline,6,32,11.5756
baseline,6,33,11.6359
baseline,6,34,11.7218
baseline,6,35,11.502
baseline,6,36,11.5397
baseline,6,37,11.8009
baseline,6,38,11.7278
baseline,6,39,11.7701
baseline,6,40,11.7026
baseline,6,41,11.3415
baseline,6,42,11.9037
baseline,6,43,11.8475
baseline,6,44,11.9597
baseline,6,45,11.6355
baseline,6,46,12.0769
baseline,6,47,11.6552
baseline,6,48,13.0107
baseline,6,49,11.8557
baseline,6,50,11.6794
baseline,6,51,12.14
baseline,6,52,11.9497
baseline,6,53,12.2931
baseline,6,54,12.1354
baseline,6,55,11.8402
baseline,6,56,11.6909
baseline,6,57,11.9132
baseline,6,58,12.1153
baseline,6,59,11.671
baseline,6,60,11.7454
baseline,6,61,12.0201
baseline,6,62,12.2249
baseline,6,63,11.8432
baseline,6,64,11.9406
baseline,6,65,12.1082
baseline,6,66,11.9784
baseline,6,67,11.9874
baseline,6,68,12.2167
baseline,6,69,11.5664
baseline,6,70,12.302
baseline,6,71,11.8127
baseline,6,72,12.4394
baseline,6,73,12.0495
baseline,6,74,12.2006
baseline,6,75,12.1615
baseline,6,76,12.6003
baseline,6,77,12.2193
baseline,6,78,12.1194
baseline,6,79,12.1553
baseline,6,80,12.4785
baseline,6,81,12.2902
baseline,6,82,12.1885
baseline,6,83,12.0397
baseline,6,84,12.3674
baseline,6,85,12.3008
baseline,6,86,12.1197
baseline,6,87,12.178
baseline,6,88,12.611
baseline,6,89,12.436
baseline,6,90,12.1786
baseline,6,91,12.4855
baseline,6,92,12.5262
baseline,6,93,12.0668
baseline,6,94,12.3358
baseline,6,95,12.1879
baseline,6,96,12.099
baseline,6,97,12.6958
baseline,6,98,12.1058
baseline,6,99,11.2301
baseline,6,100,15.0962
baseline,6,101,17.7916
baseline,6,102,15.8776
baseline,6,103,14.1556
baseline,6,104,12.4026
baseline,6,105,12.5965
baseline,6,106,12.8045
baseline,6,107,12.5731
baseline,6,108,12.4059
baseline,6,109,12.5218
baseline,6,110,11.5524
baseline,6,111,11.8134
baseline,6,112,12.3746
baseline,6,113,12.6376
baseline,6,114,12.6646
baseline,6,115,11.9988
baseline,6,116,12.5785
baseline,6,117,12.6939
baseline,6,118,12.4121
baseline,6,119,12.8052
baseline,6,120,12.611
baseline,6,121,12.4666
baseline,6,122,12.8636
baseline,6,123,12.4795
baseline,6,124,13.1481
baseline,6,125,12.4852
baseline,6,126,12.5743
baseline,6,127,12.7435
baseline,6,128,12.6918
baseline,6,129,12.5193
baseline,6,130,12.9283
baseline,6,131,12.9642
baseline,6,132,12.7577
baseline,6,133,12.8422
baseline,6,134,12.4397
baseline,6,135,12.6623
baseline,6,136,12.7952
baseline,6,137,12.8117
baseline,6,138,12.8448
baseline,6,139,12.9857
baseline,6,140,13.0303
baseline,6,141,12.9723
baseline,6,142,13.0376
baseline,6,143,12.9347
baseline,6,144,13.144
baseline,6,145,13.0487
baseline,6,146,13.1937
baseline,6,147,13.0902
baseline,6,148,13.2089
baseline,6,149,12.7548
baseline,6,150,13.1079
baseline,6,151,13.0307
baseline,6,152,13.2885
baseline,6,153,13.1653
baseline,6,154,13.16
baseline,6,155,13.268
baseline,6,156,13.1448
baseline,6,157,13.0966
baseline,6,158,13.0219
baseline,6,159,13.0059
baseline,6,160,13.2789
baseline,6,161,13.2292
baseline,6,162,13.1579
baseline,6,163,13.1742
baseline,6,164,13.1148
baseline,6,165,13.4878
baseline,6,166,13.0414
baseline,6,167,13.5083
baseline,6,168,13.4078
baseline,6,169,13.4262
baseline,6,170,13.1258
baseline,6,171,13.2003
baseline,6,172,13.1979
baseline,6,173,13.4854
baseline,6,174,13.1523
baseline,6,175,13.0023
baseline,6,176,12.924
baseline,6,177,13.0328
baseline,6,178,13.203
baseline,6,179,13.2243
baseline,6,180,13.5862
baseline,6,181,13.2945
baseline,6,182,13.2842
baseline,6,183,13.5974
baseline,6,184,13.1707
baseline,6,185,13.0038
baseline,6,186,13.3513
baseline,6,187,13.8728
baseline,6,188,13.6915
baseline,6,189,13.0785
baseline,6,190,13.5636
baseline,6,191,13.3498
baseline,6,192,13.4659
baseline,6,193,13.4008
baseline,6,194,13.066
baseline,6,195,13.1818
baseline,6,196,13.591
baseline,6,197,13.6988
baseline,6,198,13.7288
baseline,6,199,13.9423
baseline,6,200,13.4847
baseline,6,201,13.6484
baseline,6,202,13.8242
baseline,6,203,13.5514
baseline,6,204,13.5765
baseline,6,205,14.4082
baseline,6,206,13.7651
baseline,6,207,13.8324
baseline,6,208,13.7472
baseline,6,209,13.1743
baseline,6,210,14.003
baseline,6,211,13.8605
baseline,6,212,13.8531
baseline,6,213,13.5495
baseline,6,214,13.7745
baseline,6,215,14.1153
baseline,6,216,14.044
baseline,6,217,14.0717
baseline,6,218,14.1762
baseline,6,219,13.3255
baseline,6,220,14.2442
baseline,6,221,13.3973
baseline,6,222,13.7359
baseline,6,223,14.2733
baseline,6,224,14.0349
baseline,6,225,13.7425
baseline,6,226,13.7358
baseline,6,227,13.926
baseline,6,228,14.0607
baseline,6,229,13.5638
baseline,6,230,14.0315
baseline,6,231,13.8284
baseline,6,232,13.8557
baseline,6,233,13.5303
baseline,6,234,13.97
baseline,6,235,14.1961
baseline,6,236,13.9705
baseline,6,237,13.899
baseline,6,238,14.2829
baseline,6,239,14.1606
baseline,6,240,13.9257
baseline,6,241,13.8843
baseline,6,242,13.949
baseline,6,243,14.6075
baseline,6,244,14.358
baseline,6,245,14.2237
baseline,6,246,14.4393
baseline,6,247,14.0415
baseline,6,248,14.2494
baseline,6,249,14.3022
baseline,6,250,14.0811
baseline,6,251,14.2115
baseline,6,252,14.3438
baseline,6,253,13.8491
baseline,6,254,13.7202
baseline,6,255,13.6304
baseline,6,256,13.7996
baseline,6,257,14.0883
baseline,6,258,14.8147
baseline,6,259,14.3101
baseline,6,260,14.2965
baseline,6,261,14.0897
baseline,6,262,14.5538
baseline,6,263,14.8583
baseline,6,264,14.565
baseline,6,265,14.3667
baseline,6,266,13.7568
baseline,6,267,14.7115
baseline,6,268,14.2478
baseline,6,269,14.7025
baseline,6,270,14.6979
baseline,6,271,14.5598
baseline,6,272,14.434
baseline,6,273,14.5979
baseline,6,274,14.5875
baseline,6,275,14.6746
baseline,6,276,14.217
baseline,6,277,14.6593
baseline,6,278,14.077
baseline,6,279,14.0929
baseline,6,280,13.7783
baseline,6,281,14.0769
baseline,6,282,14.1745
baseline,6,283,14.3224
baseline,6,284,14.477
baseline,6,285,14.4563
baseline,6,286,14.8194
baseline,6,287,14.6871
baseline,6,288,14.8326
baseline,6,289,14.2251
baseline,6,290,14.2305
baseline,6,291,14.8104
baseline,6,292,14.583
baseline,6,293,14.6948
baseline,6,294,14.7993
baseline,6,295,14.3567
baseline,6,296,14.6753
baseline,6,297,14.694
baseline,6,298,14.84
baseline,6,299,14.775
baseline,6,300,14.8259
baseline,6,301,14.5018
baseline,6,302,14.6907
baseline,6,303,14.737
baseline,6,304,14.554
baseline,6,305,14.5541
baseline,6,306,14.6433
baseline,6,307,14.8193
baseline,6,308,14.7613
baseline,6,309,14.7624
baseline,6,310,14.993
baseline,6,311,14.9301
baseline,6,312,14.6389
baseline,6,313,15.4754
baseline,6,314,14.731
baseline,6,315,15.1453
baseline,6,316,14.7874
baseline,6,317,15.0038
baseline,6,318,14.9502
baseline,6,319,15.0274
baseline,6,320,15.0177
baseline,6,321,14.9521
baseline,6,322,15.046
baseline,6,323,15.1055
baseline,6,324,14.9562
baseline,6,325,15.0282
baseline,6,326,15.0602
baseline,6,327,15.1165
baseline,6,328,14.9688
baseline,6,329,14.9473
baseline,6,330,14.7027
baseline,6,331,15.2233
baseline,6,332,14.9962
baseline,6,333,14.8801
baseline,6,334,15.2752
baseline,6,335,15.0128
baseline,6,336,14.7971
baseline,6,337,15.4205
baseline,6,338,15.1629
baseline,6,339,15.1701
baseline,6,340,15.4099
baseline,6,341,14.9221
baseline,6,342,15.0358
baseline,6,343,15.1683
baseline,6,344,15.1942
baseline,6,345,16.361
baseline,6,346,15.3119
baseline,6,347,15.1619
baseline,6,348,15.3563
baseline,6,349,15.1188
baseline,6,350,15.5932
baseline,6,351,15.0979
baseline,6,352,15.1207
baseline,6,353,15.0531
baseline,6,354,15.5621
baseline,6,355,15.3832
baseline,6,356,14.9342
baseline,6,357,15.3196
baseline,6,358,15.141
baseline,6,359,15.2635
baseline,6,360,15.3308
baseline,6,361,15.1857
baseline,6,362,15.1332
baseline,6,363,15.4947
baseline,6,364,15.351
baseline,6,365,15.5989
baseline,6,366,15.3289
baseline,6,367,15.3473
baseline,6,368,15.4171
baseline,6,369,15.5169
baseline,6,370,15.3752
baseline,6,371,15.3159
baseline,6,372,15.6954
baseline,6,373,15.6778
baseline,6,374,15.8558
baseline,6,375,15.4875
baseline,6,376,15.6332
baseline,6,377,15.4557
baseline,6,378,16.0229
baseline,6,379,15.4706
baseline,6,380,15.4313
baseline,6,381,15.7782
baseline,6,382,15.6162
baseline,6,383,15.5418
baseline,6,384,15.2127
baseline,6,385,15.6398
baseline,6,386,16.0571
baseline,6,387,15.6577
baseline,6,388,16.087
baseline,6,389,15.1424
baseline,6,390,15.585
baseline,6,391,15.7451
baseline,6,392,16.0238
baseline,6,393,15.2651
baseline,6,394,14.8394
baseline,6,395,15.4042
baseline,6,396,15.6078
baseline,6,397,15.8133
baseline,6,398,15.2797
baseline,6,399,15.5082
baseline,6,400,15.7232
baseline,6,401,16.1865
baseline,6,402,15.8185
baseline,6,403,15.7347
baseline,6,404,16.0835
baseline,6,405,15.845
baseline,6,406,15.7716
baseline,6,407,16.2833
baseline,6,408,15.9784
baseline,6,409,15.8881
baseline,6,410,16.689
baseline,6,411,16.0096
baseline,6,412,16.0779
baseline,6,413,15.8215
baseline,6,414,15.9698
baseline,6,415,15.9385
baseline,6,416,15.9678
baseline,6,417,16.3694
baseline,6,418,15.7103
baseline,6,419,16.3053
baseline,6,420,15.9696
baseline,6,421,16.3947
baseline,6,422,15.9498
baseline,6,423,16.1477
baseline,6,424,16.6307
baseline,6,425,15.5664
baseline,6,426,15.4854
baseline,6,427,16.2008
baseline,6,428,15.7805
baseline,6,429,15.9153
baseline,6,430,15.7791
baseline,6,431,16.3991
baseline,6,432,16.1278
baseline,6,433,15.9997
baseline,6,434,16.1698
baseline,6,435,16.3323
baseline,6,436,16.3485
baseline,6,437,16.159
baseline,6,438,16.051
baseline,6,439,16.4089
baseline,6,440,15.9967
baseline,6,441,16.3403
baseline,6,442,16.3589
baseline,6,443,16.1822
baseline,6,444,16.2694
baseline,6,445,16.5312
baseline,6,446,16.2746
baseline,6,447,16.0176
baseline,6,448,16.4165
baseline,6,449,16.4003
baseline,6,450,16.2592
baseline,6,451,16.2809
baseline,6,452,16.6533
baseline,6,453,16.2371
baseline,6,454,16.6742
baseline,6,455,16.555
baseline,6,456,16.3296
baseline,6,457,16.0799
baseline,6,458,16.566
baseline,6,459,16.2716
baseline,6,460,16.3953
baseline,6,461,16.229
baseline,6,462,16.3739
baseline,6,463,16.1793
baseline,6,464,15.908
baseline,6,465,16.231
baseline,6,466,16.7848
baseline,6,467,16.3148
baseline,6,468,16.8509
baseline,6,469,16.4937
baseline,6,470,16.5251
baseline,6,471,16.4397
baseline,6,472,17.4885
baseline,6,473,25.766
baseline,6,474,17.058
baseline,6,475,17.3084
baseline,6,476,16.753
baseline,6,477,17.0894
baseline,6,478,17.1469
baseline,6,479,17.8402
baseline,6,480,17.292
baseline,6,481,17.3881
baseline,6,482,17.1537
baseline,6,483,17.172
baseline,6,484,17.2973
baseline,6,485,17.0305
baseline,6,486,17.5568
baseline,6,487,17.1607
baseline,6,488,17.0114
baseline,6,489,16.8849
baseline,6,490,17.0895
baseline,6,491,17.387
baseline,6,492,17.514
baseline,6,493,17.4899
baseline,6,494,17.5374
baseline,6,495,17.2398
baseline,6,496,17.2758
baseline,6,497,17.0598
baseline,6,498,17.2533
baseline,6,499,17.3945
baseline,6,500,17.4611
baseline,6,501,16.9893
baseline,6,502,17.3794
baseline,6,503,17.2033
baseline,6,504,16.9983
baseline,6,505,17.2303
baseline,6,506,17.5371
baseline,6,507,17.2976
baseline,6,508,17.252
baseline,6,509,16.8677
baseline,6,510,17.38
baseline,6,511,17.2243
baseline,6,512,16.968
baseline,6,513,17.1809
baseline,6,514,16.9683
baseline,6,515,16.9706
baseline,6,516,17.39
baseline,6,517,16.7533
baseline,6,518,16.8484
baseline,6,519,17.2145
baseline,6,520,17.597
baseline,6,521,17.391
baseline,6,522,17.1714
baseline,6,523,17.3225
baseline,6,524,17.2578
baseline,6,525,16.758
baseline,6,526,17.4154
baseline,6,527,16.9791
baseline,6,528,17.1772
baseline,6,529,17.1976
baseline,6,530,16.6789
baseline,6,531,17.3952
baseline,6,532,17.317
baseline,6,533,17.3362
baseline,6,534,17.17
baseline,6,535,17.0978
baseline,6,536,17.6136
baseline,6,537,17.33
baseline,6,538,17.169
baseline,6,539,17.3251
baseline,6,540,17.414
baseline,6,541,17.5626
baseline,6,542,17.2161
baseline,6,543,17.0256
baseline,6,544,17.1408
baseline,6,545,16.9414
baseline,6,546,17.3186
baseline,6,547,17.2437
baseline,6,548,16.7104
baseline,6,549,16.8761
baseline,6,550,16.839
baseline,6,551,17.3773
baseline,6,552,17.087
baseline,6,553,17.4394
baseline,6,554,17.1811
baseline,6,555,17.2268
baseline,6,556,17.1462
baseline,6,557,17.0904
baseline,6,558,16.9662
baseline,6,559,16.9898
baseline,6,560,17.2105
baseline,6,561,17.0416
baseline,6,562,17.1155
baseline,6,563,16.7705
baseline,6,564,17.2054
baseline,6,565,17.2057
baseline,6,566,17.1433
baseline,6,567,17.4518
baseline,6,568,17.0832
baseline,6,569,16.912
baseline,6,570,16.7669
baseline,6,571,16.9852
baseline,6,572,17.5323
baseline,6,573,17.0978
baseline,6,574,17.1893
baseline,6,575,17.3172
baseline,6,576,17.114
baseline,6,577,17.2667
baseline,6,578,17.0302
baseline,6,579,17.5307
baseline,6,580,16.9321
baseline,6,581,16.9928
baseline,6,582,16.7879
baseline,6,583,17.4139
baseline,6,584,17.185
baseline,6,585,17.1682
baseline,6,586,17.1489
baseline,6,587,16.4079
baseline,6,588,16.7226
baseline,6,589,17.2616
baseline,6,590,17.8416
baseline,6,591,17.2688
baseline,6,592,17.6515
baseline,6,593,17.3603
baseline,6,594,17.3012
baseline,6,595,17.8727
baseline,6,596,17.3233
baseline,6,597,17.3635
baseline,6,598,16.9822
baseline,6,599,16.9117
deferscale,6,0,57.3376
deferscale,6,1,11.6122
deferscale,6,2,11.2972
deferscale,6,3,11.6944
deferscale,6,4,11.2052
deferscale,6,5,11.4522
deferscale,6,6,11.3503
deferscale,6,7,11.0855
deferscale,6,8,11.2345
deferscale,6,9,11.2844
deferscale,6,10,11.2706
deferscale,6,11,11.3172
deferscale,6,12,10.9917
deferscale,6,13,11.6402
deferscale,6,14,11.327
deferscale,6,15,11.5216
deferscale,6,16,11.7578
deferscale,6,17,11.3126
deferscale,6,18,11.7436
deferscale,6,19,11.0879
deferscale,6,20,11.3292
deferscale,6,21,11.4213
deferscale,6,22,11.3279
deferscale,6,23,11.4202
deferscale,6,24,11.3848
deferscale,6,25,11.556
deferscale,6,26,11.3104
deferscale,6,27,11.5251
deferscale,6,28,11.7113
deferscale,6,29,11.2826
deferscale,6,30,11.5918
deferscale,6,31,11.2863
deferscale,6,32,11.9268
deferscale,6,33,11.6506
deferscale,6,34,11.5085
deferscale,6,35,11.595
deferscale,6,36,11.5628
deferscale,6,37,11.8573
deferscale,6,38,11.8939
deferscale,6,39,11.4935
deferscale,6,40,11.4657
deferscale,6,41,11.4136
deferscale,6,42,11.8243
deferscale,6,43,11.5644
deferscale,6,44,11.6836
deferscale,6,45,11.4028
deferscale,6,46,11.4936
deferscale,6,47,11.6527
deferscale,6,48,11.2025
deferscale,6,49,11.6559
deferscale,6,50,11.2688
deferscale,6,51,11.9078
deferscale,6,52,11.7617
deferscale,6,53,11.9419
deferscale,6,54,11.8194
deferscale,6,55,11.6812
deferscale,6,56,12.4545
deferscale,6,57,11.5317
deferscale,6,58,10.9456
deferscale,6,59,11.5581
deferscale,6,60,11.5304
deferscale,6,61,12.0173
deferscale,6,62,11.9711
deferscale,6,63,11.4051
deferscale,6,64,11.809
deferscale,6,65,11.9243
deferscale,6,66,11.8893
deferscale,6,67,11.7345
deferscale,6,68,11.8
deferscale,6,69,11.5074
deferscale,6,70,12.1219
deferscale,6,71,12.157
deferscale,6,72,11.9744
deferscale,6,73,12.0434
deferscale,6,74,12.2749
deferscale,6,75,11.7898
deferscale,6,76,11.9342
deferscale,6,77,12.1459
deferscale,6,78,12.386
deferscale,6,79,12.383
deferscale,6,80,12.0633
deferscale,6,81,12.0087
deferscale,6,82,12.0068
deferscale,6,83,12.1227
deferscale,6,84,12.2164
deferscale,6,85,12.548
deferscale,6,86,11.9025
deferscale,6,87,12.0965
deferscale,6,88,12.3447
deferscale,6,89,12.389
deferscale,6,90,12.0904
deferscale,6,91,12.2658
deferscale,6,92,12.2486
deferscale,6,93,12.2239
deferscale,6,94,12.1586
deferscale,6,95,11.7636
deferscale,6,96,12.2524
deferscale,6,97,12.2425
deferscale,6,98,12.57
deferscale,6,99,12.7211
deferscale,6,100,11.9192
deferscale,6,101,12.1068
deferscale,6,102,11.6598
deferscale,6,103,11.7782
deferscale,6,104,12.1474
deferscale,6,105,12.7724
deferscale,6,106,12.102
deferscale,6,107,12.4198
deferscale,6,108,12.4025
deferscale,6,109,12.6412
deferscale,6,110,12.4466
deferscale,6,111,12.1623
deferscale,6,112,12.3893
deferscale,6,113,12.5873
deferscale,6,114,12.287
deferscale,6,115,12.5333
deferscale,6,116,12.5024
deferscale,6,117,12.6058
deferscale,6,118,12.3117
deferscale,6,119,12.607
deferscale,6,120,12.4711
deferscale,6,121,12.8882
deferscale,6,122,12.5671
deferscale,6,123,12.6175
deferscale,6,124,12.3933
deferscale,6,125,12.3104
deferscale,6,126,12.8092
deferscale,6,127,12.5135
deferscale,6,128,12.4642
deferscale,6,129,12.8374
deferscale,6,130,12.8616
deferscale,6,131,12.617
deferscale,6,132,12.4286
deferscale,6,133,12.7451
deferscale,6,134,12.5961
deferscale,6,135,12.738
deferscale,6,136,12.5448
deferscale,6,137,12.3978
deferscale,6,138,12.7323
deferscale,6,139,12.4705
deferscale,6,140,12.7717
deferscale,6,141,12.8791
deferscale,6,142,12.9969
deferscale,6,143,12.9243
deferscale,6,144,12.6592
deferscale,6,145,12.5756
deferscale,6,146,12.8149
deferscale,6,147,12.973
deferscale,6,148,13.1637
deferscale,6,149,13.0541
deferscale,6,150,13.134
deferscale,6,151,12.9731
deferscale,6,152,12.7391
deferscale,6,153,12.6267
deferscale,6,154,13.0553
deferscale,6,155,13.1562
deferscale,6,156,12.8226
deferscale,6,157,13.0205
deferscale,6,158,13.0611
deferscale,6,159,12.6778
deferscale,6,160,13.0269
deferscale,6,161,12.8604
deferscale,6,162,13.0684
deferscale,6,163,13.1519
deferscale,6,164,13.0485
deferscale,6,165,12.8559
deferscale,6,166,12.9929
deferscale,6,167,12.9067
deferscale,6,168,13.1457
deferscale,6,169,13.056
deferscale,6,170,12.9942
deferscale,6,171,12.7958
deferscale,6,172,13.1212
deferscale,6,173,13.0437
deferscale,6,174,13.1183
deferscale,6,175,12.9722
deferscale,6,176,13.4618
deferscale,6,177,12.9934
deferscale,6,178,13.2407
deferscale,6,179,13.1193
deferscale,6,180,13.3119
deferscale,6,181,13.2696
deferscale,6,182,13.2723
deferscale,6,183,12.9948
deferscale,6,184,13.0599
deferscale,6,185,13.1801
deferscale,6,186,13.2446
deferscale,6,187,13.1227
deferscale,6,188,13.035
deferscale,6,189,13.3074
deferscale,6,190,13.5559
deferscale,6,191,12.9133
deferscale,6,192,13.5727
deferscale,6,193,13.3795
deferscale,6,194,13.291
deferscale,6,195,13.451
deferscale,6,196,13.4002
deferscale,6,197,13.5703
deferscale,6,198,13.2717
deferscale,6,199,13.3372
deferscale,6,200,13.7331
deferscale,6,201,13.5313
deferscale,6,202,13.1536
deferscale,6,203,13.586
deferscale,6,204,13.559
deferscale,6,205,13.4569
deferscale,6,206,13.4949
deferscale,6,207,13.4011
deferscale,6,208,13.0543
deferscale,6,209,13.777
deferscale,6,210,13.7054
deferscale,6,211,13.4792
deferscale,6,212,13.7875
deferscale,6,213,13.6693
deferscale,6,214,13.7202
deferscale,6,215,13.6752
deferscale,6,216,13.8227
deferscale,6,217,13.8431
deferscale,6,218,13.9078
deferscale,6,219,15.1485
deferscale,6,220,14.7393
deferscale,6,221,14.3173
deferscale,6,222,13.6757
deferscale,6,223,13.8008
deferscale,6,224,13.988
deferscale,6,225,13.8134
deferscale,6,226,13.4769
deferscale,6,227,14.1687
deferscale,6,228,13.4316
deferscale,6,229,13.9182
deferscale,6,230,13.6062
deferscale,6,231,13.831
deferscale,6,232,13.4531
deferscale,6,233,13.8477
deferscale,6,234,14.0398
deferscale,6,235,14.1081
deferscale,6,236,13.9032
deferscale,6,237,13.7555
deferscale,6,238,13.8735
deferscale,6,239,13.9496
deferscale,6,240,13.9709
deferscale,6,241,13.8596
deferscale,6,242,14.0597
deferscale,6,243,13.8
deferscale,6,244,13.7418
deferscale,6,245,13.7783
deferscale,6,246,14.1455
deferscale,6,247,13.6982
deferscale,6,248,13.9758
deferscale,6,249,13.7003
deferscale,6,250,14.1098
deferscale,6,251,13.7451
deferscale,6,252,13.9817
deferscale,6,253,14.1186
deferscale,6,254,14.2475
deferscale,6,255,13.4112
deferscale,6,256,14.0566
deferscale,6,257,14.3582
deferscale,6,258,13.5248
deferscale,6,259,13.6613
deferscale,6,260,13.6327
deferscale,6,261,13.5769
deferscale,6,262,13.9049
deferscale,6,263,14.3492
deferscale,6,264,14.0412
deferscale,6,265,13.887
deferscale,6,266,14.0465
deferscale,6,267,13.8049
deferscale,6,268,13.7079
deferscale,6,269,14.1218
deferscale,6,270,13.9396
deferscale,6,271,14.1144
deferscale,6,272,14.0622
deferscale,6,273,14.4833
deferscale,6,274,14.3995
deferscale,6,275,14.2938
deferscale,6,276,14.4083
deferscale,6,277,14.4165
deferscale,6,278,14.2374
deferscale,6,279,13.957
deferscale,6,280,14.5187
deferscale,6,281,14.5951
deferscale,6,282,14.3487
deferscale,6,283,14.4859
deferscale,6,284,14.22
deferscale,6,285,14.3519
deferscale,6,286,14.2248
deferscale,6,287,14.2174
deferscale,6,288,14.2056
deferscale,6,289,14.5449
deferscale,6,290,13.912
deferscale,6,291,14.5642
deferscale,6,292,14.2559
deferscale,6,293,14.0887
deferscale,6,294,14.3615
deferscale,6,295,14.1316
deferscale,6,296,14.1962
deferscale,6,297,14.5134
deferscale,6,298,15.0218
deferscale,6,299,14.1198
deferscale,6,300,14.7363
deferscale,6,301,14.1419
deferscale,6,302,14.5795
deferscale,6,303,14.4952
deferscale,6,304,14.4866
deferscale,6,305,14.5245
deferscale,6,306,14.5885
deferscale,6,307,14.5111
deferscale,6,308,14.5261
deferscale,6,309,14.8882
deferscale,6,310,14.4732
deferscale,6,311,14.6677
deferscale,6,312,14.8122
deferscale,6,313,14.5005
deferscale,6,314,14.2143
deferscale,6,315,14.5596
deferscale,6,316,15.282
deferscale,6,317,14.9321
deferscale,6,318,14.501
deferscale,6,319,14.945
deferscale,6,320,14.3481
deferscale,6,321,14.645
deferscale,6,322,14.4839
deferscale,6,323,14.9003
deferscale,6,324,14.5995
deferscale,6,325,14.8631
deferscale,6,326,14.5791
deferscale,6,327,14.3961
deferscale,6,328,14.728
deferscale,6,329,15.0467
deferscale,6,330,14.5097
deferscale,6,331,14.3913
deferscale,6,332,14.7575
deferscale,6,333,14.736
deferscale,6,334,14.8275
deferscale,6,335,14.7377
deferscale,6,336,14.709
deferscale,6,337,14.8417
deferscale,6,338,14.8777
deferscale,6,339,14.888
deferscale,6,340,14.7783
deferscale,6,341,15.0092
deferscale,6,342,14.8103
deferscale,6,343,14.5265
deferscale,6,344,14.8343
deferscale,6,345,15.1102
deferscale,6,346,14.6203
deferscale,6,347,14.2639
deferscale,6,348,14.6242
deferscale,6,349,14.8497
deferscale,6,350,14.7521
deferscale,6,351,14.1648
deferscale,6,352,14.6811
deferscale,6,353,14.767
deferscale,6,354,15.2096
deferscale,6,355,15.0669
deferscale,6,356,15.3555
deferscale,6,357,15.1779
deferscale,6,358,14.812
deferscale,6,359,14.8341
deferscale,6,360,15.2561
deferscale,6,361,15.1675
deferscale,6,362,15.2012
deferscale,6,363,14.924
deferscale,6,364,15.0631
deferscale,6,365,15.1132
deferscale,6,366,14.8993
deferscale,6,367,15.4373
deferscale,6,368,15.0382
deferscale,6,369,15.0295
deferscale,6,370,14.995
deferscale,6,371,15.2242
deferscale,6,372,15.4538
deferscale,6,373,15.3676
deferscale,6,374,15.1321
deferscale,6,375,15.6301
deferscale,6,376,15.4127
deferscale,6,377,15.4471
deferscale,6,378,14.9157
deferscale,6,379,15.576
deferscale,6,380,15.0413
deferscale,6,381,14.946
deferscale,6,382,14.9994
deferscale,6,383,14.8058
deferscale,6,384,14.967
deferscale,6,385,15.3584
deferscale,6,386,14.9888
deferscale,6,387,15.2185
deferscale,6,388,15.4472
deferscale,6,389,15.0334
deferscale,6,390,15.2553
deferscale,6,391,15.4634
deferscale,6,392,15.3548
deferscale,6,393,15.3246
deferscale,6,394,15.3574
deferscale,6,395,15.2963
deferscale,6,396,14.9345
deferscale,6,397,15.0132
deferscale,6,398,15.1209
deferscale,6,399,15.8187
deferscale,6,400,15.6034
deferscale,6,401,15.4785
deferscale,6,402,15.56
deferscale,6,403,15.5126
deferscale,6,404,15.866
deferscale,6,405,15.5469
deferscale,6,406,15.6788
deferscale,6,407,15.557
deferscale,6,408,15.7798
deferscale,6,409,15.6353
deferscale,6,410,15.4981
deferscale,6,411,15.5195
deferscale,6,412,15.869
deferscale,6,413,15.6052
deferscale,6,414,15.8023
deferscale,6,415,15.689
deferscale,6,416,15.629
deferscale,6,417,15.4358
deferscale,6,418,16.0654
deferscale,6,419,15.7222
deferscale,6,420,15.2174
deferscale,6,421,15.8743
deferscale,6,422,15.8247
deferscale,6,423,15.5975
deferscale,6,424,15.7768
deferscale,6,425,15.2797
deferscale,6,426,15.9596
deferscale,6,427,15.6133
deferscale,6,428,16.085
deferscale,6,429,15.6227
deferscale,6,430,16.0636
deferscale,6,431,15.961
deferscale,6,432,16.4119
deferscale,6,433,16.0505
deferscale,6,434,15.7562
deferscale,6,435,16.1102
deferscale,6,436,15.7159
deferscale,6,437,15.6208
deferscale,6,438,16.188
deferscale,6,439,15.6938
deferscale,6,440,15.6479
deferscale,6,441,15.9713
deferscale,6,442,15.6931
deferscale,6,443,15.7689
deferscale,6,444,15.772
deferscale,6,445,15.3759
deferscale,6,446,15.8116
deferscale,6,447,15.9188
deferscale,6,448,15.8325
deferscale,6,449,16.1127
deferscale,6,450,16.2488
deferscale,6,451,15.7368
deferscale,6,452,15.7811
deferscale,6,453,15.9778
deferscale,6,454,15.9564
deferscale,6,455,16.3161
deferscale,6,456,15.9407
deferscale,6,457,16.075
deferscale,6,458,15.8467
deferscale,6,459,16.2442
deferscale,6,460,15.6283
deferscale,6,461,15.8915
deferscale,6,462,15.8195
deferscale,6,463,15.8366
deferscale,6,464,15.918
deferscale,6,465,16.1937
deferscale,6,466,16.365
deferscale,6,467,15.9314
deferscale,6,468,16.2028
deferscale,6,469,16.218
deferscale,6,470,16.2542
deferscale,6,471,16.2234
deferscale,6,472,16.4873
deferscale,6,473,16.7177
deferscale,6,474,16.4231
deferscale,6,475,17.1226
deferscale,6,476,16.7794
deferscale,6,477,16.9847
deferscale,6,478,16.6871
deferscale,6,479,16.7928
deferscale,6,480,16.5852
deferscale,6,481,16.9925
deferscale,6,482,16.617
deferscale,6,483,16.6482
deferscale,6,484,16.4768
deferscale,6,485,16.7029
deferscale,6,486,16.9162
deferscale,6,487,16.9963
deferscale,6,488,16.4237
deferscale,6,489,17.1755
deferscale,6,490,16.5536
deferscale,6,491,16.2113
deferscale,6,492,17.0775
deferscale,6,493,16.4958
deferscale,6,494,17.0185
deferscale,6,495,16.6679
deferscale,6,496,16.7833
deferscale,6,497,16.6717
deferscale,6,498,16.7779
deferscale,6,499,16.711
deferscale,6,500,16.6242
deferscale,6,501,17.0775
deferscale,6,502,16.8463
deferscale,6,503,16.9883
deferscale,6,504,16.9823
deferscale,6,505,16.6559
deferscale,6,506,16.9846
deferscale,6,507,16.9971
deferscale,6,508,16.815
deferscale,6,509,16.5378
deferscale,6,510,16.8787
deferscale,6,511,16.93
deferscale,6,512,16.9521
deferscale,6,513,16.7406
deferscale,6,514,17.1155
deferscale,6,515,17.0823
deferscale,6,516,16.9601
deferscale,6,517,17.0811
deferscale,6,518,16.88
deferscale,6,519,16.9628
deferscale,6,520,16.2893
deferscale,6,521,16.9043
deferscale,6,522,16.8038
deferscale,6,523,16.713
deferscale,6,524,16.718
deferscale,6,525,16.6209
deferscale,6,526,16.4797
deferscale,6,527,16.7843
deferscale,6,528,16.5559
deferscale,6,529,16.3667
deferscale,6,530,17.4995
deferscale,6,531,16.7746
deferscale,6,532,16.8727
deferscale,6,533,17.24
deferscale,6,534,16.96
deferscale,6,535,16.8677
deferscale,6,536,16.9598
deferscale,6,537,16.6142
deferscale,6,538,16.6586
deferscale,6,539,16.8105
deferscale,6,540,16.9432
deferscale,6,541,16.8946
deferscale,6,542,16.6533
deferscale,6,543,16.8135
deferscale,6,544,16.7252
deferscale,6,545,16.9417
deferscale,6,546,16.8153
deferscale,6,547,16.9681
deferscale,6,548,16.4725
deferscale,6,549,16.9451
deferscale,6,550,16.5126
deferscale,6,551,16.9023
deferscale,6,552,16.8478
deferscale,6,553,16.6002
deferscale,6,554,17.8608
deferscale,6,555,16.5784
deferscale,6,556,22.4675
deferscale,6,557,20.422
deferscale,6,558,17.5362
deferscale,6,559,16.6779
deferscale,6,560,16.3064
deferscale,6,561,16.4942
deferscale,6,562,16.3365
deferscale,6,563,16.5156
deferscale,6,564,16.4657
deferscale,6,565,16.2431
deferscale,6,566,16.5104
deferscale,6,567,16.5005
deferscale,6,568,16.6363
deferscale,6,569,16.5868
deferscale,6,570,16.4668
deferscale,6,571,16.3208
deferscale,6,572,16.4479
deferscale,6,573,16.3041
deferscale,6,574,16.257
deferscale,6,575,16.3221
deferscale,6,576,16.2632
deferscale,6,577,16.4478
deferscale,6,578,16.1955
deferscale,6,579,16.441
deferscale,6,580,16.2597
deferscale,6,581,16.7105
deferscale,6,582,16.3115
deferscale,6,583,16.499
deferscale,6,584,16.9331
deferscale,6,585,17.1274
deferscale,6,586,16.8112
deferscale,6,587,16.7062
deferscale,6,588,17.0413
deferscale,6,589,17.2127
deferscale,6,590,17.1177
deferscale,6,591,16.9644
deferscale,6,592,17.0599
deferscale,6,593,16.9634
deferscale,6,594,16.8742
deferscale,6,595,16.874
deferscale,6,596,16.5705
deferscale,6,597,16.5892
deferscale,6,598,16.5695
deferscale,6,599,16.9095
deferscale,7,0,58.6167
deferscale,7,1,10.7352
deferscale,7,2,11.2221
deferscale,7,3,11.0175
deferscale,7,4,11.5304
deferscale,7,5,11.2535
deferscale,7,6,11.5292
deferscale,7,7,11.3322
deferscale,7,8,11.1439
deferscale,7,9,11.2403
deferscale,7,10,10.7145
deferscale,7,11,11.1178
deferscale,7,12,11.475
deferscale,7,13,11.4769
deferscale,7,14,11.4589
deferscale,7,15,11.3804
deferscale,7,16,11.2548
deferscale,7,17,11.1936
deferscale,7,18,11.4204
deferscale,7,19,11.7979
deferscale,7,20,11.4329
deferscale,7,21,11.6062
deferscale,7,22,11.4557
deferscale,7,23,11.1326
deferscale,7,24,11.2387
deferscale,7,25,11.2908
deferscale,7,26,10.9467
deferscale,7,27,11.2846
deferscale,7,28,11.3353
deferscale,7,29,11.2676
deferscale,7,30,11.5284
deferscale,7,31,11.4607
deferscale,7,32,11.1819
deferscale,7,33,11.1946
deferscale,7,34,11.3033
deferscale,7,35,11.1272
deferscale,7,36,11.4298
deferscale,7,37,11.0155
deferscale,7,38,11.4396
deferscale,7,39,11.4181
deferscale,7,40,11.1029
deferscale,7,41,11.4236
deferscale,7,42,11.5306
deferscale,7,43,11.2393
deferscale,7,44,12.045
deferscale,7,45,11.8346
deferscale,7,46,11.7325
deferscale,7,47,11.5728
deferscale,7,48,12.0334
deferscale,7,49,11.6312
deferscale,7,50,12.0122
deferscale,7,51,11.7179
deferscale,7,52,12.0607
deferscale,7,53,11.8873
deferscale,7,54,11.6523
deferscale,7,55,11.8762
deferscale,7,56,12.0892
deferscale,7,57,11.926
deferscale,7,58,11.9253
deferscale,7,59,11.8276
deferscale,7,60,11.9441
deferscale,7,61,12.0805
deferscale,7,62,12.1939
deferscale,7,63,11.9597
deferscale,7,64,11.611
deferscale,7,65,12.1169
deferscale,7,66,12.4437
deferscale,7,67,12.052
deferscale,7,68,11.8088
deferscale,7,69,11.814
deferscale,7,70,11.5649
deferscale,7,71,11.7545
deferscale,7,72,12.205
deferscale,7,73,11.679
deferscale,7,74,11.4803
deferscale,7,75,12.2065
deferscale,7,76,11.924
deferscale,7,77,12.3227
deferscale,7,78,12.0888
deferscale,7,79,12.1072
deferscale,7,80,12.1909
deferscale,7,81,12.1186
deferscale,7,82,12.1479
deferscale,7,83,12.1059
deferscale,7,84,12.073
deferscale,7,85,12.1093
deferscale,7,86,12.1966
deferscale,7,87,12.3282
deferscale,7,88,12.345
deferscale,7,89,12.4354
deferscale,7,90,12.1385
deferscale,7,91,12.3142
deferscale,7,92,12.078
deferscale,7,93,12.335
deferscale,7,94,12.4497
deferscale,7,95,12.0836
deferscale,7,96,12.3668
deferscale,7,97,12.2333
deferscale,7,98,12.2715
deferscale,7,99,12.4123
deferscale,7,100,12.4039
deferscale,7,101,12.2978
deferscale,7,102,12.7521
deferscale,7,103,12.8424
deferscale,7,104,12.3605
deferscale,7,105,12.2564
deferscale,7,106,12.561
deferscale,7,107,12.6977
deferscale,7,108,12.4247
deferscale,7,109,11.7635
deferscale,7,110,12.3225
deferscale,7,111,12.3693
deferscale,7,112,12.3474
deferscale,7,113,12.715
deferscale,7,114,12.2207
deferscale,7,115,12.5157
deferscale,7,116,12.5815
deferscale,7,117,12.8668
deferscale,7,118,12.234
deferscale,7,119,12.9272
deferscale,7,120,12.7905
deferscale,7,121,12.5039
deferscale,7,122,12.3983
deferscale,7,123,12.5612
deferscale,7,124,12.4825
deferscale,7,125,12.4007
deferscale,7,126,12.3621
deferscale,7,127,12.6164
deferscale,7,128,12.7986
deferscale,7,129,12.3885
deferscale,7,130,12.3667
deferscale,7,131,12.94
deferscale,7,132,12.7777
deferscale,7,133,12.7792
deferscale,7,134,12.9227
deferscale,7,135,12.3402
deferscale,7,136,12.3381
deferscale,7,137,12.5871
deferscale,7,138,12.6256
deferscale,7,139,12.6005
deferscale,7,140,13.0248
deferscale,7,141,12.4712
deferscale,7,142,12.0209
deferscale,7,143,12.3327
deferscale,7,144,12.3015
deferscale,7,145,12.2737
deferscale,7,146,12.4978
deferscale,7,147,12.6477
deferscale,7,148,12.4086
deferscale,7,149,12.6069
deferscale,7,150,12.8911
deferscale,7,151,12.9806
deferscale,7,152,12.632
deferscale,7,153,12.8572
deferscale,7,154,12.6651
deferscale,7,155,12.715
deferscale,7,156,12.5717
deferscale,7,157,12.4757
deferscale,7,158,12.6838
deferscale,7,159,12.3086
deferscale,7,160,12.4167
deferscale,7,161,12.7543
deferscale,7,162,12.3853
deferscale,7,163,12.412
deferscale,7,164,12.442
deferscale,7,165,12.3534
deferscale,7,166,12.658
deferscale,7,167,12.6585
deferscale,7,168,12.6877
deferscale,7,169,12.6607
deferscale,7,170,12.7846
deferscale,7,171,12.7241
deferscale,7,172,12.6478
deferscale,7,173,12.5639
deferscale,7,174,12.5827
deferscale,7,175,12.9175
deferscale,7,176,12.765
deferscale,7,177,12.236
deferscale,7,178,12.6286
deferscale,7,179,12.8134
deferscale,7,180,12.4089
deferscale,7,181,12.7485
deferscale,7,182,12.8883
deferscale,7,183,12.8625
deferscale,7,184,12.1891
deferscale,7,185,12.8296
deferscale,7,186,13.0104
deferscale,7,187,12.5067
deferscale,7,188,12.6636
deferscale,7,189,12.7971
deferscale,7,190,12.4647
deferscale,7,191,12.4658
deferscale,7,192,12.6838
deferscale,7,193,12.6476
deferscale,7,194,12.8377
deferscale,7,195,13.195
deferscale,7,196,12.7066
deferscale,7,197,13.0845
deferscale,7,198,13.0786
deferscale,7,199,12.7891
deferscale,7,200,12.7395
deferscale,7,201,12.781
deferscale,7,202,13.1777
deferscale,7,203,12.8931
deferscale,7,204,13.0509
deferscale,7,205,13.2496
deferscale,7,206,13.3096
deferscale,7,207,13.377
deferscale,7,208,13.2023
deferscale,7,209,13.8924
deferscale,7,210,13.6515
deferscale,7,211,12.9084
deferscale,7,212,13.5017
deferscale,7,213,13.8435
deferscale,7,214,13.3124
deferscale,7,215,13.0336
deferscale,7,216,13.6672
deferscale,7,217,13.3163
deferscale,7,218,13.8328
deferscale,7,219,13.7568
deferscale,7,220,13.3492
deferscale,7,221,13.6419
deferscale,7,222,13.8435
deferscale,7,223,13.188
deferscale,7,224,13.7376
deferscale,7,225,13.6762
deferscale,7,226,13.6483
deferscale,7,227,13.6564
deferscale,7,228,13.4564
deferscale,7,229,13.2446
deferscale,7,230,13.4878
deferscale,7,231,13.825
deferscale,7,232,13.7442
deferscale,7,233,12.9526
deferscale,7,234,13.3938
deferscale,7,235,13.9289
deferscale,7,236,13.2972
deferscale,7,237,13.932
deferscale,7,238,13.9038
deferscale,7,239,13.7905
deferscale,7,240,13.8457
deferscale,7,241,13.9322
deferscale,7,242,13.7489
deferscale,7,243,13.8629
deferscale,7,244,13.9335
deferscale,7,245,13.9514
deferscale,7,246,13.8025
deferscale,7,247,13.8557
deferscale,7,248,13.9813
deferscale,7,249,14.009
deferscale,7,250,13.8114
deferscale,7,251,13.6431
deferscale,7,252,13.7212
deferscale,7,253,14.1904
deferscale,7,254,13.2245
deferscale,7,255,13.3633
deferscale,7,256,13.9751
deferscale,7,257,14.1583
deferscale,7,258,15.044
deferscale,7,259,14.3286
deferscale,7,260,13.9645
deferscale,7,261,14.431
deferscale,7,262,14.1179
deferscale,7,263,14.3455
deferscale,7,264,13.8605
deferscale,7,265,13.8945
deferscale,7,266,14.1734
deferscale,7,267,14.1475
deferscale,7,268,14.0321
deferscale,7,269,14.1529
deferscale,7,270,14.0645
deferscale,7,271,14.7154
deferscale,7,272,14.1385
deferscale,7,273,13.5381
deferscale,7,274,14.1899
deferscale,7,275,14.2682
deferscale,7,276,14.1982
deferscale,7,277,13.8593
deferscale,7,278,14.3445
deferscale,7,279,14.4872
deferscale,7,280,14.2556
deferscale,7,281,14.227
deferscale,7,282,14.1695
deferscale,7,283,14.3488
deferscale,7,284,14.2577
deferscale,7,285,14.5143
deferscale,7,286,14.7649
deferscale,7,287,13.8385
deferscale,7,288,14.1393
deferscale,7,289,14.026
deferscale,7,290,14.3477
deferscale,7,291,14.6916
deferscale,7,292,14.3924
deferscale,7,293,14.2635
deferscale,7,294,14.1814
deferscale,7,295,14.397
deferscale,7,296,14.454
deferscale,7,297,14.3867
deferscale,7,298,14.9749
deferscale,7,299,14.3371
deferscale,7,300,13.942
deferscale,7,301,13.8867
deferscale,7,302,14.274
deferscale,7,303,13.7487
deferscale,7,304,14.6598
deferscale,7,305,14.4693
deferscale,7,306,13.8152
deferscale,7,307,14.2399
deferscale,7,308,14.4038
deferscale,7,309,14.5272
deferscale,7,310,14.4883
deferscale,7,311,14.4255
deferscale,7,312,14.3791
deferscale,7,313,14.577
deferscale,7,314,14.4509
deferscale,7,315,14.7873
deferscale,7,316,14.8303
deferscale,7,317,14.3542
deferscale,7,318,14.2709
deferscale,7,319,14.7091
deferscale,7,320,14.8699
deferscale,7,321,14.7605
deferscale,7,322,15.0835
deferscale,7,323,14.949
deferscale,7,324,14.8737
deferscale,7,325,14.2005
deferscale,7,326,14.8628
deferscale,7,327,14.6822
deferscale,7,328,14.8937
deferscale,7,329,14.9665
deferscale,7,330,15.221
deferscale,7,331,14.7348
deferscale,7,332,15.0282
deferscale,7,333,14.9096
deferscale,7,334,14.3559
deferscale,7,335,14.0723
deferscale,7,336,14.2555
deferscale,7,337,14.1012
deferscale,7,338,14.2048
deferscale,7,339,14.4142
deferscale,7,340,14.4
deferscale,7,341,14.5653
deferscale,7,342,14.185
deferscale,7,343,14.4608
deferscale,7,344,14.2965
deferscale,7,345,14.5788
deferscale,7,346,14.3735
deferscale,7,347,14.6092
deferscale,7,348,14.5147
deferscale,7,349,14.2705
deferscale,7,350,14.5014
deferscale,7,351,14.6111
deferscale,7,352,14.6555
deferscale,7,353,14.6574
deferscale,7,354,14.3982
deferscale,7,355,14.5958
deferscale,7,356,14.3623
deferscale,7,357,14.3153
deferscale,7,358,14.3183
deferscale,7,359,14.8425
deferscale,7,360,14.3028
deferscale,7,361,14.7495
deferscale,7,362,14.7273
deferscale,7,363,14.9836
deferscale,7,364,14.8361
deferscale,7,365,15.2668
deferscale,7,366,15.3003
deferscale,7,367,14.6816
deferscale,7,368,14.771
deferscale,7,369,14.683
deferscale,7,370,15.1197
deferscale,7,371,14.996
deferscale,7,372,14.8832
deferscale,7,373,15.0793
deferscale,7,374,15.1953
deferscale,7,375,15.6014
deferscale,7,376,15.4521
deferscale,7,377,15.3768
deferscale,7,378,15.4641
deferscale,7,379,15.3051
deferscale,7,380,14.5554
deferscale,7,381,15.0298
deferscale,7,382,14.6143
deferscale,7,383,15.1071
deferscale,7,384,15.1454
deferscale,7,385,15.1171
deferscale,7,386,15.6589
deferscale,7,387,15.2354
deferscale,7,388,15.1336
deferscale,7,389,16.1412
deferscale,7,390,15.561
deferscale,7,391,15.4173
deferscale,7,392,15.645
deferscale,7,393,15.579
deferscale,7,394,15.6449
deferscale,7,395,15.4782
deferscale,7,396,15.706
deferscale,7,397,15.8053
deferscale,7,398,15.1285
deferscale,7,399,15.7272
deferscale,7,400,15.4598
deferscale,7,401,15.6823
deferscale,7,402,16.0388
deferscale,7,403,15.4674
deferscale,7,404,15.4962
deferscale,7,405,15.5234
deferscale,7,406,15.3879
deferscale,7,407,15.3032
deferscale,7,408,15.4601
deferscale,7,409,15.4156
deferscale,7,410,15.7149
deferscale,7,411,15.7441
deferscale,7,412,15.6302
deferscale,7,413,15.6411
deferscale,7,414,15.2228
deferscale,7,415,15.719
deferscale,7,416,15.0823
deferscale,7,417,15.7475
deferscale,7,418,15.8277
deferscale,7,419,15.4718
deferscale,7,420,15.718
deferscale,7,421,15.8085
deferscale,7,422,15.8319
deferscale,7,423,15.7753
deferscale,7,424,15.6663
deferscale,7,425,15.6572
deferscale,7,426,16.0058
deferscale,7,427,16.1706
deferscale,7,428,15.8685
deferscale,7,429,15.7129
deferscale,7,430,15.6496
deferscale,7,431,16.0148
deferscale,7,432,16.1221
deferscale,7,433,16.1642
deferscale,7,434,15.946
deferscale,7,435,16.0201
deferscale,7,436,15.8327
deferscale,7,437,15.9156
deferscale,7,438,15.9176
deferscale,7,439,15.9479
deferscale,7,440,16.1149
deferscale,7,441,16.0577
deferscale,7,442,16.0544
deferscale,7,443,16.109
deferscale,7,444,16.1097
deferscale,7,445,16.2349
deferscale,7,446,16.0639
deferscale,7,447,16.0073
deferscale,7,448,15.8444
deferscale,7,449,15.9465
deferscale,7,450,15.7149
deferscale,7,451,15.9009
deferscale,7,452,16.1397
deferscale,7,453,15.8192
deferscale,7,454,16.2402
deferscale,7,455,15.9839
deferscale,7,456,16.0292
deferscale,7,457,16.1549
deferscale,7,458,15.9927
deferscale,7,459,16.1954
deferscale,7,460,16.0202
deferscale,7,461,16.4623
deferscale,7,462,15.8697
deferscale,7,463,16.0956
deferscale,7,464,16.2793
deferscale,7,465,16.1036
deferscale,7,466,16.1309
deferscale,7,467,15.9605
deferscale,7,468,16.4514
deferscale,7,469,16.1302
deferscale,7,470,15.9364
deferscale,7,471,15.9525
deferscale,7,472,16.1174
deferscale,7,473,16.9375
deferscale,7,474,16.976
deferscale,7,475,16.7844
deferscale,7,476,16.6437
deferscale,7,477,16.8005
deferscale,7,478,17.1483
deferscale,7,479,16.8547
deferscale,7,480,16.6392
deferscale,7,481,17.0896
deferscale,7,482,16.689
deferscale,7,483,16.8523
deferscale,7,484,16.6185
deferscale,7,485,16.9477
deferscale,7,486,16.9062
deferscale,7,487,16.9935
deferscale,7,488,16.7634
deferscale,7,489,16.8528
deferscale,7,490,16.8681
deferscale,7,491,16.9415
deferscale,7,492,17.0609
deferscale,7,493,17.0535
deferscale,7,494,17.1735
deferscale,7,495,17.0244
deferscale,7,496,16.9018
deferscale,7,497,16.9842
deferscale,7,498,17.0963
deferscale,7,499,16.9555
deferscale,7,500,16.5465
deferscale,7,501,16.6193
deferscale,7,502,16.955
deferscale,7,503,16.9439
deferscale,7,504,16.8735
deferscale,7,505,16.6894
deferscale,7,506,17.012
deferscale,7,507,16.2136
deferscale,7,508,16.0606
deferscale,7,509,16.2487
deferscale,7,510,16.5323
deferscale,7,511,16.9866
deferscale,7,512,16.4769
deferscale,7,513,16.8687
deferscale,7,514,16.3519
deferscale,7,515,16.661
deferscale,7,516,17.2142
deferscale,7,517,16.9139
deferscale,7,518,16.9992
deferscale,7,519,16.4115
deferscale,7,520,15.9975
deferscale,7,521,18.0948
deferscale,7,522,16.6676
deferscale,7,523,16.613
deferscale,7,524,17.1157
deferscale,7,525,16.4318
deferscale,7,526,17.1174
deferscale,7,527,16.6354
deferscale,7,528,16.448
deferscale,7,529,17.2918
deferscale,7,530,16.3379
deferscale,7,531,16.4086
deferscale,7,532,16.7929
deferscale,7,533,17.1604
deferscale,7,534,16.9157
deferscale,7,535,16.5867
deferscale,7,536,16.4638
deferscale,7,537,16.1634
deferscale,7,538,16.6233
deferscale,7,539,17.0919
deferscale,7,540,16.8568
deferscale,7,541,16.7543
deferscale,7,542,16.78
deferscale,7,543,17.2072
deferscale,7,544,16.5556
deferscale,7,545,17.8083
deferscale,7,546,17.4674
deferscale,7,547,16.6651
deferscale,7,548,16.8612
deferscale,7,549,17.2188
deferscale,7,550,16.8912
deferscale,7,551,16.8205
deferscale,7,552,17.0593
deferscale,7,553,16.7395
deferscale,7,554,16.8674
deferscale,7,555,16.8681
deferscale,7,556,16.739
deferscale,7,557,16.7259
deferscale,7,558,16.8401
deferscale,7,559,16.6008
deferscale,7,560,16.6708
deferscale,7,561,16.5432
deferscale,7,562,16.9895
deferscale,7,563,16.6081
deferscale,7,564,16.6345
deferscale,7,565,16.7666
deferscale,7,566,16.57
deferscale,7,567,16.9165
deferscale,7,568,16.6334
deferscale,7,569,17.3128
deferscale,7,570,16.7726
deferscale,7,571,16.8334
deferscale,7,572,16.7508
deferscale,7,573,16.5633
deferscale,7,574,16.9272
deferscale,7,575,16.585
deferscale,7,576,16.8933
deferscale,7,577,16.9368
deferscale,7,578,16.616
deferscale,7,579,16.3021
deferscale,7,580,16.5475
deferscale,7,581,16.9627
deferscale,7,582,16.8779
deferscale,7,583,16.7918
deferscale,7,584,16.7469
deferscale,7,585,15.9471
deferscale,7,586,16.6018
deferscale,7,587,16.6889
deferscale,7,588,16.3835
deferscale,7,589,16.7936
deferscale,7,590,16.8215
deferscale,7,591,16.4575
deferscale,7,592,16.6194
deferscale,7,593,16.7669
deferscale,7,594,17.0248
deferscale,7,595,17.0185
deferscale,7,596,16.8104
deferscale,7,597,16.7359
deferscale,7,598,16.8447
deferscale,7,599,16.3841
baseline,7,0,58.5158
baseline,7,1,10.7022
baseline,7,2,11.1219
baseline,7,3,11.2292
baseline,7,4,11.1569
baseline,7,5,11.1879
baseline,7,6,10.9643
baseline,7,7,10.8558
baseline,7,8,10.9547
baseline,7,9,11.1752
baseline,7,10,11.079
baseline,7,11,11.0436
baseline,7,12,10.9669
baseline,7,13,11.2646
baseline,7,14,10.7775
baseline,7,15,10.8494
baseline,7,16,11.1851
baseline,7,17,11.3832
baseline,7,18,10.6903
baseline,7,19,10.973
baseline,7,20,10.9196
baseline,7,21,10.9827
baseline,7,22,10.7897
baseline,7,23,10.8168
baseline,7,24,10.7301
baseline,7,25,11.5224
baseline,7,26,11.2063
baseline,7,27,11.3417
baseline,7,28,11.586
baseline,7,29,11.0883
baseline,7,30,11.5473
baseline,7,31,11.254
baseline,7,32,12.5999
baseline,7,33,12.2809
baseline,7,34,12.089
baseline,7,35,11.734
baseline,7,36,12.1583
baseline,7,37,12.5023
baseline,7,38,11.686
baseline,7,39,11.5413
baseline,7,40,11.3744
baseline,7,41,11.5944
baseline,7,42,11.4406
baseline,7,43,11.5987
baseline,7,44,11.5759
baseline,7,45,11.4067
baseline,7,46,11.329
baseline,7,47,11.2301
baseline,7,48,11.498
baseline,7,49,11.5055
baseline,7,50,11.3643
baseline,7,51,11.4891
baseline,7,52,11.5737
baseline,7,53,11.8629
baseline,7,54,11.5117
baseline,7,55,11.2772
baseline,7,56,11.48
baseline,7,57,12.1454
baseline,7,58,11.3791
baseline,7,59,11.5322
baseline,7,60,11.8035
baseline,7,61,11.7429
baseline,7,62,11.4858
baseline,7,63,11.6163
baseline,7,64,11.2552
baseline,7,65,11.4353
baseline,7,66,11.3908
baseline,7,67,11.777
baseline,7,68,11.9027
baseline,7,69,13.0014
baseline,7,70,12.3022
baseline,7,71,12.409
baseline,7,72,12.7298
baseline,7,73,13.3294
baseline,7,74,12.335
baseline,7,75,11.9872
baseline,7,76,12.2085
baseline,7,77,11.5708
baseline,7,78,11.6995
baseline,7,79,12.0035
baseline,7,80,11.8452
baseline,7,81,11.8489
baseline,7,82,11.8061
baseline,7,83,11.5495
baseline,7,84,12.519
baseline,7,85,12.0732
baseline,7,86,11.9523
baseline,7,87,12.4385
baseline,7,88,12.3764
baseline,7,89,12.143
baseline,7,90,12.3088
baseline,7,91,12.2724
baseline,7,92,12.5688
baseline,7,93,12.5421
baseline,7,94,12.239
baseline,7,95,12.4556
baseline,7,96,12.5137
baseline,7,97,12.1578
baseline,7,98,12.1628
baseline,7,99,12.6882
baseline,7,100,12.2536
baseline,7,101,12.5416
baseline,7,102,12.5764
baseline,7,103,12.4288
baseline,7,104,12.6178
baseline,7,105,12.3474
baseline,7,106,12.1114
baseline,7,107,12.8517
baseline,7,108,12.7393
baseline,7,109,12.4983
baseline,7,110,12.4853
baseline,7,111,12.6336
baseline,7,112,12.5446
baseline,7,113,12.271
baseline,7,114,12.6704
baseline,7,115,12.5909
baseline,7,116,12.6557
baseline,7,117,12.4245
baseline,7,118,12.6375
baseline,7,119,12.5404
baseline,7,120,12.6582
baseline,7,121,12.8641
baseline,7,122,12.7692
baseline,7,123,12.7836
baseline,7,124,12.7458
baseline,7,125,12.6562
baseline,7,126,12.9605
baseline,7,127,12.4343
baseline,7,128,12.7388
baseline,7,129,12.9929
baseline,7,130,13.2088
baseline,7,131,13.1115
baseline,7,132,12.5123
baseline,7,133,12.6258
baseline,7,134,12.6833
baseline,7,135,12.8262
baseline,7,136,13.022
baseline,7,137,12.9473
baseline,7,138,13.0308
baseline,7,139,13.0807
baseline,7,140,12.9174
baseline,7,141,12.5605
baseline,7,142,13.167
baseline,7,143,13.149
baseline,7,144,13.0092
baseline,7,145,12.8797
baseline,7,146,12.7528
baseline,7,147,12.9645
baseline,7,148,12.711
baseline,7,149,12.9038
baseline,7,150,13.1336
baseline,7,151,12.8677
baseline,7,152,12.9187
baseline,7,153,12.8623
baseline,7,154,12.9916
baseline,7,155,13.0152
baseline,7,156,12.9434
baseline,7,157,13.0793
baseline,7,158,12.9756
baseline,7,159,13.0249
baseline,7,160,13.4438
baseline,7,161,13.375
baseline,7,162,12.8421
baseline,7,163,13.179
baseline,7,164,12.8325
baseline,7,165,13.0944
baseline,7,166,12.5485
baseline,7,167,12.962
baseline,7,168,12.9815
baseline,7,169,13.0278
baseline,7,170,13.2318
baseline,7,171,13.2974
baseline,7,172,13.0378
baseline,7,173,13.1476
baseline,7,174,13.4857
baseline,7,175,13.2843
baseline,7,176,13.1657
baseline,7,177,13.1746
baseline,7,178,13.5806
baseline,7,179,13.254
baseline,7,180,13.2275
baseline,7,181,13.2904
baseline,7,182,13.2728
baseline,7,183,13.6809
baseline,7,184,13.4286
baseline,7,185,13.3095
baseline,7,186,13.4358
baseline,7,187,13.3519
baseline,7,188,13.6645
baseline,7,189,13.3014
baseline,7,190,13.5988
baseline,7,191,13.5845
baseline,7,192,13.6449
baseline,7,193,13.3972
baseline,7,194,13.6194
baseline,7,195,13.4192
baseline,7,196,13.6926
baseline,7,197,13.4016
baseline,7,198,13.6707
baseline,7,199,13.6443
baseline,7,200,13.6705
baseline,7,201,13.6896
baseline,7,202,13.6265
baseline,7,203,13.0445
baseline,7,204,13.3619
baseline,7,205,13.446
baseline,7,206,13.9172
baseline,7,207,13.7769
baseline,7,208,13.4549
baseline,7,209,13.5274
baseline,7,210,13.5869
baseline,7,211,13.5039
baseline,7,212,13.778
baseline,7,213,13.3216
baseline,7,214,13.9155
baseline,7,215,15.1109
baseline,7,216,13.66
baseline,7,217,13.7867
baseline,7,218,14.0827
baseline,7,219,14.0642
baseline,7,220,12.861
baseline,7,221,13.4545
baseline,7,222,13.9375
baseline,7,223,14.0325
baseline,7,224,13.7045
baseline,7,225,13.7944
baseline,7,226,14.1071
baseline,7,227,14.011
baseline,7,228,14.0668
baseline,7,229,13.9599
baseline,7,230,13.7978
baseline,7,231,13.894
baseline,7,232,13.9601
baseline,7,233,13.7868
baseline,7,234,14.1001
baseline,7,235,13.9869
baseline,7,236,13.7819
baseline,7,237,13.796
baseline,7,238,14.1962
baseline,7,239,14.0149
baseline,7,240,13.6938
baseline,7,241,13.4749
baseline,7,242,13.8598
baseline,7,243,13.9982
baseline,7,244,14.2761
baseline,7,245,13.7434
baseline,7,246,14.2724
baseline,7,247,14.2695
baseline,7,248,14.0557
baseline,7,249,14.147
baseline,7,250,14.0164
baseline,7,251,14.2759
baseline,7,252,14.2871
baseline,7,253,14.0853
baseline,7,254,14.325
baseline,7,255,14.4274
baseline,7,256,14.072
baseline,7,257,14.2625
baseline,7,258,14.3579
baseline,7,259,14.05
baseline,7,260,14.387
baseline,7,261,13.7142
baseline,7,262,14.1379
baseline,7,263,14.3658
baseline,7,264,14.4304
baseline,7,265,14.2647
baseline,7,266,14.064
baseline,7,267,14.358
baseline,7,268,14.39
baseline,7,269,14.5042
baseline,7,270,14.1152
baseline,7,271,14.6323
baseline,7,272,14.5786
baseline,7,273,14.6177
baseline,7,274,14.3524
baseline,7,275,14.1326
baseline,7,276,14.2963
baseline,7,277,14.5922
baseline,7,278,14.5247
baseline,7,279,14.3897
baseline,7,280,14.4164
baseline,7,281,14.4307
baseline,7,282,14.5222
baseline,7,283,14.635
baseline,7,284,14.4841
baseline,7,285,14.6897
baseline,7,286,13.8268
baseline,7,287,14.5095
baseline,7,288,14.617
baseline,7,289,14.1947
baseline,7,290,14.1538
baseline,7,291,14.2066
baseline,7,292,14.2653
baseline,7,293,14.2218
baseline,7,294,14.6885
baseline,7,295,14.7942
baseline,7,296,14.7302
baseline,7,297,14.8707
baseline,7,298,14.9467
baseline,7,299,14.7644
baseline,7,300,14.6265
baseline,7,301,14.7016
baseline,7,302,14.4158
baseline,7,303,14.8523
baseline,7,304,14.992
baseline,7,305,14.8436
baseline,7,306,14.7828
baseline,7,307,14.7003
baseline,7,308,14.96
baseline,7,309,14.8187
baseline,7,310,14.6918
baseline,7,311,14.8645
baseline,7,312,14.8015
baseline,7,313,14.9472
baseline,7,314,14.8274
baseline,7,315,14.9474
baseline,7,316,14.8959
baseline,7,317,14.8014
baseline,7,318,15.2043
baseline,7,319,14.7784
baseline,7,320,15.0145
baseline,7,321,15.0032
baseline,7,322,15.013
baseline,7,323,14.6845
baseline,7,324,14.9059
baseline,7,325,15.4058
baseline,7,326,15.1333
baseline,7,327,14.8788
baseline,7,328,15.0535
baseline,7,329,14.8255
baseline,7,330,15.3014
baseline,7,331,14.9942
baseline,7,332,15.111
baseline,7,333,14.9392
baseline,7,334,14.8852
baseline,7,335,15.3061
baseline,7,336,14.9148
baseline,7,337,15.1018
baseline,7,338,15.2395
baseline,7,339,15.3236
baseline,7,340,15.0397
baseline,7,341,15.927
baseline,7,342,15.5808
baseline,7,343,15.7822
baseline,7,344,15.3358
baseline,7,345,15.5459
baseline,7,346,14.9982
baseline,7,347,15.3525
baseline,7,348,15.8327
baseline,7,349,15.0623
baseline,7,350,15.4354
baseline,7,351,15.1301
baseline,7,352,15.2988
baseline,7,353,15.3828
baseline,7,354,17.6737
baseline,7,355,16.0966
baseline,7,356,15.2656
baseline,7,357,15.5561
baseline,7,358,15.964
baseline,7,359,15.4575
baseline,7,360,14.9824
baseline,7,361,15.7256
baseline,7,362,15.3127
baseline,7,363,15.5137
baseline,7,364,15.286
baseline,7,365,14.7581
baseline,7,366,15.1179
baseline,7,367,15.6617
baseline,7,368,15.6139
baseline,7,369,15.4487
baseline,7,370,15.3954
baseline,7,371,15.1061
baseline,7,372,15.3417
baseline,7,373,15.6335
baseline,7,374,15.6938
baseline,7,375,15.6415
baseline,7,376,15.7776
baseline,7,377,15.4996
baseline,7,378,15.4811
baseline,7,379,15.303
baseline,7,380,14.443
baseline,7,381,15.1555
baseline,7,382,16.4968
baseline,7,383,16.0247
baseline,7,384,18.7594
baseline,7,385,15.5025
baseline,7,386,15.0674
baseline,7,387,15.5303
baseline,7,388,15.828
baseline,7,389,16.0073
baseline,7,390,15.9952
baseline,7,391,15.8573
baseline,7,392,15.299
baseline,7,393,15.7762
baseline,7,394,14.9903
baseline,7,395,15.6927
baseline,7,396,15.6957
baseline,7,397,16.1276
baseline,7,398,15.5448
baseline,7,399,16.1552
baseline,7,400,15.1868
baseline,7,401,15.7471
baseline,7,402,15.9051
baseline,7,403,15.8129
baseline,7,404,15.6553
baseline,7,405,15.9389
baseline,7,406,15.9247
baseline,7,407,15.9867
baseline,7,408,16.0348
baseline,7,409,15.7047
baseline,7,410,15.4935
baseline,7,411,16.0524
baseline,7,412,16.0435
baseline,7,413,16.1588
baseline,7,414,16.1594
baseline,7,415,15.5375
baseline,7,416,15.8528
baseline,7,417,16.014
baseline,7,418,16.2153
baseline,7,419,16.0132
baseline,7,420,16.2024
baseline,7,421,16.3422
baseline,7,422,15.8618
baseline,7,423,16.0095
baseline,7,424,16.2398
baseline,7,425,16.2853
baseline,7,426,16.1599
baseline,7,427,15.6409
baseline,7,428,15.9324
baseline,7,429,16.3987
baseline,7,430,16.0098
baseline,7,431,16.1765
baseline,7,432,15.8494
baseline,7,433,16.1057
baseline,7,434,16.2314
baseline,7,435,16.106
baseline,7,436,16.6826
baseline,7,437,16.1457
baseline,7,438,16.0806
baseline,7,439,16.1842
baseline,7,440,16.1497
baseline,7,441,16.5353
baseline,7,442,16.4593
baseline,7,443,16.1182
baseline,7,444,16.2309
baseline,7,445,16.2484
baseline,7,446,16.2305
baseline,7,447,16.0446
baseline,7,448,16.3174
baseline,7,449,16.1245
baseline,7,450,16.6538
baseline,7,451,16.3268
baseline,7,452,16.3454
baseline,7,453,16.1729
baseline,7,454,16.4571
baseline,7,455,16.4598
baseline,7,456,16.4951
baseline,7,457,16.5595
baseline,7,458,16.3861
baseline,7,459,16.0568
baseline,7,460,16.4563
baseline,7,461,16.4973
baseline,7,462,16.3966
baseline,7,463,16.8164
baseline,7,464,16.6283
baseline,7,465,16.3417
baseline,7,466,16.1612
baseline,7,467,16.3633
baseline,7,468,16.4375
baseline,7,469,16.5547
baseline,7,470,16.583
baseline,7,471,17.0974
baseline,7,472,17.5148
baseline,7,473,17.0825
baseline,7,474,16.5976
baseline,7,475,17.189
baseline,7,476,17.1337
baseline,7,477,17.3208
baseline,7,478,17.329
baseline,7,479,17.0782
baseline,7,480,18.2535
baseline,7,481,17.7455
baseline,7,482,17.2415
baseline,7,483,16.8629
baseline,7,484,17.1252
baseline,7,485,17.3803
baseline,7,486,17.3313
baseline,7,487,16.82
baseline,7,488,17.1185
baseline,7,489,17.2251
baseline,7,490,17.1597
baseline,7,491,17.0672
baseline,7,492,16.8642
baseline,7,493,17.2503
baseline,7,494,17.3753
baseline,7,495,17.1878
baseline,7,496,17.2467
baseline,7,497,17.2003
baseline,7,498,16.8352
baseline,7,499,17.4
baseline,7,500,17.1824
baseline,7,501,17.1212
baseline,7,502,16.8528
baseline,7,503,17.3999
baseline,7,504,17.5967
baseline,7,505,17.4238
baseline,7,506,16.8672
baseline,7,507,16.9496
baseline,7,508,16.893
baseline,7,509,16.9899
baseline,7,510,16.9791
baseline,7,511,17.1344
baseline,7,512,17.6144
baseline,7,513,17.1774
baseline,7,514,17.3215
baseline,7,515,17.666
baseline,7,516,17.2719
baseline,7,517,16.6515
baseline,7,518,17.2963
baseline,7,519,17.1466
baseline,7,520,17.3244
baseline,7,521,17.021
baseline,7,522,17.298
baseline,7,523,17.2941
baseline,7,524,17.0563
baseline,7,525,17.1562
baseline,7,526,16.8863
baseline,7,527,17.1157
baseline,7,528,17.3036
baseline,7,529,17.6549
baseline,7,530,17.088
baseline,7,531,17.2774
baseline,7,532,17.0955
baseline,7,533,16.8767
baseline,7,534,17.2153
baseline,7,535,17.3439
baseline,7,536,17.101
baseline,7,537,17.2707
baseline,7,538,17.3065
baseline,7,539,17.8061
baseline,7,540,17.0132
baseline,7,541,17.2486
baseline,7,542,16.1859
baseline,7,543,17.2683
baseline,7,544,16.8955
baseline,7,545,17.2263
baseline,7,546,17.1818
baseline,7,547,17.2232
baseline,7,548,17.0181
baseline,7,549,17.0827
baseline,7,550,17.3964
baseline,7,551,17.0553
baseline,7,552,17.0036
baseline,7,553,17.5373
baseline,7,554,17.255
baseline,7,555,17.2057
baseline,7,556,17.4825
baseline,7,557,16.9928
baseline,7,558,17.1566
baseline,7,559,17.3663
baseline,7,560,17.0323
baseline,7,561,17.4588
baseline,7,562,17.0865
baseline,7,563,17.3015
baseline,7,564,17.3001
baseline,7,565,17.1396
baseline,7,566,16.971
baseline,7,567,17.5026
baseline,7,568,17.0592
baseline,7,569,17.4877
baseline,7,570,16.9107
baseline,7,571,16.8304
baseline,7,572,17.02
baseline,7,573,17.3534
baseline,7,574,17.0646
baseline,7,575,17.6509
baseline,7,576,17.4545
baseline,7,577,17.1909
baseline,7,578,17.4796
baseline,7,579,17.3829
baseline,7,580,17.3547
baseline,7,581,16.9895
baseline,7,582,17.0187
baseline,7,583,17.1299
baseline,7,584,16.9672
baseline,7,585,17.1425
baseline,7,586,17.0365
baseline,7,587,16.9703
baseline,7,588,17.2291
baseline,7,589,16.9727
baseline,7,590,17.2892
baseline,7,591,17.4292
baseline,7,592,17.2897
baseline,7,593,17.8948
baseline,7,594,17.6529
baseline,7,595,17.131
baseline,7,596,17.0885
baseline,7,597,18.1438
baseline,7,598,17.6354
baseline,7,599,17.1743
baseline,8,0,57.3798
baseline,8,1,11.3604
baseline,8,2,11.4292
baseline,8,3,11.3346
baseline,8,4,11.5715
baseline,8,5,11.541
baseline,8,6,11.4668
baseline,8,7,11.0377
baseline,8,8,11.554
baseline,8,9,11.4195
baseline,8,10,11.3067
baseline,8,11,11.4735
baseline,8,12,11.3794
baseline,8,13,11.3752
baseline,8,14,11.5709
baseline,8,15,11.5225
baseline,8,16,10.9651
baseline,8,17,11.465
baseline,8,18,11.7148
baseline,8,19,11.7508
baseline,8,20,11.1848
baseline,8,21,11.1282
baseline,8,22,12.8471
baseline,8,23,12.9347
baseline,8,24,15.584
baseline,8,25,13.4393
baseline,8,26,14.5657
baseline,8,27,11.5088
baseline,8,28,11.156
baseline,8,29,11.1756
baseline,8,30,11.5227
baseline,8,31,11.6785
baseline,8,32,11.6783
baseline,8,33,11.5005
baseline,8,34,11.402
baseline,8,35,11.8692
baseline,8,36,11.7441
baseline,8,37,11.5688
baseline,8,38,11.5548
baseline,8,39,11.621
baseline,8,40,11.8009
baseline,8,41,11.8303
baseline,8,42,11.6528
baseline,8,43,11.5777
baseline,8,44,12.4077
baseline,8,45,11.7026
baseline,8,46,11.7595
baseline,8,47,12.3555
baseline,8,48,11.4913
baseline,8,49,11.9113
baseline,8,50,12.1252
baseline,8,51,11.8376
baseline,8,52,11.8788
baseline,8,53,11.981
baseline,8,54,12.124
baseline,8,55,12.2057
baseline,8,56,11.783
baseline,8,57,12.1994
baseline,8,58,12.034
baseline,8,59,11.9205
baseline,8,60,11.9779
baseline,8,61,11.9562
baseline,8,62,12.1067
baseline,8,63,12.0615
baseline,8,64,11.9042
baseline,8,65,12.2767
baseline,8,66,12.1185
baseline,8,67,12.2154
baseline,8,68,12.045
baseline,8,69,12.8247
baseline,8,70,11.9604
baseline,8,71,12.0333
baseline,8,72,12.261
baseline,8,73,11.8993
baseline,8,74,11.8301
baseline,8,75,11.9896
baseline,8,76,12.0448
baseline,8,77,12.4827
baseline,8,78,12.058
baseline,8,79,12.0991
baseline,8,80,12.4034
baseline,8,81,12.2794
baseline,8,82,12.4484
baseline,8,83,12.0069
baseline,8,84,11.9572
baseline,8,85,12.0678
baseline,8,86,12.2602
baseline,8,87,12.6113
baseline,8,88,12.3371
baseline,8,89,12.3291
baseline,8,90,12.2457
baseline,8,91,12.1094
baseline,8,92,12.4671
baseline,8,93,12.261
baseline,8,94,11.9734
baseline,8,95,12.5812
baseline,8,96,12.4314
baseline,8,97,12.5043
baseline,8,98,12.2105
baseline,8,99,12.1471
baseline,8,100,12.6941
baseline,8,101,12.4065
baseline,8,102,12.5875
baseline,8,103,12.5826
baseline,8,104,12.6405
baseline,8,105,12.7323
baseline,8,106,12.7732
baseline,8,107,12.9165
baseline,8,108,12.3395
baseline,8,109,12.404
baseline,8,110,12.8192
baseline,8,111,12.6491
baseline,8,112,12.7002
baseline,8,113,12.5237
baseline,8,114,12.6631
baseline,8,115,12.1654
baseline,8,116,12.6818
baseline,8,117,12.6436
baseline,8,118,12.2607
baseline,8,119,12.6493
baseline,8,120,13.2941
baseline,8,121,12.7757
baseline,8,122,12.5557
baseline,8,123,12.7884
baseline,8,124,12.6654
baseline,8,125,12.7713
baseline,8,126,12.686
baseline,8,127,12.7688
baseline,8,128,12.4771
baseline,8,129,12.6956
baseline,8,130,12.5535
baseline,8,131,12.3423
baseline,8,132,12.5096
baseline,8,133,12.5335
baseline,8,134,13.0742
baseline,8,135,12.9734
baseline,8,136,12.6714
baseline,8,137,12.6935
baseline,8,138,12.6795
baseline,8,139,12.5695
baseline,8,140,13.028
baseline,8,141,13.1315
baseline,8,142,13.131
baseline,8,143,12.9129
baseline,8,144,13.6405
baseline,8,145,12.8988
baseline,8,146,13.0155
baseline,8,147,13.2257
baseline,8,148,12.9767
baseline,8,149,13.1501
baseline,8,150,13.082
baseline,8,151,12.8256
baseline,8,152,12.9921
baseline,8,153,13.1073
baseline,8,154,12.6556
baseline,8,155,13.374
baseline,8,156,13.4416
baseline,8,157,13.6682
baseline,8,158,13.7114
baseline,8,159,13.1691
baseline,8,160,13.0957
baseline,8,161,12.9553
baseline,8,162,13.3185
baseline,8,163,13.524
baseline,8,164,12.9843
baseline,8,165,12.999
baseline,8,166,13.1571
baseline,8,167,13.1644
baseline,8,168,13.3368
baseline,8,169,13.858
baseline,8,170,13.4258
baseline,8,171,13.1832
baseline,8,172,13.265
baseline,8,173,13.1205
baseline,8,174,13.1592
baseline,8,175,13.5524
baseline,8,176,13.1736
baseline,8,177,13.5781
baseline,8,178,13.6981
baseline,8,179,13.3834
baseline,8,180,13.2854
baseline,8,181,13.5257
baseline,8,182,13.7903
baseline,8,183,13.2632
baseline,8,184,13.3334
baseline,8,185,13.0665
baseline,8,186,13.4402
baseline,8,187,13.5023
baseline,8,188,13.5829
baseline,8,189,13.4829
baseline,8,190,13.0094
baseline,8,191,13.1607
baseline,8,192,13.362
baseline,8,193,12.9346
baseline,8,194,13.202
baseline,8,195,12.9965
baseline,8,196,13.3582
baseline,8,197,13.5624
baseline,8,198,13.3552
baseline,8,199,13.7518
baseline,8,200,13.7508
baseline,8,201,13.6202
baseline,8,202,13.707
baseline,8,203,13.0921
baseline,8,204,13.8945
baseline,8,205,13.8149
baseline,8,206,13.7172
baseline,8,207,13.9733
baseline,8,208,13.6553
baseline,8,209,13.5224
baseline,8,210,13.3224
baseline,8,211,13.8893
baseline,8,212,13.7963
baseline,8,213,13.8701
baseline,8,214,13.6149
baseline,8,215,13.2663
baseline,8,216,13.2956
baseline,8,217,13.904
baseline,8,218,13.6046
baseline,8,219,13.77
baseline,8,220,13.755
baseline,8,221,13.8552
baseline,8,222,13.9386
baseline,8,223,13.6561
baseline,8,224,13.9656
baseline,8,225,14.0048
baseline,8,226,13.6581
baseline,8,227,13.8952
baseline,8,228,13.8388
baseline,8,229,13.9245
baseline,8,230,14.0595
baseline,8,231,14.1341
baseline,8,232,13.9803
baseline,8,233,14.0536
baseline,8,234,13.7158
baseline,8,235,13.9452
baseline,8,236,14.0427
baseline,8,237,13.8744
baseline,8,238,13.8261
baseline,8,239,13.9649
baseline,8,240,13.9091
baseline,8,241,13.8647
baseline,8,242,13.8122
baseline,8,243,14.0857
baseline,8,244,13.9273
baseline,8,245,14.3575
baseline,8,246,13.9589
baseline,8,247,13.8452
baseline,8,248,14.5604
baseline,8,249,14.0268
baseline,8,250,13.8967
baseline,8,251,13.7811
baseline,8,252,14.4729
baseline,8,253,13.9432
baseline,8,254,14.1921
baseline,8,255,14.2365
baseline,8,256,13.9798
baseline,8,257,14.4637
baseline,8,258,14.5269
baseline,8,259,14.6099
baseline,8,260,14.6312
baseline,8,261,14.0235
baseline,8,262,13.9677
baseline,8,263,14.3946
baseline,8,264,14.6823
baseline,8,265,14.4153
baseline,8,266,14.2403
baseline,8,267,14.4363
baseline,8,268,14.2001
baseline,8,269,14.3765
baseline,8,270,14.4842
baseline,8,271,14.6698
baseline,8,272,14.6758
baseline,8,273,14.2308
baseline,8,274,14.3727
baseline,8,275,14.3994
baseline,8,276,14.3469
baseline,8,277,14.3516
baseline,8,278,14.1887
baseline,8,279,14.749
baseline,8,280,14.1792
baseline,8,281,14.9743
baseline,8,282,14.3659
baseline,8,283,14.3663
baseline,8,284,14.4376
baseline,8,285,14.7051
baseline,8,286,14.6125
baseline,8,287,14.5144
baseline,8,288,14.5236
baseline,8,289,14.1802
baseline,8,290,14.7451
baseline,8,291,14.6611
baseline,8,292,14.6075
baseline,8,293,14.6853
baseline,8,294,14.7375
baseline,8,295,14.6239
baseline,8,296,14.4657
baseline,8,297,14.6866
baseline,8,298,14.5092
baseline,8,299,14.7253
baseline,8,300,14.6239
baseline,8,301,14.8299
baseline,8,302,15.5029
baseline,8,303,14.2512
baseline,8,304,14.9029
baseline,8,305,14.7061
baseline,8,306,14.9876
baseline,8,307,15.0643
baseline,8,308,15.0963
baseline,8,309,14.503
baseline,8,310,14.8237
baseline,8,311,14.9974
baseline,8,312,14.9663
baseline,8,313,14.9805
baseline,8,314,14.9038
baseline,8,315,14.8387
baseline,8,316,14.8093
baseline,8,317,14.7426
baseline,8,318,15.2069
baseline,8,319,14.9758
baseline,8,320,15.4419
baseline,8,321,14.9804
baseline,8,322,14.9745
baseline,8,323,14.8177
baseline,8,324,14.7447
baseline,8,325,14.7435
baseline,8,326,15.1458
baseline,8,327,14.8702
baseline,8,328,15.2149
baseline,8,329,15.1553
baseline,8,330,14.9114
baseline,8,331,15.3051
baseline,8,332,15.255
baseline,8,333,15.1231
baseline,8,334,15.0059
baseline,8,335,14.9398
baseline,8,336,15.0265
baseline,8,337,15.0779
baseline,8,338,15.1356
baseline,8,339,14.9954
baseline,8,340,15.0704
baseline,8,341,15.1788
baseline,8,342,15.2608
baseline,8,343,14.876
baseline,8,344,14.563
baseline,8,345,14.7767
baseline,8,346,15.2704
baseline,8,347,15.1647
baseline,8,348,15.2927
baseline,8,349,14.9813
baseline,8,350,15.0519
baseline,8,351,14.7773
baseline,8,352,15.1877
baseline,8,353,15.1787
baseline,8,354,15.375
baseline,8,355,15.2075
baseline,8,356,15.2558
baseline,8,357,15.565
baseline,8,358,15.4512
baseline,8,359,15.3913
baseline,8,360,15.4979
baseline,8,361,15.6301
baseline,8,362,15.1382
baseline,8,363,15.4826
baseline,8,364,15.3293
baseline,8,365,14.9777
baseline,8,366,14.765
baseline,8,367,15.2969
baseline,8,368,14.6592
baseline,8,369,14.8653
baseline,8,370,15.051
baseline,8,371,14.6845
baseline,8,372,15.2195
baseline,8,373,15.3117
baseline,8,374,14.8435
baseline,8,375,14.9744
baseline,8,376,14.9932
baseline,8,377,15.1687
baseline,8,378,15.3254
baseline,8,379,14.9975
baseline,8,380,14.89
baseline,8,381,15.0552
baseline,8,382,14.9651
baseline,8,383,15.4829
baseline,8,384,16.299
baseline,8,385,15.5334
baseline,8,386,15.5262
baseline,8,387,14.75
baseline,8,388,14.9316
baseline,8,389,15.3538
baseline,8,390,15.2093
baseline,8,391,15.345
baseline,8,392,14.9542
baseline,8,393,15.7471
baseline,8,394,14.9698
baseline,8,395,14.9796
baseline,8,396,15.1602
baseline,8,397,15.7758
baseline,8,398,16.1811
baseline,8,399,16.2295
baseline,8,400,16.023
baseline,8,401,15.2973
baseline,8,402,15.8385
baseline,8,403,15.548
baseline,8,404,15.8199
baseline,8,405,15.9387
baseline,8,406,15.961
baseline,8,407,16.0325
baseline,8,408,15.8308
baseline,8,409,15.1804
baseline,8,410,15.5601
baseline,8,411,15.7455
baseline,8,412,15.4343
baseline,8,413,15.9838
baseline,8,414,16.0985
baseline,8,415,15.5774
baseline,8,416,16.1517
baseline,8,417,16.369
baseline,8,418,16.1186
baseline,8,419,16.3095
baseline,8,420,15.6321
baseline,8,421,16.006
baseline,8,422,16.21
baseline,8,423,16.0396
baseline,8,424,16.1478
baseline,8,425,15.9759
baseline,8,426,16.3258
baseline,8,427,16.6286
baseline,8,428,16.2735
baseline,8,429,16.2037
baseline,8,430,16.2155
baseline,8,431,16.0479
baseline,8,432,16.0742
baseline,8,433,16.7532
baseline,8,434,17.3112
baseline,8,435,15.9466
baseline,8,436,16.137
baseline,8,437,15.9793
baseline,8,438,16.3239
baseline,8,439,16.617
baseline,8,440,16.1339
baseline,8,441,16.2998
baseline,8,442,15.9633
baseline,8,443,16.1061
baseline,8,444,16.3097
baseline,8,445,16.0643
baseline,8,446,16.3227
baseline,8,447,16.1389
baseline,8,448,16.2143
baseline,8,449,16.1568
baseline,8,450,16.3586
baseline,8,451,16.4833
baseline,8,452,16.6238
baseline,8,453,16.5113
baseline,8,454,16.6011
baseline,8,455,16.3985
baseline,8,456,16.553
baseline,8,457,16.6882
baseline,8,458,16.2256
baseline,8,459,16.4668
baseline,8,460,16.8358
baseline,8,461,16.4683
baseline,8,462,16.8261
baseline,8,463,16.4359
baseline,8,464,16.7139
baseline,8,465,16.4608
baseline,8,466,16.5586
baseline,8,467,16.6452
baseline,8,468,16.7711
baseline,8,469,16.8019
baseline,8,470,16.3317
baseline,8,471,16.1962
baseline,8,472,17.2527
baseline,8,473,16.8759
baseline,8,474,16.9675
baseline,8,475,17.2995
baseline,8,476,17.0349
baseline,8,477,16.9791
baseline,8,478,16.3462
baseline,8,479,16.9633
baseline,8,480,17.2743
baseline,8,481,16.9899
baseline,8,482,18.2299
baseline,8,483,18.4292
baseline,8,484,17.2804
baseline,8,485,17.3234
baseline,8,486,17.127
baseline,8,487,17.0306
baseline,8,488,17.0297
baseline,8,489,17.1553
baseline,8,490,16.8569
baseline,8,491,17.5797
baseline,8,492,17.1161
baseline,8,493,17.7246
baseline,8,494,17.3425
baseline,8,495,16.9806
baseline,8,496,17.1795
baseline,8,497,16.9112
baseline,8,498,17.3206
baseline,8,499,16.97
baseline,8,500,17.5319
baseline,8,501,17.113
baseline,8,502,17.509
baseline,8,503,17.707
baseline,8,504,17.3412
baseline,8,505,16.8083
baseline,8,506,17.0882
baseline,8,507,17.1668
baseline,8,508,17.2193
baseline,8,509,17.4607
baseline,8,510,17.2855
baseline,8,511,17.2503
baseline,8,512,17.4575
baseline,8,513,17.1741
baseline,8,514,17.1142
baseline,8,515,17.3196
baseline,8,516,17.2539
baseline,8,517,17.0715
baseline,8,518,17.4071
baseline,8,519,17.4659
baseline,8,520,17.0545
baseline,8,521,17.0008
baseline,8,522,17.3245
baseline,8,523,17.2224
baseline,8,524,17.4854
baseline,8,525,17.2455
baseline,8,526,17.6146
baseline,8,527,17.3733
baseline,8,528,17.2885
baseline,8,529,16.4492
baseline,8,530,16.7171
baseline,8,531,17.3399
baseline,8,532,17.0652
baseline,8,533,17.494
baseline,8,534,16.9404
baseline,8,535,17.1887
baseline,8,536,17.3358
baseline,8,537,17.2742
baseline,8,538,17.3971
baseline,8,539,17.2953
baseline,8,540,16.9912
baseline,8,541,17.3011
baseline,8,542,17.1322
baseline,8,543,17.4044
baseline,8,544,17.2543
baseline,8,545,17.1638
baseline,8,546,17.413
baseline,8,547,17.3814
baseline,8,548,17.3597
baseline,8,549,17.1124
baseline,8,550,17.4204
baseline,8,551,17.2095
baseline,8,552,17.4323
baseline,8,553,17.5245
baseline,8,554,17.161
baseline,8,555,16.7058
baseline,8,556,16.989
baseline,8,557,16.9013
baseline,8,558,17.1798
baseline,8,559,16.9306
baseline,8,560,16.962
baseline,8,561,17.0809
baseline,8,562,17.1149
baseline,8,563,17.3756
baseline,8,564,17.128
baseline,8,565,17.2975
baseline,8,566,17.2365
baseline,8,567,17.0117
baseline,8,568,16.8741
baseline,8,569,16.8139
baseline,8,570,16.9058
baseline,8,571,17.4872
baseline,8,572,17.1504
baseline,8,573,17.4343
baseline,8,574,17.1453
baseline,8,575,16.9877
baseline,8,576,17.4287
baseline,8,577,17.1115
baseline,8,578,17.047
baseline,8,579,17.168
baseline,8,580,17.1418
baseline,8,581,16.9273
baseline,8,582,17.2572
baseline,8,583,17.5013
baseline,8,584,16.9623
baseline,8,585,17.2788
baseline,8,586,17.3309
baseline,8,587,16.8569
baseline,8,588,17.3376
baseline,8,589,17.0367
baseline,8,590,17.1179
baseline,8,591,16.9496
baseline,8,592,16.982
baseline,8,593,17.2918
baseline,8,594,17.2882
baseline,8,595,17.397
baseline,8,596,17.3154
baseline,8,597,16.8685
baseline,8,598,16.7595
baseline,8,599,16.9202
deferscale,8,0,57.9386
deferscale,8,1,10.9845
deferscale,8,2,10.9636
deferscale,8,3,11.4356
deferscale,8,4,11.0132
deferscale,8,5,11.1007
deferscale,8,6,11.1176
deferscale,8,7,11.3315
deferscale,8,8,11.3623
deferscale,8,9,10.9538
deferscale,8,10,11.4081
deferscale,8,11,11.0985
deferscale,8,12,11.2379
deferscale,8,13,11.3651
deferscale,8,14,11.4548
deferscale,8,15,11.1405
deferscale,8,16,11.3881
deferscale,8,17,11.4554
deferscale,8,18,11.499
deferscale,8,19,11.573
deferscale,8,20,11.5445
deferscale,8,21,11.3035
deferscale,8,22,11.3038
deferscale,8,23,11.5827
deferscale,8,24,11.2443
deferscale,8,25,11.0577
deferscale,8,26,11.5505
deferscale,8,27,11.3694
deferscale,8,28,11.3137
deferscale,8,29,11.6347
deferscale,8,30,11.6763
deferscale,8,31,11.7145
deferscale,8,32,11.8157
deferscale,8,33,11.5352
deferscale,8,34,11.713
deferscale,8,35,11.8668
deferscale,8,36,11.6662
deferscale,8,37,11.773
deferscale,8,38,11.7062
deferscale,8,39,11.6834
deferscale,8,40,11.6403
deferscale,8,41,11.4629
deferscale,8,42,11.932
deferscale,8,43,11.3855
deferscale,8,44,11.5729
deferscale,8,45,11.7299
deferscale,8,46,12.1389
deferscale,8,47,11.7305
deferscale,8,48,11.972
deferscale,8,49,11.8421
deferscale,8,50,11.7601
deferscale,8,51,12.177
deferscale,8,52,11.9364
deferscale,8,53,11.8993
deferscale,8,54,11.5671
deferscale,8,55,11.9744
deferscale,8,56,11.8
deferscale,8,57,12.0704
deferscale,8,58,11.9995
deferscale,8,59,11.6959
deferscale,8,60,11.7922
deferscale,8,61,11.7958
deferscale,8,62,12.0914
deferscale,8,63,11.7205
deferscale,8,64,12.0237
deferscale,8,65,12.316
deferscale,8,66,12.0184
deferscale,8,67,12.0799
deferscale,8,68,11.8554
deferscale,8,69,11.7635
deferscale,8,70,12.0056
deferscale,8,71,12.1073
deferscale,8,72,11.9917
deferscale,8,73,12.0495
deferscale,8,74,12.1823
deferscale,8,75,12.0334
deferscale,8,76,11.7777
deferscale,8,77,11.894
deferscale,8,78,12.0207
deferscale,8,79,11.8054
deferscale,8,80,12.0084
deferscale,8,81,11.8669
deferscale,8,82,12.1155
deferscale,8,83,12.362
deferscale,8,84,11.7759
deferscale,8,85,12.3528
deferscale,8,86,12.5546
deferscale,8,87,11.8019
deferscale,8,88,12.2385
deferscale,8,89,12.3804
deferscale,8,90,12.4185
deferscale,8,91,12.359
deferscale,8,92,11.6791
deferscale,8,93,11.9393
deferscale,8,94,11.7919
deferscale,8,95,12.2008
deferscale,8,96,11.9707
deferscale,8,97,12.2471
deferscale,8,98,12.5232
deferscale,8,99,13.1781
deferscale,8,100,12.4606
deferscale,8,101,12.5765
deferscale,8,102,12.4443
deferscale,8,103,12.4573
deferscale,8,104,12.258
deferscale,8,105,12.7937
deferscale,8,106,12.4508
deferscale,8,107,12.6767
deferscale,8,108,12.4145
deferscale,8,109,11.7639
deferscale,8,110,11.8635
deferscale,8,111,11.6547
deferscale,8,112,11.9055
deferscale,8,113,11.798
deferscale,8,114,12.1177
deferscale,8,115,12.321
deferscale,8,116,12.635
deferscale,8,117,13.0762
deferscale,8,118,12.3274
deferscale,8,119,12.7451
deferscale,8,120,12.6683
deferscale,8,121,12.6091
deferscale,8,122,12.9579
deferscale,8,123,13.0397
deferscale,8,124,12.8083
deferscale,8,125,13.0254
deferscale,8,126,12.9194
deferscale,8,127,12.8228
deferscale,8,128,12.7652
deferscale,8,129,12.7538
deferscale,8,130,12.6976
deferscale,8,131,13.0573
deferscale,8,132,12.9285
deferscale,8,133,12.638
deferscale,8,134,12.1538
deferscale,8,135,12.6772
deferscale,8,136,12.2774
deferscale,8,137,12.8994
deferscale,8,138,12.7036
deferscale,8,139,12.8676
deferscale,8,140,13.0317
deferscale,8,141,12.506
deferscale,8,142,12.512
deferscale,8,143,12.6915
deferscale,8,144,12.8912
deferscale,8,145,12.8225
deferscale,8,146,12.8128
deferscale,8,147,12.4723
deferscale,8,148,12.9157
deferscale,8,149,13.125
deferscale,8,150,12.827
deferscale,8,151,13.2248
deferscale,8,152,12.7157
deferscale,8,153,12.7662
deferscale,8,154,12.934
deferscale,8,155,12.9156
deferscale,8,156,12.8485
deferscale,8,157,12.9247
deferscale,8,158,12.8434
deferscale,8,159,13.157
deferscale,8,160,13.4047
deferscale,8,161,13.0917
deferscale,8,162,13.1526
deferscale,8,163,13.196
deferscale,8,164,13.256
deferscale,8,165,12.8621
deferscale,8,166,13.2002
deferscale,8,167,13.3825
deferscale,8,168,13.6344
deferscale,8,169,13.6545
deferscale,8,170,15.258
deferscale,8,171,12.8357
deferscale,8,172,12.3524
deferscale,8,173,12.7544
deferscale,8,174,12.9534
deferscale,8,175,12.9529
deferscale,8,176,13.2468
deferscale,8,177,12.9387
deferscale,8,178,13.3166
deferscale,8,179,13.1612
deferscale,8,180,13.0572
deferscale,8,181,13.0579
deferscale,8,182,12.9968
deferscale,8,183,13.3399
deferscale,8,184,13.4649
deferscale,8,185,13.3148
deferscale,8,186,12.9394
deferscale,8,187,13.4478
deferscale,8,188,13.6059
deferscale,8,189,12.6578
deferscale,8,190,13.3889
deferscale,8,191,13.8221
deferscale,8,192,13.0913
deferscale,8,193,13.2484
deferscale,8,194,13.4055
deferscale,8,195,13.5386
deferscale,8,196,13.2039
deferscale,8,197,13.0118
deferscale,8,198,13.3837
deferscale,8,199,13.5177
deferscale,8,200,13.4189
deferscale,8,201,13.3594
deferscale,8,202,13.6914
deferscale,8,203,13.5345
deferscale,8,204,13.6617
deferscale,8,205,13.3454
deferscale,8,206,13.2343
deferscale,8,207,13.7377
deferscale,8,208,13.4514
deferscale,8,209,13.2693
deferscale,8,210,13.3399
deferscale,8,211,13.8673
deferscale,8,212,13.4733
deferscale,8,213,13.5174
deferscale,8,214,13.572
deferscale,8,215,13.4068
deferscale,8,216,13.7403
deferscale,8,217,13.303
deferscale,8,218,13.4791
deferscale,8,219,13.9281
deferscale,8,220,13.3818
deferscale,8,221,13.5767
deferscale,8,222,13.4373
deferscale,8,223,13.8197
deferscale,8,224,13.5467
deferscale,8,225,13.5876
deferscale,8,226,13.4029
deferscale,8,227,13.631
deferscale,8,228,13.8945
deferscale,8,229,13.642
deferscale,8,230,13.7625
deferscale,8,231,13.3035
deferscale,8,232,13.7117
deferscale,8,233,13.7399
deferscale,8,234,13.7843
deferscale,8,235,13.6838
deferscale,8,236,13.6863
deferscale,8,237,13.9105
deferscale,8,238,13.6497
deferscale,8,239,13.796
deferscale,8,240,14.193
deferscale,8,241,14.0777
deferscale,8,242,13.8912
deferscale,8,243,13.9837
deferscale,8,244,13.911
deferscale,8,245,13.7848
deferscale,8,246,13.9734
deferscale,8,247,13.8528
deferscale,8,248,13.4838
deferscale,8,249,13.8639
deferscale,8,250,13.4734
deferscale,8,251,13.8613
deferscale,8,252,14.6289
deferscale,8,253,14.2629
deferscale,8,254,14.0923
deferscale,8,255,13.9163
deferscale,8,256,13.8151
deferscale,8,257,13.5954
deferscale,8,258,13.6407
deferscale,8,259,13.5553
deferscale,8,260,13.5185
deferscale,8,261,13.568
deferscale,8,262,13.4631
deferscale,8,263,13.5021
deferscale,8,264,13.0922
deferscale,8,265,13.562
deferscale,8,266,13.9261
deferscale,8,267,14.218
deferscale,8,268,14.3507
deferscale,8,269,14.4338
deferscale,8,270,14.038
deferscale,8,271,13.9456
deferscale,8,272,14.254
deferscale,8,273,14.3323
deferscale,8,274,13.6836
deferscale,8,275,14.3899
deferscale,8,276,14.3484
deferscale,8,277,14.2208
deferscale,8,278,14.0392
deferscale,8,279,14.2699
deferscale,8,280,14.0291
deferscale,8,281,13.9259
deferscale,8,282,14.3694
deferscale,8,283,14.1104
deferscale,8,284,13.9986
deferscale,8,285,14.5891
deferscale,8,286,14.3291
deferscale,8,287,14.5216
deferscale,8,288,14.283
deferscale,8,289,14.4373
deferscale,8,290,14.2207
deferscale,8,291,14.2234
deferscale,8,292,14.636
deferscale,8,293,14.2554
deferscale,8,294,14.488
deferscale,8,295,14.7615
deferscale,8,296,14.2548
deferscale,8,297,14.6326
deferscale,8,298,14.2991
deferscale,8,299,14.2407
deferscale,8,300,14.822
deferscale,8,301,14.0331
deferscale,8,302,14.4646
deferscale,8,303,14.552
deferscale,8,304,14.2387
deferscale,8,305,14.117
deferscale,8,306,15.0561
deferscale,8,307,14.5884
deferscale,8,308,14.4898
deferscale,8,309,14.8111
deferscale,8,310,14.7523
deferscale,8,311,14.4297
deferscale,8,312,14.8156
deferscale,8,313,14.4908
deferscale,8,314,14.5842
deferscale,8,315,14.4618
deferscale,8,316,14.315
deferscale,8,317,14.4839
deferscale,8,318,14.8027
deferscale,8,319,14.6647
deferscale,8,320,14.3881
deferscale,8,321,14.905
deferscale,8,322,14.3516
deferscale,8,323,14.5888
deferscale,8,324,14.0581
deferscale,8,325,14.666
deferscale,8,326,14.6157
deferscale,8,327,14.9708
deferscale,8,328,14.6071
deferscale,8,329,14.8528
deferscale,8,330,15.1872
deferscale,8,331,14.9871
deferscale,8,332,14.7745
deferscale,8,333,14.6728
deferscale,8,334,14.6362
deferscale,8,335,14.9502
deferscale,8,336,14.746
deferscale,8,337,14.4167
deferscale,8,338,14.9117
deferscale,8,339,14.7224
deferscale,8,340,15.0466
deferscale,8,341,15.1452
deferscale,8,342,14.9401
deferscale,8,343,15.2467
deferscale,8,344,14.8844
deferscale,8,345,14.8163
deferscale,8,346,14.7995
deferscale,8,347,15.0158
deferscale,8,348,14.9941
deferscale,8,349,14.7547
deferscale,8,350,14.9718
deferscale,8,351,14.9326
deferscale,8,352,15.2307
deferscale,8,353,14.8757
deferscale,8,354,14.9014
deferscale,8,355,14.8173
deferscale,8,356,15.0406
deferscale,8,357,14.773
deferscale,8,358,15.3056
deferscale,8,359,14.995
deferscale,8,360,15.355
deferscale,8,361,15.0189
deferscale,8,362,15.025
deferscale,8,363,15.0802
deferscale,8,364,15.0146
deferscale,8,365,15.0785
deferscale,8,366,14.8762
deferscale,8,367,14.9523
deferscale,8,368,15.1011
deferscale,8,369,15.0577
deferscale,8,370,15.4416
deferscale,8,371,14.8366
deferscale,8,372,15.1075
deferscale,8,373,14.9957
deferscale,8,374,15.257
deferscale,8,375,15.0408
deferscale,8,376,15.1352
deferscale,8,377,15.6523
deferscale,8,378,14.9285
deferscale,8,379,14.863
deferscale,8,380,15.7054
deferscale,8,381,15.0843
deferscale,8,382,15.3464
deferscale,8,383,15.1478
deferscale,8,384,15.1196
deferscale,8,385,15.1429
deferscale,8,386,15.2052
deferscale,8,387,15.1309
deferscale,8,388,15.3216
deferscale,8,389,15.5909
deferscale,8,390,15.6046
deferscale,8,391,16.041
deferscale,8,392,15.4951
deferscale,8,393,15.3237
deferscale,8,394,15.0285
deferscale,8,395,15.5417
deferscale,8,396,15.3584
deferscale,8,397,15.6105
deferscale,8,398,15.4445
deferscale,8,399,15.2565
deferscale,8,400,15.5408
deferscale,8,401,15.7296
deferscale,8,402,15.481
deferscale,8,403,15.7138
deferscale,8,404,16.0706
deferscale,8,405,15.7476
deferscale,8,406,15.59
deferscale,8,407,15.435
deferscale,8,408,15.5493
deferscale,8,409,15.8984
deferscale,8,410,15.4522
deferscale,8,411,15.6934
deferscale,8,412,15.4261
deferscale,8,413,15.7263
deferscale,8,414,15.5156
deferscale,8,415,15.796
deferscale,8,416,16.0948
deferscale,8,417,15.9717
deferscale,8,418,15.2384
deferscale,8,419,15.3027
deferscale,8,420,15.8678
deferscale,8,421,15.8881
deferscale,8,422,15.7349
deferscale,8,423,15.7135
deferscale,8,424,15.4647
deferscale,8,425,15.5785
deferscale,8,426,15.4293
deferscale,8,427,15.7674
deferscale,8,428,15.137
deferscale,8,429,15.7181
deferscale,8,430,15.5782
deferscale,8,431,16.0761
deferscale,8,432,15.8273
deferscale,8,433,15.6439
deferscale,8,434,15.9009
deferscale,8,435,15.5412
deferscale,8,436,15.4023
deferscale,8,437,15.985
deferscale,8,438,15.6825
deferscale,8,439,15.7247
deferscale,8,440,16.2359
deferscale,8,441,15.6277
deferscale,8,442,15.7875
deferscale,8,443,16.1116
deferscale,8,444,16.1396
deferscale,8,445,15.9521
deferscale,8,446,16.327
deferscale,8,447,15.7313
deferscale,8,448,15.752
deferscale,8,449,16.028
deferscale,8,450,16.1124
deferscale,8,451,16.4281
deferscale,8,452,16.0331
deferscale,8,453,15.9937
deferscale,8,454,16.3453
deferscale,8,455,16.2254
deferscale,8,456,15.9136
deferscale,8,457,15.875
deferscale,8,458,15.9627
deferscale,8,459,16.1636
deferscale,8,460,16.2499
deferscale,8,461,16.161
deferscale,8,462,16.337
deferscale,8,463,16.1103
deferscale,8,464,15.6732
deferscale,8,465,16.112
deferscale,8,466,15.8923
deferscale,8,467,16.1331
deferscale,8,468,15.9583
deferscale,8,469,16.3082
deferscale,8,470,15.9393
deferscale,8,471,16.4146
deferscale,8,472,16.7625
deferscale,8,473,16.7402
deferscale,8,474,16.9602
deferscale,8,475,16.5887
deferscale,8,476,16.742
deferscale,8,477,16.8694
deferscale,8,478,17.151
deferscale,8,479,16.9865
deferscale,8,480,17.0863
deferscale,8,481,16.6825
deferscale,8,482,16.7129
deferscale,8,483,16.8817
deferscale,8,484,16.956
deferscale,8,485,16.788
deferscale,8,486,16.8293
deferscale,8,487,16.9088
deferscale,8,488,16.9409
deferscale,8,489,16.9216
deferscale,8,490,16.5323
deferscale,8,491,16.7382
deferscale,8,492,17.055
deferscale,8,493,16.7718
deferscale,8,494,16.8794
deferscale,8,495,17.1743
deferscale,8,496,16.6784
deferscale,8,497,16.7823
deferscale,8,498,16.8098
deferscale,8,499,16.7022
deferscale,8,500,17.1236
deferscale,8,501,17.0581
deferscale,8,502,17.0957
deferscale,8,503,17.1205
deferscale,8,504,17.3357
deferscale,8,505,16.6593
deferscale,8,506,16.8752
deferscale,8,507,16.7038
deferscale,8,508,16.9441
deferscale,8,509,17.2916
deferscale,8,510,16.8818
deferscale,8,511,16.846
deferscale,8,512,16.8597
deferscale,8,513,16.7998
deferscale,8,514,16.8709
deferscale,8,515,17.1485
deferscale,8,516,24.9425
deferscale,8,517,16.5138
deferscale,8,518,16.9395
deferscale,8,519,16.8305
deferscale,8,520,16.8285
deferscale,8,521,16.9008
deferscale,8,522,17.085
deferscale,8,523,17.0668
deferscale,8,524,16.6736
deferscale,8,525,16.3617
deferscale,8,526,16.4267
deferscale,8,527,16.3941
deferscale,8,528,16.0756
deferscale,8,529,16.7858
deferscale,8,530,17.1968
deferscale,8,531,17.0305
deferscale,8,532,16.896
deferscale,8,533,16.8917
deferscale,8,534,16.9897
deferscale,8,535,16.7336
deferscale,8,536,17.1655
deferscale,8,537,17.0478
deferscale,8,538,16.9683
deferscale,8,539,16.8544
deferscale,8,540,16.9747
deferscale,8,541,17.1275
deferscale,8,542,17.143
deferscale,8,543,16.7162
deferscale,8,544,17.0343
deferscale,8,545,17.0912
deferscale,8,546,17.0015
deferscale,8,547,16.8433
deferscale,8,548,16.8876
deferscale,8,549,16.8983
deferscale,8,550,16.9166
deferscale,8,551,16.7445
deferscale,8,552,17.1499
deferscale,8,553,17.1069
deferscale,8,554,16.7198
deferscale,8,555,16.8804
deferscale,8,556,16.4626
deferscale,8,557,17.0512
deferscale,8,558,17.3337
deferscale,8,559,16.8774
deferscale,8,560,16.899
deferscale,8,561,16.6849
deferscale,8,562,16.7132
deferscale,8,563,16.8354
deferscale,8,564,16.4116
deferscale,8,565,17.2316
deferscale,8,566,16.6725
deferscale,8,567,16.7787
deferscale,8,568,16.868
deferscale,8,569,16.7967
deferscale,8,570,17.1208
deferscale,8,571,16.6459
deferscale,8,572,16.9934
deferscale,8,573,17.068
deferscale,8,574,16.6936
deferscale,8,575,17.0748
deferscale,8,576,16.8781
deferscale,8,577,16.7302
deferscale,8,578,16.8203
deferscale,8,579,16.8003
deferscale,8,580,16.6632
deferscale,8,581,16.9015
deferscale,8,582,17.285
deferscale,8,583,16.7092
deferscale,8,584,17.2427
deferscale,8,585,16.9375
deferscale,8,586,16.726
deferscale,8,587,17.1024
deferscale,8,588,16.5808
deferscale,8,589,16.3314
deferscale,8,590,16.0755
deferscale,8,591,16.713
deferscale,8,592,16.8078
deferscale,8,593,16.5017
deferscale,8,594,16.5915
deferscale,8,595,16.4059
deferscale,8,596,16.9535
deferscale,8,597,16.9473
deferscale,8,598,17.0018
deferscale,8,599,16.8472
deferscale,9,0,58.5749
deferscale,9,1,11.0804
deferscale,9,2,11.1283
deferscale,9,3,11.2533
deferscale,9,4,11.4786
deferscale,9,5,11.4838
deferscale,9,6,11.1881
deferscale,9,7,11.3128
deferscale,9,8,11.4477
deferscale,9,9,11.423
deferscale,9,10,11.1265
deferscale,9,11,11.02
deferscale,9,12,11.5072
deferscale,9,13,11.0405
deferscale,9,14,11.0572
deferscale,9,15,11.6247
deferscale,9,16,11.1375
deferscale,9,17,11.4341
deferscale,9,18,11.5941
deferscale,9,19,11.5922
deferscale,9,20,11.4521
deferscale,9,21,11.1967
deferscale,9,22,11.6748
deferscale,9,23,11.3553
deferscale,9,24,11.372
deferscale,9,25,11.6357
deferscale,9,26,11.1672
deferscale,9,27,11.419
deferscale,9,28,11.4839
deferscale,9,29,11.6322
deferscale,9,30,11.4477
deferscale,9,31,11.4809
deferscale,9,32,11.8729
deferscale,9,33,11.023
deferscale,9,34,10.85
deferscale,9,35,10.8369
deferscale,9,36,11.045
deferscale,9,37,11.7101
deferscale,9,38,11.7312
deferscale,9,39,12.0339
deferscale,9,40,11.7095
deferscale,9,41,11.7775
deferscale,9,42,11.7897
deferscale,9,43,11.3801
deferscale,9,44,11.7821
deferscale,9,45,11.8713
deferscale,9,46,11.2515
deferscale,9,47,11.6774
deferscale,9,48,11.8157
deferscale,9,49,12.838
deferscale,9,50,11.9801
deferscale,9,51,12.1775
deferscale,9,52,11.8622
deferscale,9,53,11.6928
deferscale,9,54,11.7315
deferscale,9,55,11.6986
deferscale,9,56,12.1455
deferscale,9,57,11.7294
deferscale,9,58,11.296
deferscale,9,59,11.9671
deferscale,9,60,12.0784
deferscale,9,61,11.9095
deferscale,9,62,11.649
deferscale,9,63,11.8879
deferscale,9,64,12.0936
deferscale,9,65,12.284
deferscale,9,66,11.9823
deferscale,9,67,11.7833
deferscale,9,68,12.0028
deferscale,9,69,11.8414
deferscale,9,70,11.7949
deferscale,9,71,11.8793
deferscale,9,72,12.0317
deferscale,9,73,12.1705
deferscale,9,74,12.5418
deferscale,9,75,11.8189
deferscale,9,76,12.3985
deferscale,9,77,11.9417
deferscale,9,78,12.0742
deferscale,9,79,12.2105
deferscale,9,80,12.1179
deferscale,9,81,12.2411
deferscale,9,82,12.2064
deferscale,9,83,11.9298
deferscale,9,84,12.0662
deferscale,9,85,12.2285
deferscale,9,86,12.2322
deferscale,9,87,12.4522
deferscale,9,88,12.0153
deferscale,9,89,12.0777
deferscale,9,90,12.0843
deferscale,9,91,12.2602
deferscale,9,92,11.9317
deferscale,9,93,12.5527
deferscale,9,94,11.9983
deferscale,9,95,11.3933
deferscale,9,96,12.3668
deferscale,9,97,12.5594
deferscale,9,98,12.0894
deferscale,9,99,12.2845
deferscale,9,100,12.4235
deferscale,9,101,12.5002
deferscale,9,102,12.4246
deferscale,9,103,12.234
deferscale,9,104,12.7561
deferscale,9,105,11.956
deferscale,9,106,11.8242
deferscale,9,107,12.3457
deferscale,9,108,12.2997
deferscale,9,109,12.358
deferscale,9,110,12.261
deferscale,9,111,12.4863
deferscale,9,112,12.1066
deferscale,9,113,12.0092
deferscale,9,114,12.3927
deferscale,9,115,12.5636
deferscale,9,116,12.9686
deferscale,9,117,12.5628
deferscale,9,118,12.2686
deferscale,9,119,14.7295
deferscale,9,120,15.9761
deferscale,9,121,17.495
deferscale,9,122,13.7967
deferscale,9,123,13.5153
deferscale,9,124,12.8129
deferscale,9,125,12.4744
deferscale,9,126,12.464
deferscale,9,127,13.0152
deferscale,9,128,12.4076
deferscale,9,129,12.6237
deferscale,9,130,12.702
deferscale,9,131,12.7692
deferscale,9,132,12.5992
deferscale,9,133,12.4782
deferscale,9,134,12.6882
deferscale,9,135,12.4753
deferscale,9,136,13.069
deferscale,9,137,12.3003
deferscale,9,138,12.5615
deferscale,9,139,12.882
deferscale,9,140,13.0077
deferscale,9,141,13.102
deferscale,9,142,12.2575
deferscale,9,143,12.9312
deferscale,9,144,12.7946
deferscale,9,145,12.92
deferscale,9,146,12.557
deferscale,9,147,12.63
deferscale,9,148,12.8064
deferscale,9,149,12.7822
deferscale,9,150,12.799
deferscale,9,151,12.5651
deferscale,9,152,13.0616
deferscale,9,153,13.233
deferscale,9,154,12.6235
deferscale,9,155,12.272
deferscale,9,156,12.3818
deferscale,9,157,12.7585
deferscale,9,158,13.047
deferscale,9,159,13.0017
deferscale,9,160,12.7036
deferscale,9,161,12.7697
deferscale,9,162,12.7372
deferscale,9,163,13.2077
deferscale,9,164,13.2197
deferscale,9,165,13.0551
deferscale,9,166,13.0574
deferscale,9,167,12.5589
deferscale,9,168,13.1479
deferscale,9,169,12.7712
deferscale,9,170,13.197
deferscale,9,171,12.9835
deferscale,9,172,12.9904
deferscale,9,173,13.5698
deferscale,9,174,12.9841
deferscale,9,175,13.5548
deferscale,9,176,13.0713
deferscale,9,177,13.1583
deferscale,9,178,13.1139
deferscale,9,179,13.3359
deferscale,9,180,13.0454
deferscale,9,181,13.2859
deferscale,9,182,13.3975
deferscale,9,183,13.4043
deferscale,9,184,13.0233
deferscale,9,185,13.2056
deferscale,9,186,13.4163
deferscale,9,187,13.2278
deferscale,9,188,13.2713
deferscale,9,189,13.4369
deferscale,9,190,13.2755
deferscale,9,191,13.7268
deferscale,9,192,13.0789
deferscale,9,193,13.1002
deferscale,9,194,12.9107
deferscale,9,195,14.0039
deferscale,9,196,13.0763
deferscale,9,197,13.4152
deferscale,9,198,13.3123
deferscale,9,199,13.3978
deferscale,9,200,13.395
deferscale,9,201,13.4629
deferscale,9,202,13.4796
deferscale,9,203,13.5552
deferscale,9,204,13.7042
deferscale,9,205,13.5888
deferscale,9,206,13.655
deferscale,9,207,13.6276
deferscale,9,208,14.801
deferscale,9,209,13.4832
deferscale,9,210,14.2628
deferscale,9,211,13.889
deferscale,9,212,14.1081
deferscale,9,213,13.3708
deferscale,9,214,13.5112
deferscale,9,215,13.7264
deferscale,9,216,13.8012
deferscale,9,217,13.6319
deferscale,9,218,13.3288
deferscale,9,219,13.6342
deferscale,9,220,13.6772
deferscale,9,221,13.5407
deferscale,9,222,13.9356
deferscale,9,223,14.0875
deferscale,9,224,13.5565
deferscale,9,225,13.8114
deferscale,9,226,13.6121
deferscale,9,227,13.5345
deferscale,9,228,13.9518
deferscale,9,229,13.5088
deferscale,9,230,13.9649
deferscale,9,231,14.1606
deferscale,9,232,14.0773
deferscale,9,233,13.5825
deferscale,9,234,13.8
deferscale,9,235,13.5227
deferscale,9,236,13.5168
deferscale,9,237,13.7217
deferscale,9,238,13.5973
deferscale,9,239,13.8615
deferscale,9,240,13.6273
deferscale,9,241,13.7371
deferscale,9,242,13.9853
deferscale,9,243,14.2145
deferscale,9,244,13.9155
deferscale,9,245,13.9635
deferscale,9,246,13.9712
deferscale,9,247,13.8689
deferscale,9,248,13.8447
deferscale,9,249,14.0385
deferscale,9,250,13.6173
deferscale,9,251,13.7309
deferscale,9,252,13.6743
deferscale,9,253,13.8869
deferscale,9,254,13.7721
deferscale,9,255,14.1381
deferscale,9,256,13.8998
deferscale,9,257,14.1306
deferscale,9,258,14.0076
deferscale,9,259,13.8872
deferscale,9,260,14.3003
deferscale,9,261,13.8919
deferscale,9,262,14.256
deferscale,9,263,14.2346
deferscale,9,264,14.5616
deferscale,9,265,14.1435
deferscale,9,266,14.1698
deferscale,9,267,14.2822
deferscale,9,268,14.2805
deferscale,9,269,14.5925
deferscale,9,270,14.3091
deferscale,9,271,14.4653
deferscale,9,272,14.3026
deferscale,9,273,14.3087
deferscale,9,274,14.5492
deferscale,9,275,14.1677
deferscale,9,276,14.1685
deferscale,9,277,14.575
deferscale,9,278,14.5462
deferscale,9,279,14.3755
deferscale,9,280,14.3635
deferscale,9,281,14.3494
deferscale,9,282,14.1437
deferscale,9,283,14.224
deferscale,9,284,14.5732
deferscale,9,285,14.4876
deferscale,9,286,14.4851
deferscale,9,287,14.2834
deferscale,9,288,14.7019
deferscale,9,289,14.346
deferscale,9,290,14.2119
deferscale,9,291,14.0406
deferscale,9,292,14.5147
deferscale,9,293,14.8092
deferscale,9,294,13.8078
deferscale,9,295,14.6628
deferscale,9,296,14.1535
deferscale,9,297,14.3921
deferscale,9,298,14.3441
deferscale,9,299,15.0256
deferscale,9,300,14.1846
deferscale,9,301,14.4563
deferscale,9,302,14.3901
deferscale,9,303,14.2915
deferscale,9,304,14.6825
deferscale,9,305,14.4726
deferscale,9,306,14.3266
deferscale,9,307,14.4435
deferscale,9,308,14.463
deferscale,9,309,14.6355
deferscale,9,310,13.971
deferscale,9,311,14.0095
deferscale,9,312,14.5205
deferscale,9,313,13.715
deferscale,9,314,14.2207
deferscale,9,315,14.3882
deferscale,9,316,14.5666
deferscale,9,317,14.5277
deferscale,9,318,14.8565
deferscale,9,319,14.4856
deferscale,9,320,14.8695
deferscale,9,321,15.0594
deferscale,9,322,14.515
deferscale,9,323,14.8742
deferscale,9,324,14.7362
deferscale,9,325,14.3302
deferscale,9,326,14.8686
deferscale,9,327,14.2645
deferscale,9,328,14.2663
deferscale,9,329,14.4936
deferscale,9,330,14.6448
deferscale,9,331,14.9845
deferscale,9,332,14.81
deferscale,9,333,14.5877
deferscale,9,334,14.845
deferscale,9,335,14.9385
deferscale,9,336,14.8556
deferscale,9,337,15.0412
deferscale,9,338,14.7742
deferscale,9,339,14.9627
deferscale,9,340,14.9424
deferscale,9,341,14.9459
deferscale,9,342,15.2615
deferscale,9,343,14.7148
deferscale,9,344,15.1206
deferscale,9,345,14.8125
deferscale,9,346,15.1971
deferscale,9,347,14.9053
deferscale,9,348,14.8595
deferscale,9,349,15.3087
deferscale,9,350,16.482
deferscale,9,351,15.0631
deferscale,9,352,14.9488
deferscale,9,353,14.6654
deferscale,9,354,14.326
deferscale,9,355,14.3805
deferscale,9,356,14.9876
deferscale,9,357,15.3137
deferscale,9,358,15.0701
deferscale,9,359,15.1099
deferscale,9,360,15.3244
deferscale,9,361,15.3987
deferscale,9,362,15.0699
deferscale,9,363,14.5683
deferscale,9,364,15.3913
deferscale,9,365,14.5496
deferscale,9,366,15.3057
deferscale,9,367,15.13
deferscale,9,368,15.0418
deferscale,9,369,15.2658
deferscale,9,370,15.1117
deferscale,9,371,14.8379
deferscale,9,372,15.268
deferscale,9,373,15.4854
deferscale,9,374,15.5201
deferscale,9,375,15.7417
deferscale,9,376,15.3082
deferscale,9,377,15.0715
deferscale,9,378,15.252
deferscale,9,379,15.3604
deferscale,9,380,15.7238
deferscale,9,381,15.464
deferscale,9,382,15.2547
deferscale,9,383,15.5026
deferscale,9,384,14.7124
deferscale,9,385,14.4625
deferscale,9,386,15.6988
deferscale,9,387,15.2328
deferscale,9,388,15.4651
deferscale,9,389,15.7305
deferscale,9,390,15.4578
deferscale,9,391,15.0188
deferscale,9,392,15.4269
deferscale,9,393,15.3352
deferscale,9,394,15.3115
deferscale,9,395,15.3255
deferscale,9,396,15.88
deferscale,9,397,15.9089
deferscale,9,398,15.0933
deferscale,9,399,15.316
deferscale,9,400,15.4149
deferscale,9,401,15.4029
deferscale,9,402,15.6598
deferscale,9,403,15.796
deferscale,9,404,15.5858
deferscale,9,405,16.0173
deferscale,9,406,15.7569
deferscale,9,407,15.266
deferscale,9,408,15.124
deferscale,9,409,15.1736
deferscale,9,410,15.2865
deferscale,9,411,15.4585
deferscale,9,412,15.4545
deferscale,9,413,15.6395
deferscale,9,414,15.6319
deferscale,9,415,15.7794
deferscale,9,416,15.8106
deferscale,9,417,15.7208
deferscale,9,418,15.9038
deferscale,9,419,15.6234
deferscale,9,420,15.7199
deferscale,9,421,15.6965
deferscale,9,422,15.4591
deferscale,9,423,15.5903
deferscale,9,424,15.94
deferscale,9,425,15.6966
deferscale,9,426,15.8445
deferscale,9,427,15.7319
deferscale,9,428,15.8671
deferscale,9,429,15.809
deferscale,9,430,16.0399
deferscale,9,431,15.4349
deferscale,9,432,15.9094
deferscale,9,433,15.6097
deferscale,9,434,15.318
deferscale,9,435,16.219
deferscale,9,436,16.213
deferscale,9,437,16.0344
deferscale,9,438,15.888
deferscale,9,439,15.8346
deferscale,9,440,16.0716
deferscale,9,441,16.1437
deferscale,9,442,16.143
deferscale,9,443,16.0016
deferscale,9,444,15.5899
deferscale,9,445,16.198
deferscale,9,446,15.3586
deferscale,9,447,15.2293
deferscale,9,448,15.9596
deferscale,9,449,15.469
deferscale,9,450,15.9691
deferscale,9,451,16.0259
deferscale,9,452,15.8827
deferscale,9,453,16.1265
deferscale,9,454,15.947
deferscale,9,455,15.963
deferscale,9,456,15.9077
deferscale,9,457,15.9848
deferscale,9,458,15.9891
deferscale,9,459,16.3322
deferscale,9,460,16.0153
deferscale,9,461,16.2948
deferscale,9,462,15.9677
deferscale,9,463,15.9134
deferscale,9,464,16.1868
deferscale,9,465,16.1496
deferscale,9,466,16.4146
deferscale,9,467,15.9827
deferscale,9,468,15.7978
deferscale,9,469,16.2098
deferscale,9,470,16.691
deferscale,9,471,16.001
deferscale,9,472,16.7985
deferscale,9,473,16.8877
deferscale,9,474,17.1529
deferscale,9,475,16.6923
deferscale,9,476,16.4292
deferscale,9,477,16.7981
deferscale,9,478,16.6518
deferscale,9,479,16.9043
deferscale,9,480,16.8619
deferscale,9,481,17.2162
deferscale,9,482,17.4203
deferscale,9,483,16.7736
deferscale,9,484,17.123
deferscale,9,485,16.8626
deferscale,9,486,16.9768
deferscale,9,487,16.8463
deferscale,9,488,16.9225
deferscale,9,489,16.8077
deferscale,9,490,16.9112
deferscale,9,491,16.7937
deferscale,9,492,16.8662
deferscale,9,493,16.7791
deferscale,9,494,16.8259
deferscale,9,495,17.1571
deferscale,9,496,16.483
deferscale,9,497,16.9476
deferscale,9,498,17.4954
deferscale,9,499,16.9871
deferscale,9,500,16.7871
deferscale,9,501,16.6757
deferscale,9,502,17.1618
deferscale,9,503,16.6687
deferscale,9,504,16.9651
deferscale,9,505,16.9982
deferscale,9,506,16.7909
deferscale,9,507,16.9672
deferscale,9,508,17.0023
deferscale,9,509,16.9414
deferscale,9,510,17.0376
deferscale,9,511,16.6899
deferscale,9,512,16.7737
deferscale,9,513,17.2123
deferscale,9,514,16.6234
deferscale,9,515,16.9373
deferscale,9,516,16.9148
deferscale,9,517,17.1845
deferscale,9,518,17.2122
deferscale,9,519,17.1836
deferscale,9,520,16.551
deferscale,9,521,17.2003
deferscale,9,522,16.9113
deferscale,9,523,16.8865
deferscale,9,524,16.9602
deferscale,9,525,16.7576
deferscale,9,526,16.9436
deferscale,9,527,16.9528
deferscale,9,528,16.8015
deferscale,9,529,16.6602
deferscale,9,530,16.2862
deferscale,9,531,17.2327
deferscale,9,532,17.0747
deferscale,9,533,16.6514
deferscale,9,534,17.3366
deferscale,9,535,16.8689
deferscale,9,536,16.5663
deferscale,9,537,16.7601
deferscale,9,538,16.6837
deferscale,9,539,16.7464
deferscale,9,540,16.805
deferscale,9,541,17.0074
deferscale,9,542,16.9453
deferscale,9,543,16.8242
deferscale,9,544,17.0493
deferscale,9,545,17.0598
deferscale,9,546,16.9251
deferscale,9,547,16.9131
deferscale,9,548,17.09
deferscale,9,549,16.5892
deferscale,9,550,16.833
deferscale,9,551,16.5347
deferscale,9,552,16.1779
deferscale,9,553,17.0018
deferscale,9,554,16.7136
deferscale,9,555,17.0998
deferscale,9,556,16.7957
deferscale,9,557,16.8855
deferscale,9,558,16.5076
deferscale,9,559,16.7132
deferscale,9,560,16.6943
deferscale,9,561,17.0908
deferscale,9,562,17.3672
deferscale,9,563,17.0887
deferscale,9,564,16.845
deferscale,9,565,17.2665
deferscale,9,566,16.987
deferscale,9,567,16.8245
deferscale,9,568,16.9867
deferscale,9,569,17.2117
deferscale,9,570,17.1415
deferscale,9,571,17.3579
deferscale,9,572,16.9228
deferscale,9,573,16.9454
deferscale,9,574,16.457
deferscale,9,575,17.0916
deferscale,9,576,17.0489
deferscale,9,577,17.0384
deferscale,9,578,17.3235
deferscale,9,579,17.3461
deferscale,9,580,16.86
deferscale,9,581,17.1576
deferscale,9,582,16.3985
deferscale,9,583,17.1601
deferscale,9,584,17.5583
deferscale,9,585,17.2216
deferscale,9,586,17.2979
deferscale,9,587,16.7119
deferscale,9,588,17.215
deferscale,9,589,16.8277
deferscale,9,590,16.4638
deferscale,9,591,16.8427
deferscale,9,592,17.0785
deferscale,9,593,17.1998
deferscale,9,594,17.2956
deferscale,9,595,17.098
deferscale,9,596,17.088
deferscale,9,597,16.7882
deferscale,9,598,17.5043
deferscale,9,599,17.2444
baseline,9,0,59.2175
baseline,9,1,11.4531
baseline,9,2,11.152
baseline,9,3,11.2426
baseline,9,4,11.3444
baseline,9,5,11.4285
baseline,9,6,10.7268
baseline,9,7,10.9511
baseline,9,8,11.0718
baseline,9,9,11.59
baseline,9,10,11.2055
baseline,9,11,11.0947
baseline,9,12,10.9734
baseline,9,13,10.9178
baseline,9,14,10.835
baseline,9,15,11.7424
baseline,9,16,11.5005
baseline,9,17,11.5125
baseline,9,18,11.6466
baseline,9,19,11.7747
baseline,9,20,11.5802
baseline,9,21,11.2194
baseline,9,22,11.0422
baseline,9,23,11.5384
baseline,9,24,11.6688
baseline,9,25,11.6014
baseline,9,26,11.704
baseline,9,27,11.4405
baseline,9,28,11.561
baseline,9,29,11.3063
baseline,9,30,11.3425
baseline,9,31,11.0355
baseline,9,32,11.4947
baseline,9,33,11.309
baseline,9,34,11.7046
baseline,9,35,11.8574
baseline,9,36,11.6749
baseline,9,37,11.7394
baseline,9,38,11.2667
baseline,9,39,11.4886
baseline,9,40,11.7995
baseline,9,41,11.2681
baseline,9,42,11.619
baseline,9,43,11.7814
baseline,9,44,12.1565
baseline,9,45,11.7188
baseline,9,46,11.5312
baseline,9,47,11.6056
baseline,9,48,11.5887
baseline,9,49,11.8641
baseline,9,50,11.6974
baseline,9,51,11.444
baseline,9,52,11.7733
baseline,9,53,11.6709
baseline,9,54,11.5597
baseline,9,55,11.4219
baseline,9,56,11.6248
baseline,9,57,11.8182
baseline,9,58,11.8522
baseline,9,59,11.4362
baseline,9,60,11.4945
baseline,9,61,12.0938
baseline,9,62,11.794
baseline,9,63,12.0747
baseline,9,64,12.2446
baseline,9,65,11.3587
baseline,9,66,11.285
baseline,9,67,11.7779
baseline,9,68,12.06
baseline,9,69,11.6295
baseline,9,70,12.0137
baseline,9,71,11.7017
baseline,9,72,12.6662
baseline,9,73,12.0204
baseline,9,74,12.2475
baseline,9,75,11.751
baseline,9,76,12.0161
baseline,9,77,12.271
baseline,9,78,12.1682
baseline,9,79,11.4772
baseline,9,80,11.6415
baseline,9,81,12.2642
baseline,9,82,12.0495
baseline,9,83,12.131
baseline,9,84,12.0759
baseline,9,85,11.7307
baseline,9,86,12.415
baseline,9,87,12.5204
baseline,9,88,12.0053
baseline,9,89,11.8655
baseline,9,90,12.2283
baseline,9,91,11.7162
baseline,9,92,11.8978
baseline,9,93,12.5032
baseline,9,94,12.276
baseline,9,95,12.287
baseline,9,96,11.9129
baseline,9,97,11.9726
baseline,9,98,11.7149
baseline,9,99,11.8671
baseline,9,100,11.6425
baseline,9,101,12.1756
baseline,9,102,12.4596
baseline,9,103,12.7898
baseline,9,104,12.9883
baseline,9,105,12.4166
baseline,9,106,12.0586
baseline,9,107,11.9944
baseline,9,108,12.0335
baseline,9,109,12.1043
baseline,9,110,12.207
baseline,9,111,12
baseline,9,112,12.186
baseline,9,113,12.2208
baseline,9,114,12.5924
baseline,9,115,12.2095
baseline,9,116,12.0303
baseline,9,117,12.533
baseline,9,118,12.6259
baseline,9,119,12.5727
baseline,9,120,12.1965
baseline,9,121,12.3148
baseline,9,122,12.6141
baseline,9,123,12.6161
baseline,9,124,12.8084
baseline,9,125,12.3412
baseline,9,126,12.473
baseline,9,127,12.6468
baseline,9,128,12.6261
baseline,9,129,12.8959
baseline,9,130,12.8265
baseline,9,131,12.0163
baseline,9,132,12.3687
baseline,9,133,12.0905
baseline,9,134,12.4633
baseline,9,135,12.7721
baseline,9,136,13.1249
baseline,9,137,13.5776
baseline,9,138,12.4157
baseline,9,139,12.4322
baseline,9,140,12.5423
baseline,9,141,12.5801
baseline,9,142,12.6973
baseline,9,143,12.4445
baseline,9,144,12.7804
baseline,9,145,12.9352
baseline,9,146,12.7269
baseline,9,147,12.6535
baseline,9,148,12.8234
baseline,9,149,12.5303
baseline,9,150,12.7074
baseline,9,151,12.792
baseline,9,152,12.8112
baseline,9,153,12.8664
baseline,9,154,13.0596
baseline,9,155,13.1492
baseline,9,156,12.802
baseline,9,157,12.5698
baseline,9,158,12.9078
baseline,9,159,13.2263
baseline,9,160,13.5132
baseline,9,161,12.8901
baseline,9,162,14.2188
baseline,9,163,13.5857
baseline,9,164,13.4893
baseline,9,165,13.4629
baseline,9,166,12.994
baseline,9,167,12.5963
baseline,9,168,13.0761
baseline,9,169,12.9007
baseline,9,170,12.6468
baseline,9,171,12.7639
baseline,9,172,12.5207
baseline,9,173,12.695
baseline,9,174,13.0304
baseline,9,175,12.8171
baseline,9,176,12.9895
baseline,9,177,12.9746
baseline,9,178,12.7848
baseline,9,179,12.7446
baseline,9,180,12.7656
baseline,9,181,12.5369
baseline,9,182,13.0017
baseline,9,183,12.8194
baseline,9,184,12.8511
baseline,9,185,12.7111
baseline,9,186,13.1765
baseline,9,187,12.846
baseline,9,188,13.0624
baseline,9,189,13.2332
baseline,9,190,13.3766
baseline,9,191,13.6045
baseline,9,192,13.3946
baseline,9,193,13.0701
baseline,9,194,12.8637
baseline,9,195,13.129
baseline,9,196,13.1164
baseline,9,197,12.6959
baseline,9,198,12.9135
baseline,9,199,13.0296
baseline,9,200,12.5992
baseline,9,201,13.3749
baseline,9,202,13.1616
baseline,9,203,13.0182
baseline,9,204,13.2005
baseline,9,205,13.7536
baseline,9,206,13.9731
baseline,9,207,13.5902
baseline,9,208,13.8132
baseline,9,209,13.7814
baseline,9,210,13.0732
baseline,9,211,14.0072
baseline,9,212,13.9207
baseline,9,213,13.9175
baseline,9,214,13.6148
baseline,9,215,13.8443
baseline,9,216,13.5135
baseline,9,217,13.1151
baseline,9,218,14.1186
baseline,9,219,13.7151
baseline,9,220,13.952
baseline,9,221,14.3021
baseline,9,222,13.9074
baseline,9,223,13.3796
baseline,9,224,13.5226
baseline,9,225,13.9723
baseline,9,226,13.8945
baseline,9,227,13.8021
baseline,9,228,14.1444
baseline,9,229,14.0934
baseline,9,230,14.1562
baseline,9,231,13.732
baseline,9,232,13.4243
baseline,9,233,13.7054
baseline,9,234,14.1233
baseline,9,235,14.2247
baseline,9,236,14.195
baseline,9,237,14.2395
baseline,9,238,13.9869
baseline,9,239,14.2381
baseline,9,240,13.815
baseline,9,241,13.9703
baseline,9,242,14.4601
baseline,9,243,13.7045
baseline,9,244,13.9528
baseline,9,245,14.0109
baseline,9,246,14.3532
baseline,9,247,13.4587
baseline,9,248,13.6196
baseline,9,249,14.1159
baseline,9,250,14.6078
baseline,9,251,13.5714
baseline,9,252,13.6267
baseline,9,253,14.259
baseline,9,254,13.6415
baseline,9,255,13.4792
baseline,9,256,13.3457
baseline,9,257,13.8107
baseline,9,258,13.9875
baseline,9,259,14.3027
baseline,9,260,13.7058
baseline,9,261,13.8916
baseline,9,262,13.9563
baseline,9,263,14.0525
baseline,9,264,13.7634
baseline,9,265,14.0474
baseline,9,266,14.1657
baseline,9,267,14.299
baseline,9,268,14.5791
baseline,9,269,14.3425
baseline,9,270,14.309
baseline,9,271,14.4822
baseline,9,272,14.6778
baseline,9,273,14.2922
baseline,9,274,14.6386
baseline,9,275,14.4165
baseline,9,276,14.4917
baseline,9,277,14.3676
baseline,9,278,14.4646
baseline,9,279,14.488
baseline,9,280,14.5929
baseline,9,281,14.7091
baseline,9,282,14.6382
baseline,9,283,14.576
baseline,9,284,14.3815
baseline,9,285,14.4908
baseline,9,286,14.4576
baseline,9,287,14.1647
baseline,9,288,14.018
baseline,9,289,14.3973
baseline,9,290,14.4485
baseline,9,291,14.3055
baseline,9,292,14.7742
baseline,9,293,14.4671
baseline,9,294,14.4276
baseline,9,295,14.4285
baseline,9,296,14.5435
baseline,9,297,14.5107
baseline,9,298,14.6016
baseline,9,299,14.647
baseline,9,300,14.7629
baseline,9,301,14.9481
baseline,9,302,15.1137
baseline,9,303,14.5172
baseline,9,304,14.9218
baseline,9,305,15.1142
baseline,9,306,14.8653
baseline,9,307,14.8656
baseline,9,308,15.5579
baseline,9,309,15.2495
baseline,9,310,14.727
baseline,9,311,14.691
baseline,9,312,14.9128
baseline,9,313,14.7533
baseline,9,314,14.766
baseline,9,315,14.6294
baseline,9,316,14.8765
baseline,9,317,14.9897
baseline,9,318,14.6828
baseline,9,319,15.2236
baseline,9,320,15.0546
baseline,9,321,14.4968
baseline,9,322,14.6088
baseline,9,323,15.3146
baseline,9,324,15.0496
baseline,9,325,14.627
baseline,9,326,15.0334
baseline,9,327,14.6598
baseline,9,328,15.1294
baseline,9,329,15.3148
baseline,9,330,14.9138
baseline,9,331,15.0241
baseline,9,332,15.1053
baseline,9,333,15.2268
baseline,9,334,15.2634
baseline,9,335,15.318
baseline,9,336,15.3289
baseline,9,337,14.7674
baseline,9,338,14.8091
baseline,9,339,14.8694
baseline,9,340,15.229
baseline,9,341,14.8728
baseline,9,342,15.0427
baseline,9,343,15.1397
baseline,9,344,15.1489
baseline,9,345,15.3029
baseline,9,346,15.2148
baseline,9,347,15.075
baseline,9,348,15.0831
baseline,9,349,15.3425
baseline,9,350,15.1173
baseline,9,351,15.5807
baseline,9,352,15.5696
baseline,9,353,15.333
baseline,9,354,15.3898
baseline,9,355,15.0537
baseline,9,356,15.4265
baseline,9,357,15.4859
baseline,9,358,15.3453
baseline,9,359,15.6844
baseline,9,360,14.8118
baseline,9,361,14.9262
baseline,9,362,15.4386
baseline,9,363,15.7145
baseline,9,364,15.4797
baseline,9,365,15.252
baseline,9,366,15.5349
baseline,9,367,15.3871
baseline,9,368,15.3297
baseline,9,369,15.402
baseline,9,370,15.4976
baseline,9,371,15.346
baseline,9,372,15.442
baseline,9,373,15.3909
baseline,9,374,15.3268
baseline,9,375,15.6228
baseline,9,376,15.4123
baseline,9,377,15.7419
baseline,9,378,15.633
baseline,9,379,15.7167
baseline,9,380,15.5336
baseline,9,381,15.5834
baseline,9,382,15.9243
baseline,9,383,15.3687
baseline,9,384,15.6871
baseline,9,385,15.6199
baseline,9,386,15.6185
baseline,9,387,16.2451
baseline,9,388,16.0832
baseline,9,389,15.8132
baseline,9,390,15.8955
baseline,9,391,15.4626
baseline,9,392,15.8311
baseline,9,393,15.9942
baseline,9,394,15.5456
baseline,9,395,15.7927
baseline,9,396,15.9945
baseline,9,397,15.3699
baseline,9,398,16.1933
baseline,9,399,15.775
baseline,9,400,15.5594
baseline,9,401,15.9151
baseline,9,402,15.3662
baseline,9,403,15.889
baseline,9,404,15.9117
baseline,9,405,15.7388
baseline,9,406,15.915
baseline,9,407,16.1604
baseline,9,408,16.0579
baseline,9,409,16.1417
baseline,9,410,15.913
baseline,9,411,15.9882
baseline,9,412,15.773
baseline,9,413,16.2152
baseline,9,414,16.0255
baseline,9,415,15.9483
baseline,9,416,15.7137
baseline,9,417,16.213
baseline,9,418,16.1565
baseline,9,419,16.4051
baseline,9,420,15.9361
baseline,9,421,16.1605
baseline,9,422,15.8172
baseline,9,423,15.9429
baseline,9,424,15.996
baseline,9,425,15.8427
baseline,9,426,16.2175
baseline,9,427,15.551
baseline,9,428,15.5668
baseline,9,429,16.1549
baseline,9,430,16.2468
baseline,9,431,16.2196
baseline,9,432,16.1727
baseline,9,433,16.3025
baseline,9,434,16.1263
baseline,9,435,15.9502
baseline,9,436,15.8687
baseline,9,437,15.9283
baseline,9,438,16.0254
baseline,9,439,17.174
baseline,9,440,16.3561
baseline,9,441,15.8432
baseline,9,442,16.3386
baseline,9,443,16.3265
baseline,9,444,16.4204
baseline,9,445,16.2003
baseline,9,446,16.3252
baseline,9,447,16.1771
baseline,9,448,16.0843
baseline,9,449,16.0813
baseline,9,450,16.4988
baseline,9,451,16.1761
baseline,9,452,16.1084
baseline,9,453,16.2225
baseline,9,454,16.3771
baseline,9,455,16.4059
baseline,9,456,16.4631
baseline,9,457,16.9306
baseline,9,458,16.6012
baseline,9,459,16.4804
baseline,9,460,16.6954
baseline,9,461,16.5021
baseline,9,462,16.4786
baseline,9,463,16.3874
baseline,9,464,16.3372
baseline,9,465,16.6883
baseline,9,466,16.7081
baseline,9,467,16.7025
baseline,9,468,16.8047
baseline,9,469,16.3042
baseline,9,470,16.7885
baseline,9,471,17.1098
baseline,9,472,17.4002
baseline,9,473,17.4415
baseline,9,474,16.932
baseline,9,475,17.0643
baseline,9,476,17.3652
baseline,9,477,17.4015
baseline,9,478,17.1552
baseline,9,479,17.458
baseline,9,480,17.2412
baseline,9,481,17.3494
baseline,9,482,17.2774
baseline,9,483,17.4911
baseline,9,484,17.0095
baseline,9,485,17.2475
baseline,9,486,17.4047
baseline,9,487,17.3678
baseline,9,488,17.3261
baseline,9,489,17.0603
baseline,9,490,17.1534
baseline,9,491,17.221
baseline,9,492,17.0924
baseline,9,493,17.1733
baseline,9,494,17.0177
baseline,9,495,17.3361
baseline,9,496,17.2305
baseline,9,497,17.1812
baseline,9,498,16.9692
baseline,9,499,17.3565
baseline,9,500,17.1142
baseline,9,501,17.2192
baseline,9,502,17.4351
baseline,9,503,17.1026
baseline,9,504,17.1653
baseline,9,505,17.5384
baseline,9,506,17.0458
baseline,9,507,16.9295
baseline,9,508,16.9795
baseline,9,509,16.8978
baseline,9,510,17.232
baseline,9,511,16.893
baseline,9,512,17.1152
baseline,9,513,16.8861
baseline,9,514,16.8678
baseline,9,515,17.193
baseline,9,516,17.2741
baseline,9,517,17.0511
baseline,9,518,17.1519
baseline,9,519,17.6445
baseline,9,520,16.8846
baseline,9,521,17.0792
baseline,9,522,17.2537
baseline,9,523,17.412
baseline,9,524,17.5029
baseline,9,525,17.2357
baseline,9,526,17.1985
baseline,9,527,17.1567
baseline,9,528,17.3028
baseline,9,529,17.0154
baseline,9,530,17.153
baseline,9,531,17.0723
baseline,9,532,17.0891
baseline,9,533,17.1725
baseline,9,534,17.0722
baseline,9,535,17.2087
baseline,9,536,17.5571
baseline,9,537,16.716
baseline,9,538,17.3504
baseline,9,539,17.3265
baseline,9,540,18.0638
baseline,9,541,17.038
baseline,9,542,17.0774
baseline,9,543,17.5632
baseline,9,544,17.0252
baseline,9,545,17.1291
baseline,9,546,17.2591
baseline,9,547,16.903
baseline,9,548,17.1408
baseline,9,549,17.2675
baseline,9,550,16.6672
baseline,9,551,16.6937
baseline,9,552,17.4432
baseline,9,553,17.527
baseline,9,554,17.1588
baseline,9,555,17.1367
baseline,9,556,16.9729
baseline,9,557,17.5298
baseline,9,558,17.9273
baseline,9,559,17.0016
baseline,9,560,16.8417
baseline,9,561,17.0941
baseline,9,562,16.9013
baseline,9,563,17.4293
baseline,9,564,17.1686
baseline,9,565,17.0117
baseline,9,566,17.1187
baseline,9,567,17.1679
baseline,9,568,17.479
baseline,9,569,17.331
baseline,9,570,16.7069
baseline,9,571,16.7637
baseline,9,572,17.0179
baseline,9,573,16.8472
baseline,9,574,17.1333
baseline,9,575,17.1072
baseline,9,576,17.3421
baseline,9,577,17.2826
baseline,9,578,17.3214
baseline,9,579,17.2234
baseline,9,580,17.118
baseline,9,581,17.1812
baseline,9,582,17.0675
baseline,9,583,17.2367
baseline,9,584,17.5707
baseline,9,585,16.6378
baseline,9,586,16.9569
baseline,9,587,17.3761
baseline,9,588,17.318
baseline,9,589,17.4002
baseline,9,590,17.6064
baseline,9,591,16.9699
baseline,9,592,17.1728
baseline,9,593,17.1863
baseline,9,594,17.2443
baseline,9,595,17.179
baseline,9,596,17.2486
baseline,9,597,17.211
baseline,9,598,17.1224
baseline,9,599,16.8029
