variant,rep,token_index,time_ms
deferscale,0,0,56.5305
deferscale,0,1,11.019
deferscale,0,2,11.3142
deferscale,0,3,10.9939
deferscale,0,4,10.8896
deferscale,0,5,11.1435
deferscale,0,6,10.9802
deferscale,0,7,10.702
deferscale,0,8,10.7017
deferscale,0,9,11.096
deferscale,0,10,11.0197
deferscale,0,11,11.2601
deferscale,0,12,10.7597
deferscale,0,13,11.1808
deferscale,0,14,10.9678
deferscale,0,15,10.7718
deferscale,0,16,10.6501
deferscale,0,17,10.8547
deferscale,0,18,10.9428
deferscale,0,19,11.1241
deferscale,0,20,10.8959
deferscale,0,21,11.3122
deferscale,0,22,11.7023
deferscale,0,23,10.8144
deferscale,0,24,11.3016
deferscale,0,25,11.3566
deferscale,0,26,11.4473
deferscale,0,27,11.8851
deferscale,0,28,11.6619
deferscale,0,29,11.164
deferscale,0,30,11.322
deferscale,0,31,11.3747
deferscale,0,32,10.9841
deferscale,0,33,11.4537
deferscale,0,34,11.7081
deferscale,0,35,12.072
deferscale,0,36,12.0601
deferscale,0,37,11.741
deferscale,0,38,11.3707
deferscale,0,39,11.7392
deferscale,0,40,11.5409
deferscale,0,41,11.2588
deferscale,0,42,11.4304
deferscale,0,43,11.6156
deferscale,0,44,11.4875
deferscale,0,45,11.4044
deferscale,0,46,11.9175
deferscale,0,47,11.6657
deferscale,0,48,11.6849
deferscale,0,49,11.8384
deferscale,0,50,11.8282
deferscale,0,51,11.5328
deferscale,0,52,11.8036
deferscale,0,53,11.9002
deferscale,0,54,11.5747
deferscale,0,55,11.6451
deferscale,0,56,11.9916
deferscale,0,57,12.0273
deferscale,0,58,11.952
deferscale,0,59,11.9482
deferscale,0,60,11.5232
deferscale,0,61,11.5333
deferscale,0,62,11.4166
deferscale,0,63,11.6233
deferscale,0,64,11.3549
deferscale,0,65,11.4371
deferscale,0,66,11.5611
deferscale,0,67,11.3782
deferscale,0,68,11.0115
deferscale,0,69,11.3821
deferscale,0,70,11.9263
deferscale,0,71,12.268
deferscale,0,72,11.7748
deferscale,0,73,11.9334
deferscale,0,74,12.1684
deferscale,0,75,12.4343
deferscale,0,76,11.695
deferscale,0,77,12.2095
deferscale,0,78,12.3912
deferscale,0,79,12.1083
deferscale,0,80,11.8214
deferscale,0,81,12.6773
deferscale,0,82,12.2717
deferscale,0,83,12.1989
deferscale,0,84,12.1996
deferscale,0,85,11.9159
deferscale,0,86,11.9423
deferscale,0,87,11.8653
deferscale,0,88,12.5667
deferscale,0,89,12.0572
deferscale,0,90,11.9695
deferscale,0,91,12.2534
deferscale,0,92,12.7072
deferscale,0,93,13.1801
deferscale,0,94,12.0803
deferscale,0,95,11.7825
deferscale,0,96,12.2961
deferscale,0,97,12.1331
deferscale,0,98,12.7712
deferscale,0,99,12.3896
deferscale,0,100,12.314
deferscale,0,101,12.4017
deferscale,0,102,12.1355
deferscale,0,103,12.2427
deferscale,0,104,11.9036
deferscale,0,105,12.3577
deferscale,0,106,12.4587
deferscale,0,107,12.3406
deferscale,0,108,12.4215
deferscale,0,109,12.2535
deferscale,0,110,12.7447
deferscale,0,111,12.6307
deferscale,0,112,12.2014
deferscale,0,113,12.3429
deferscale,0,114,12.1849
deferscale,0,115,12.4995
deferscale,0,116,12.1986
deferscale,0,117,12.4941
deferscale,0,118,12.456
deferscale,0,119,12.4205
deferscale,0,120,12.7355
deferscale,0,121,12.3785
deferscale,0,122,12.742
deferscale,0,123,12.4921
deferscale,0,124,12.6862
deferscale,0,125,12.3963
deferscale,0,126,12.2908
deferscale,0,127,12.5054
deferscale,0,128,12.36
deferscale,0,129,12.3652
deferscale,0,130,12.453
deferscale,0,131,12.2301
deferscale,0,132,12.7255
deferscale,0,133,12.4302
deferscale,0,134,12.7479
deferscale,0,135,12.7268
deferscale,0,136,12.5933
deferscale,0,137,12.485
deferscale,0,138,12.5181
deferscale,0,139,12.5153
deferscale,0,140,12.5701
deferscale,0,141,12.7206
deferscale,0,142,12.9638
deferscale,0,143,12.7972
deferscale,0,144,12.8659
deferscale,0,145,12.4153
deferscale,0,146,12.6446
deferscale,0,147,12.8843
deferscale,0,148,12.8112
deferscale,0,149,12.0853
deferscale,0,150,12.7273
deferscale,0,151,12.6783
deferscale,0,152,12.932
deferscale,0,153,12.686
deferscale,0,154,13.0216
deferscale,0,155,12.8844
deferscale,0,156,12.4615
deferscale,0,157,12.6098
deferscale,0,158,13.1965
deferscale,0,159,12.8007
deferscale,0,160,12.8221
deferscale,0,161,12.661
deferscale,0,162,12.769
deferscale,0,163,12.7134
deferscale,0,164,12.9462
deferscale,0,165,13.1669
deferscale,0,166,12.9137
deferscale,0,167,12.9372
deferscale,0,168,13.0607
deferscale,0,169,13.2652
deferscale,0,170,12.8584
deferscale,0,171,12.9345
deferscale,0,172,12.9355
deferscale,0,173,12.8771
deferscale,0,174,12.9725
deferscale,0,175,13.0476
deferscale,0,176,13.0126
deferscale,0,177,12.8492
deferscale,0,178,12.1726
deferscale,0,179,12.4738
deferscale,0,180,12.7942
deferscale,0,181,13.0805
deferscale,0,182,13.0263
deferscale,0,183,12.784
deferscale,0,184,12.7299
deferscale,0,185,13.2571
deferscale,0,186,13.0918
deferscale,0,187,13.2694
deferscale,0,188,13.1521
deferscale,0,189,13.1263
deferscale,0,190,13.354
deferscale,0,191,13.0303
deferscale,0,192,13.2951
deferscale,0,193,13.1425
deferscale,0,194,13.1055
deferscale,0,195,13.1964
deferscale,0,196,13.5414
deferscale,0,197,13.536
deferscale,0,198,13.3045
deferscale,0,199,13.1382
deferscale,0,200,13.3742
deferscale,0,201,13.4098
deferscale,0,202,13.2905
deferscale,0,203,12.988
deferscale,0,204,13.4905
deferscale,0,205,13.4053
deferscale,0,206,13.6186
deferscale,0,207,13.226
deferscale,0,208,13.0393
deferscale,0,209,13.2703
deferscale,0,210,13.2453
deferscale,0,211,13.2347
deferscale,0,212,13.8184
deferscale,0,213,13.3048
deferscale,0,214,13.5162
deferscale,0,215,13.271
deferscale,0,216,13.2702
deferscale,0,217,13.6875
deferscale,0,218,13.6403
deferscale,0,219,13.3583
deferscale,0,220,13.1353
deferscale,0,221,13.8189
deferscale,0,222,13.2703
deferscale,0,223,13.285
deferscale,0,224,13.6502
deferscale,0,225,13.4735
deferscale,0,226,13.4734
deferscale,0,227,13.7458
deferscale,0,228,13.5451
deferscale,0,229,13.9603
deferscale,0,230,13.5535
deferscale,0,231,13.6892
deferscale,0,232,13.7588
deferscale,0,233,13.5049
deferscale,0,234,13.6022
deferscale,0,235,13.9789
deferscale,0,236,13.9328
deferscale,0,237,13.8391
deferscale,0,238,13.3885
deferscale,0,239,13.5187
deferscale,0,240,13.6635
deferscale,0,241,13.8251
deferscale,0,242,13.5694
deferscale,0,243,13.6662
deferscale,0,244,13.5708
deferscale,0,245,13.6096
deferscale,0,246,14.0596
deferscale,0,247,13.8852
deferscale,0,248,14.0363
deferscale,0,249,13.6891
deferscale,0,250,13.8257
deferscale,0,251,13.8151
deferscale,0,252,13.832
deferscale,0,253,13.9858
deferscale,0,254,13.5243
deferscale,0,255,13.7854
deferscale,0,256,13.9997
deferscale,0,257,13.7913
deferscale,0,258,14.2515
deferscale,0,259,13.6777
deferscale,0,260,13.985
deferscale,0,261,14.0453
deferscale,0,262,14.219
deferscale,0,263,13.8478
deferscale,0,264,14.5462
deferscale,0,265,13.5749
deferscale,0,266,13.8688
deferscale,0,267,14.001
deferscale,0,268,13.7329
deferscale,0,269,13.0887
deferscale,0,270,13.1707
deferscale,0,271,14.2825
deferscale,0,272,13.8086
deferscale,0,273,13.826
deferscale,0,274,13.9893
deferscale,0,275,14.3461
deferscale,0,276,13.6843
deferscale,0,277,14.0837
deferscale,0,278,14.2745
deferscale,0,279,13.9793
deferscale,0,280,14.1086
deferscale,0,281,14.201
deferscale,0,282,13.947
deferscale,0,283,13.9843
deferscale,0,284,14.2458
deferscale,0,285,13.9345
deferscale,0,286,14.4803
deferscale,0,287,14.2011
deferscale,0,288,14.3967
deferscale,0,289,13.9969
deferscale,0,290,14.2939
deferscale,0,291,14.105
deferscale,0,292,14.0888
deferscale,0,293,14.2295
deferscale,0,294,14.4812
deferscale,0,295,14.279
deferscale,0,296,14.5125
deferscale,0,297,14.2493
deferscale,0,298,14.0891
deferscale,0,299,14.2385
deferscale,0,300,14.1814
deferscale,0,301,14.3961
deferscale,0,302,14.6674
deferscale,0,303,14.2712
deferscale,0,304,14.3363
deferscale,0,305,14.0443
deferscale,0,306,14.5462
deferscale,0,307,14.6478
deferscale,0,308,14.2987
deferscale,0,309,14.2157
deferscale,0,310,14.112
deferscale,0,311,14.5313
deferscale,0,312,14.3237
deferscale,0,313,14.1138
deferscale,0,314,14.2157
deferscale,0,315,14.1931
deferscale,0,316,14.3305
deferscale,0,317,14.653
deferscale,0,318,14.54
deferscale,0,319,14.3102
deferscale,0,320,14.3468
deferscale,0,321,14.6977
deferscale,0,322,14.4286
deferscale,0,323,14.3838
deferscale,0,324,14.303
deferscale,0,325,14.7864
deferscale,0,326,14.2743
deferscale,0,327,14.29
deferscale,0,328,14.6386
deferscale,0,329,14.6504
deferscale,0,330,14.3482
deferscale,0,331,14.4987
deferscale,0,332,20.2136
deferscale,0,333,17.9847
deferscale,0,334,15.5977
deferscale,0,335,15.6212
deferscale,0,336,14.4101
deferscale,0,337,14.2707
deferscale,0,338,14.5004
deferscale,0,339,14.5103
deferscale,0,340,14.9266
deferscale,0,341,14.5491
deferscale,0,342,15.064
deferscale,0,343,14.8124
deferscale,0,344,14.8215
deferscale,0,345,14.6686
deferscale,0,346,15.3097
deferscale,0,347,14.9696
deferscale,0,348,15.0355
deferscale,0,349,15.0014
deferscale,0,350,14.6221
deferscale,0,351,14.6193
deferscale,0,352,14.5262
deferscale,0,353,14.9782
deferscale,0,354,14.4649
deferscale,0,355,14.6095
deferscale,0,356,15.2438
deferscale,0,357,14.6603
deferscale,0,358,14.7769
deferscale,0,359,14.8237
deferscale,0,360,15.1594
deferscale,0,361,14.9595
deferscale,0,362,14.7475
deferscale,0,363,14.5578
deferscale,0,364,14.9782
deferscale,0,365,14.1732
deferscale,0,366,16.819
deferscale,0,367,15.2763
deferscale,0,368,14.7183
deferscale,0,369,15.0307
deferscale,0,370,14.7455
deferscale,0,371,14.8358
deferscale,0,372,14.8636
deferscale,0,373,14.9389
deferscale,0,374,15.0213
deferscale,0,375,14.8405
deferscale,0,376,14.961
deferscale,0,377,14.8447
deferscale,0,378,14.8409
deferscale,0,379,15.1495
deferscale,0,380,14.8373
deferscale,0,381,14.8493
deferscale,0,382,15.3232
deferscale,0,383,15.1833
deferscale,0,384,15.2476
deferscale,0,385,14.696
deferscale,0,386,14.4518
deferscale,0,387,14.7186
deferscale,0,388,14.8127
deferscale,0,389,14.7128
deferscale,0,390,14.9765
deferscale,0,391,15.5303
deferscale,0,392,14.9745
deferscale,0,393,14.8767
deferscale,0,394,15.0454
deferscale,0,395,15.1926
deferscale,0,396,15.0654
deferscale,0,397,14.9015
deferscale,0,398,15.252
deferscale,0,399,15.0335
deferscale,0,400,15.3215
deferscale,0,401,15.2207
deferscale,0,402,15.8518
deferscale,0,403,15.0677
deferscale,0,404,15.0482
deferscale,0,405,15.2686
deferscale,0,406,14.9819
deferscale,0,407,15.4877
deferscale,0,408,15.509
deferscale,0,409,15.3734
deferscale,0,410,15.7698
deferscale,0,411,15.2995
deferscale,0,412,15.1534
deferscale,0,413,15.05
deferscale,0,414,15.4216
deferscale,0,415,15.3846
deferscale,0,416,15.3826
deferscale,0,417,15.4661
deferscale,0,418,15.3468
deferscale,0,419,15.4482
deferscale,0,420,14.9671
deferscale,0,421,15.537
deferscale,0,422,15.1605
deferscale,0,423,15.3775
deferscale,0,424,15.4515
deferscale,0,425,15.5885
deferscale,0,426,15.4483
deferscale,0,427,15.1553
deferscale,0,428,15.3853
deferscale,0,429,15.3198
deferscale,0,430,15.4127
deferscale,0,431,15.781
deferscale,0,432,15.3556
deferscale,0,433,15.6456
deferscale,0,434,15.2307
deferscale,0,435,15.5865
deferscale,0,436,15.006
deferscale,0,437,15.6674
deferscale,0,438,15.4908
deferscale,0,439,15.4063
deferscale,0,440,15.3195
deferscale,0,441,15.6752
deferscale,0,442,15.5779
deferscale,0,443,15.2311
deferscale,0,444,15.8708
deferscale,0,445,15.9431
deferscale,0,446,15.6523
deferscale,0,447,15.3125
deferscale,0,448,15.7189
deferscale,0,449,16.0267
deferscale,0,450,15.7462
deferscale,0,451,15.7146
deferscale,0,452,15.3285
deferscale,0,453,15.7923
deferscale,0,454,15.6932
deferscale,0,455,15.7543
deferscale,0,456,15.5544
deferscale,0,457,15.7129
deferscale,0,458,15.7581
deferscale,0,459,15.9915
deferscale,0,460,15.1703
deferscale,0,461,15.5779
deferscale,0,462,15.4825
deferscale,0,463,15.376
deferscale,0,464,15.5269
deferscale,0,465,15.9155
deferscale,0,466,16.2734
deferscale,0,467,15.7415
deferscale,0,468,15.9901
deferscale,0,469,15.7357
deferscale,0,470,15.9518
deferscale,0,471,16.1314
deferscale,0,472,16.2653
deferscale,0,473,16.4707
deferscale,0,474,16.0143
deferscale,0,475,15.7317
deferscale,0,476,16.833
deferscale,0,477,16.2023
deferscale,0,478,16.5719
deferscale,0,479,16.5973
deferscale,0,480,16.2757
deferscale,0,481,16.5296
deferscale,0,482,16.5584
deferscale,0,483,16.5571
deferscale,0,484,16.3223
deferscale,0,485,16.6024
deferscale,0,486,16.0304
deferscale,0,487,16.5936
deferscale,0,488,16.2357
deferscale,0,489,16.3392
deferscale,0,490,16.3615
deferscale,0,491,16.2939
deferscale,0,492,16.2392
deferscale,0,493,16.5839
deferscale,0,494,16.3065
deferscale,0,495,16.4238
deferscale,0,496,16.696
deferscale,0,497,16.1993
deferscale,0,498,16.2339
deferscale,0,499,16.6702
deferscale,0,500,16.4271
deferscale,0,501,16.3281
deferscale,0,502,16.1718
deferscale,0,503,16.4055
deferscale,0,504,16.8934
deferscale,0,505,16.5649
deferscale,0,506,16.5953
deferscale,0,507,16.5599
deferscale,0,508,16.43
deferscale,0,509,16.2494
deferscale,0,510,16.4395
deferscale,0,511,16.4453
deferscale,0,512,16.7472
deferscale,0,513,16.2068
deferscale,0,514,16.1341
deferscale,0,515,16.0733
deferscale,0,516,17.0475
deferscale,0,517,16.6612
deferscale,0,518,16.4214
deferscale,0,519,16.8801
deferscale,0,520,16.605
deferscale,0,521,16.5247
deferscale,0,522,16.2056
deferscale,0,523,16.29
deferscale,0,524,16.5305
deferscale,0,525,16.9656
deferscale,0,526,16.6182
deferscale,0,527,16.5501
deferscale,0,528,16.5695
deferscale,0,529,16.9119
deferscale,0,530,16.3145
deferscale,0,531,16.383
deferscale,0,532,16.7278
deferscale,0,533,16.2894
deferscale,0,534,16.314
deferscale,0,535,16.2326
deferscale,0,536,16.6501
deferscale,0,537,16.6656
deferscale,0,538,16.6043
deferscale,0,539,16.3696
deferscale,0,540,16.202
deferscale,0,541,16.6616
deferscale,0,542,16.4814
deferscale,0,543,16.324
deferscale,0,544,16.5563
deferscale,0,545,16.4729
deferscale,0,546,16.4229
deferscale,0,547,16.2091
deferscale,0,548,16.4228
deferscale,0,549,16.169
deferscale,0,550,16.8303
deferscale,0,551,16.1901
deferscale,0,552,16.6365
deferscale,0,553,16.4854
deferscale,0,554,16.3568
deferscale,0,555,16.3445
deferscale,0,556,16.5948
deferscale,0,557,16.0022
deferscale,0,558,16.1602
deferscale,0,559,16.523
deferscale,0,560,16.5727
deferscale,0,561,16.4449
deferscale,0,562,16.5502
deferscale,0,563,17.0686
deferscale,0,564,16.7422
deferscale,0,565,16.6792
deferscale,0,566,16.4486
deferscale,0,567,17.1378
deferscale,0,568,16.4164
deferscale,0,569,16.9132
deferscale,0,570,16.7494
deferscale,0,571,16.3285
deferscale,0,572,16.4055
deferscale,0,573,16.5944
deferscale,0,574,16.3859
deferscale,0,575,16.2142
deferscale,0,576,16.3304
deferscale,0,577,16.5756
deferscale,0,578,16.5805
deferscale,0,579,16.2225
deferscale,0,580,16.5532
deferscale,0,581,16.3637
deferscale,0,582,16.1461
deferscale,0,583,16.1391
deferscale,0,584,16.1328
deferscale,0,585,16.4695
deferscale,0,586,16.5259
deferscale,0,587,16.9736
deferscale,0,588,16.2395
deferscale,0,589,16.5955
deferscale,0,590,16.5701
deferscale,0,591,16.7623
deferscale,0,592,16.666
deferscale,0,593,16.152
deferscale,0,594,16.3438
deferscale,0,595,16.6435
deferscale,0,596,16.6224
deferscale,0,597,16.4138
deferscale,0,598,16.7371
deferscale,0,599,16.6255
interleaved,0,0,57.5458
interleaved,0,1,11.3892
interleaved,0,2,11.7864
interleaved,0,3,10.9489
interleaved,0,4,11.2771
interleaved,0,5,11.2871
interleaved,0,6,11.2535
interleaved,0,7,11.3462
interleaved,0,8,11.244
interleaved,0,9,10.7896
interleaved,0,10,10.8042
interleaved,0,11,11.3312
interleaved,0,12,10.9756
interleaved,0,13,11.2686
interleaved,0,14,10.7582
interleaved,0,15,10.7413
interleaved,0,16,10.7009
interleaved,0,17,10.9822
interleaved,0,18,11.292
interleaved,0,19,11.1203
interleaved,0,20,11.3484
interleaved,0,21,11.4475
interleaved,0,22,11.5874
interleaved,0,23,11.5889
interleaved,0,24,11.4506
interleaved,0,25,11.3767
interleaved,0,26,11.6983
interleaved,0,27,11.5725
interleaved,0,28,11.8647
interleaved,0,29,11.4857
interleaved,0,30,11.6471
interleaved,0,31,11.9555
interleaved,0,32,12.0852
interleaved,0,33,11.5943
interleaved,0,34,11.5392
interleaved,0,35,11.7519
interleaved,0,36,11.8967
interleaved,0,37,11.5916
interleaved,0,38,11.2522
interleaved,0,39,11.7469
interleaved,0,40,11.925
interleaved,0,41,11.5728
interleaved,0,42,11.7955
interleaved,0,43,11.3798
interleaved,0,44,11.6815
interleaved,0,45,11.7014
interleaved,0,46,11.3317
interleaved,0,47,11.9435
interleaved,0,48,11.648
interleaved,0,49,11.7081
interleaved,0,50,11.7103
interleaved,0,51,11.5603
interleaved,0,52,12.0082
interleaved,0,53,11.8015
interleaved,0,54,11.6659
interleaved,0,55,11.7586
interleaved,0,56,11.8955
interleaved,0,57,11.663
interleaved,0,58,12.1315
interleaved,0,59,11.9478
interleaved,0,60,11.8572
interleaved,0,61,11.8527
interleaved,0,62,12.0099
interleaved,0,63,12.5648
interleaved,0,64,12.3651
interleaved,0,65,12.2635
interleaved,0,66,11.8108
interleaved,0,67,11.7631
interleaved,0,68,11.6092
interleaved,0,69,13.0838
interleaved,0,70,11.454
interleaved,0,71,11.8445
interleaved,0,72,11.6997
interleaved,0,73,11.771
interleaved,0,74,12.127
interleaved,0,75,12.0457
interleaved,0,76,12.053
interleaved,0,77,12.0999
interleaved,0,78,11.7945
interleaved,0,79,11.937
interleaved,0,80,12.2535
interleaved,0,81,12.2691
interleaved,0,82,12.1673
interleaved,0,83,11.8188
interleaved,0,84,11.9693
interleaved,0,85,12.1204
interleaved,0,86,12.4748
interleaved,0,87,12.9777
interleaved,0,88,12.8107
interleaved,0,89,12.9687
interleaved,0,90,12.5443
interleaved,0,91,12.0259
interleaved,0,92,12.3982
interleaved,0,93,12.2797
interleaved,0,94,12.3774
interleaved,0,95,12.2482
interleaved,0,96,12.0164
interleaved,0,97,12.342
interleaved,0,98,12.3184
interleaved,0,99,12.3818
interleaved,0,100,12.0821
interleaved,0,101,12.304
interleaved,0,102,12.21
interleaved,0,103,12.2952
interleaved,0,104,12.3874
interleaved,0,105,12.4534
interleaved,0,106,12.4132
interleaved,0,107,12.3633
interleaved,0,108,12.3929
interleaved,0,109,12.1608
interleaved,0,110,12.206
interleaved,0,111,12.1709
interleaved,0,112,12.1811
interleaved,0,113,12.3458
interleaved,0,114,12.1621
interleaved,0,115,12.6087
interleaved,0,116,12.3969
interleaved,0,117,12.5111
interleaved,0,118,12.2307
interleaved,0,119,12.2482
interleaved,0,120,12.3438
interleaved,0,121,12.6776
interleaved,0,122,12.4393
interleaved,0,123,12.5185
interleaved,0,124,12.5127
interleaved,0,125,12.7763
interleaved,0,126,12.5552
interleaved,0,127,12.4652
interleaved,0,128,12.2432
interleaved,0,129,12.4178
interleaved,0,130,12.7792
interleaved,0,131,12.6487
interleaved,0,132,12.1339
interleaved,0,133,12.0992
interleaved,0,134,12.3463
interleaved,0,135,12.2565
interleaved,0,136,12.7528
interleaved,0,137,12.4223
interleaved,0,138,12.7292
interleaved,0,139,12.5981
interleaved,0,140,12.5589
interleaved,0,141,12.3852
interleaved,0,142,12.6598
interleaved,0,143,12.5251
interleaved,0,144,12.3178
interleaved,0,145,12.4111
interleaved,0,146,12.6547
interleaved,0,147,12.4756
interleaved,0,148,12.3245
interleaved,0,149,12.7222
interleaved,0,150,12.611
interleaved,0,151,12.6653
interleaved,0,152,12.8675
interleaved,0,153,12.9332
interleaved,0,154,12.4505
interleaved,0,155,12.3957
interleaved,0,156,12.74
interleaved,0,157,12.2377
interleaved,0,158,13.1052
interleaved,0,159,12.6825
interleaved,0,160,12.6807
interleaved,0,161,12.9492
interleaved,0,162,12.8762
interleaved,0,163,12.8034
interleaved,0,164,12.9182
interleaved,0,165,13.1749
interleaved,0,166,12.4558
interleaved,0,167,12.5898
interleaved,0,168,12.9153
interleaved,0,169,12.7234
interleaved,0,170,12.7108
interleaved,0,171,12.1872
interleaved,0,172,12.952
interleaved,0,173,12.6813
interleaved,0,174,12.4407
interleaved,0,175,12.263
interleaved,0,176,12.541
interleaved,0,177,12.4382
interleaved,0,178,12.4301
interleaved,0,179,12.5202
interleaved,0,180,12.421
interleaved,0,181,12.442
interleaved,0,182,12.3596
interleaved,0,183,12.942
interleaved,0,184,13.3275
interleaved,0,185,13.0311
interleaved,0,186,12.9812
interleaved,0,187,13.1546
interleaved,0,188,13.0902
interleaved,0,189,13.2842
interleaved,0,190,13.334
interleaved,0,191,13.6125
interleaved,0,192,13.1333
interleaved,0,193,13.2453
interleaved,0,194,13.2239
interleaved,0,195,12.9822
interleaved,0,196,13.3878
interleaved,0,197,13.041
interleaved,0,198,13.1342
interleaved,0,199,13.5116
interleaved,0,200,13.5018
interleaved,0,201,13.1222
interleaved,0,202,13.2192
interleaved,0,203,13.5715
interleaved,0,204,13.375
interleaved,0,205,13.2341
interleaved,0,206,12.9795
interleaved,0,207,12.7393
interleaved,0,208,13.0891
interleaved,0,209,13.2853
interleaved,0,210,13.6608
interleaved,0,211,13.6384
interleaved,0,212,13.4732
interleaved,0,213,13.4461
interleaved,0,214,21.3138
interleaved,0,215,13.388
interleaved,0,216,13.2466
interleaved,0,217,13.0765
interleaved,0,218,13.5985
interleaved,0,219,13.2026
interleaved,0,220,12.9512
interleaved,0,221,13.564
interleaved,0,222,13.1258
interleaved,0,223,13.416
interleaved,0,224,13.318
interleaved,0,225,13.5329
interleaved,0,226,13.3327
interleaved,0,227,13.4138
interleaved,0,228,14.0231
interleaved,0,229,13.6093
interleaved,0,230,13.9018
interleaved,0,231,13.6601
interleaved,0,232,13.4176
interleaved,0,233,13.5708
interleaved,0,234,13.9579
interleaved,0,235,13.8825
interleaved,0,236,13.5714
interleaved,0,237,13.5834
interleaved,0,238,13.8145
interleaved,0,239,13.4447
interleaved,0,240,13.8003
interleaved,0,241,13.4841
interleaved,0,242,13.7118
interleaved,0,243,13.6024
interleaved,0,244,13.646
interleaved,0,245,13.6871
interleaved,0,246,13.6571
interleaved,0,247,13.5617
interleaved,0,248,13.6854
interleaved,0,249,14.1174
interleaved,0,250,13.8476
interleaved,0,251,14.0075
interleaved,0,252,13.8312
interleaved,0,253,13.4553
interleaved,0,254,13.915
interleaved,0,255,13.8201
interleaved,0,256,14.028
interleaved,0,257,13.6616
interleaved,0,258,13.8838
interleaved,0,259,13.7682
interleaved,0,260,13.563
interleaved,0,261,14.0327
interleaved,0,262,13.7809
interleaved,0,263,13.9041
interleaved,0,264,14.3413
interleaved,0,265,14.104
interleaved,0,266,13.9516
interleaved,0,267,13.7643
interleaved,0,268,13.9226
interleaved,0,269,14.2024
interleaved,0,270,14.2129
interleaved,0,271,13.7285
interleaved,0,272,13.9468
interleaved,0,273,13.9157
interleaved,0,274,14.2607
interleaved,0,275,14.2651
interleaved,0,276,14.3556
interleaved,0,277,14.1515
interleaved,0,278,14.211
interleaved,0,279,14.0549
interleaved,0,280,14.0439
interleaved,0,281,13.8298
interleaved,0,282,13.6651
interleaved,0,283,14.2928
interleaved,0,284,14.1478
interleaved,0,285,14.0004
interleaved,0,286,13.8239
interleaved,0,287,14.0115
interleaved,0,288,14.1033
interleaved,0,289,13.8606
interleaved,0,290,13.9056
interleaved,0,291,14.307
interleaved,0,292,14.1483
interleaved,0,293,14.368
interleaved,0,294,14.0957
interleaved,0,295,13.8288
interleaved,0,296,14.003
interleaved,0,297,14.0188
interleaved,0,298,14.1536
interleaved,0,299,14.2369
interleaved,0,300,13.8851
interleaved,0,301,14.0215
interleaved,0,302,14.5265
interleaved,0,303,13.6665
interleaved,0,304,14.0874
interleaved,0,305,14.3954
interleaved,0,306,13.909
interleaved,0,307,14.2604
interleaved,0,308,14.3025
interleaved,0,309,14.6582
interleaved,0,310,14.2492
interleaved,0,311,14.0725
interleaved,0,312,14.535
interleaved,0,313,14.4968
interleaved,0,314,14.6119
interleaved,0,315,14.2148
interleaved,0,316,14.155
interleaved,0,317,14.2731
interleaved,0,318,14.1925
interleaved,0,319,15.198
interleaved,0,320,14.3334
interleaved,0,321,14.8198
interleaved,0,322,14.4102
interleaved,0,323,14.6033
interleaved,0,324,14.176
interleaved,0,325,13.8425
interleaved,0,326,14.124
interleaved,0,327,14.1913
interleaved,0,328,14.1426
interleaved,0,329,14.2737
interleaved,0,330,14.5949
interleaved,0,331,14.5139
interleaved,0,332,14.5594
interleaved,0,333,14.8108
interleaved,0,334,14.2987
interleaved,0,335,14.7565
interleaved,0,336,14.9306
interleaved,0,337,14.6451
interleaved,0,338,14.6193
interleaved,0,339,14.5636
interleaved,0,340,14.9325
interleaved,0,341,14.7152
interleaved,0,342,14.4358
interleaved,0,343,14.6332
interleaved,0,344,15.0614
interleaved,0,345,14.877
interleaved,0,346,14.3208
interleaved,0,347,14.7262
interleaved,0,348,14.4827
interleaved,0,349,14.7549
interleaved,0,350,14.6439
interleaved,0,351,14.4356
interleaved,0,352,14.4416
interleaved,0,353,14.8498
interleaved,0,354,14.7884
interleaved,0,355,14.5978
interleaved,0,356,14.4975
interleaved,0,357,15.0792
interleaved,0,358,14.6506
interleaved,0,359,14.6277
interleaved,0,360,14.3916
interleaved,0,361,14.7325
interleaved,0,362,14.5029
interleaved,0,363,14.5345
interleaved,0,364,14.7715
interleaved,0,365,14.567
interleaved,0,366,15.0509
interleaved,0,367,15.0371
interleaved,0,368,14.989
interleaved,0,369,15.2705
interleaved,0,370,15.8485
interleaved,0,371,15.1667
interleaved,0,372,14.8452
interleaved,0,373,14.8296
interleaved,0,374,14.4733
interleaved,0,375,14.8381
interleaved,0,376,15.0367
interleaved,0,377,15.0708
interleaved,0,378,14.6211
interleaved,0,379,14.96
interleaved,0,380,14.7684
interleaved,0,381,14.9216
interleaved,0,382,14.9909
interleaved,0,383,14.7652
interleaved,0,384,14.5217
interleaved,0,385,14.7576
interleaved,0,386,14.8727
interleaved,0,387,14.9807
interleaved,0,388,14.9125
interleaved,0,389,15.1514
interleaved,0,390,15.2408
interleaved,0,391,14.689
interleaved,0,392,14.6977
interleaved,0,393,15.0702
interleaved,0,394,15.5089
interleaved,0,395,15.1319
interleaved,0,396,14.7308
interleaved,0,397,15.1058
interleaved,0,398,14.8725
interleaved,0,399,15.0712
interleaved,0,400,15.0545
interleaved,0,401,15.0347
interleaved,0,402,15.0852
interleaved,0,403,15.1501
interleaved,0,404,15.2274
interleaved,0,405,14.9911
interleaved,0,406,15.1738
interleaved,0,407,15.1393
interleaved,0,408,14.5159
interleaved,0,409,14.737
interleaved,0,410,14.7713
interleaved,0,411,14.7154
interleaved,0,412,14.8178
interleaved,0,413,14.6998
interleaved,0,414,14.6263
interleaved,0,415,14.6546
interleaved,0,416,14.9168
interleaved,0,417,15.0653
interleaved,0,418,14.6188
interleaved,0,419,14.8795
interleaved,0,420,14.7353
interleaved,0,421,14.9053
interleaved,0,422,14.9768
interleaved,0,423,14.9303
interleaved,0,424,14.6844
interleaved,0,425,14.7879
interleaved,0,426,15.3639
interleaved,0,427,14.8263
interleaved,0,428,14.7833
interleaved,0,429,14.9002
interleaved,0,430,15.1732
interleaved,0,431,14.9253
interleaved,0,432,15.2794
interleaved,0,433,14.8256
interleaved,0,434,14.926
interleaved,0,435,15.1291
interleaved,0,436,15.0788
interleaved,0,437,14.9445
interleaved,0,438,14.852
interleaved,0,439,14.7225
interleaved,0,440,14.9695
interleaved,0,441,14.7539
interleaved,0,442,14.7725
interleaved,0,443,15.0255
interleaved,0,444,14.9321
interleaved,0,445,14.7466
interleaved,0,446,14.9325
interleaved,0,447,15.0168
interleaved,0,448,14.9399
interleaved,0,449,15.4125
interleaved,0,450,15.8048
interleaved,0,451,15.0742
interleaved,0,452,15.0983
interleaved,0,453,15.4073
interleaved,0,454,15.2131
interleaved,0,455,14.8949
interleaved,0,456,14.9377
interleaved,0,457,14.9485
interleaved,0,458,15.6598
interleaved,0,459,15.4439
interleaved,0,460,15.4035
interleaved,0,461,15.3881
interleaved,0,462,15.0466
interleaved,0,463,15.7548
interleaved,0,464,15.3871
interleaved,0,465,15.0579
interleaved,0,466,15.3563
interleaved,0,467,15.305
interleaved,0,468,15.4555
interleaved,0,469,15.4932
interleaved,0,470,15.884
interleaved,0,471,15.8436
interleaved,0,472,15.964
interleaved,0,473,15.9438
interleaved,0,474,16.7306
interleaved,0,475,16.7086
interleaved,0,476,16.5069
interleaved,0,477,16.4954
interleaved,0,478,16.9979
interleaved,0,479,16.889
interleaved,0,480,16.5779
interleaved,0,481,16.5704
interleaved,0,482,16.3299
interleaved,0,483,16.5622
interleaved,0,484,16.3538
interleaved,0,485,16.2315
interleaved,0,486,15.8769
interleaved,0,487,16.0611
interleaved,0,488,16.4693
interleaved,0,489,16.7513
interleaved,0,490,16.5352
interleaved,0,491,16.1593
interleaved,0,492,16.6506
interleaved,0,493,16.3851
interleaved,0,494,16.6254
interleaved,0,495,16.479
interleaved,0,496,16.1723
interleaved,0,497,15.7833
interleaved,0,498,15.8545
interleaved,0,499,15.8336
interleaved,0,500,15.7606
interleaved,0,501,16.974
interleaved,0,502,16.0688
interleaved,0,503,15.8486
interleaved,0,504,16.4722
interleaved,0,505,16.4276
interleaved,0,506,15.886
interleaved,0,507,16.2441
interleaved,0,508,16.3293
interleaved,0,509,15.8018
interleaved,0,510,15.7295
interleaved,0,511,15.7861
interleaved,0,512,16.9616
interleaved,0,513,16.4913
interleaved,0,514,16.2372
interleaved,0,515,16.6637
interleaved,0,516,16.8729
interleaved,0,517,16.6181
interleaved,0,518,16.1832
interleaved,0,519,16.2495
interleaved,0,520,16.4726
interleaved,0,521,16.0828
interleaved,0,522,15.636
interleaved,0,523,16.0619
interleaved,0,524,15.9022
interleaved,0,525,16.2763
interleaved,0,526,16.4034
interleaved,0,527,16.4833
interleaved,0,528,16.1445
interleaved,0,529,16.6259
interleaved,0,530,16.6716
interleaved,0,531,16.7528
interleaved,0,532,16.6142
interleaved,0,533,16.5658
interleaved,0,534,16.2447
interleaved,0,535,16.5395
interleaved,0,536,16.4703
interleaved,0,537,16.5287
interleaved,0,538,16.3369
interleaved,0,539,16.2489
interleaved,0,540,16.561
interleaved,0,541,16.9087
interleaved,0,542,16.5849
interleaved,0,543,15.9514
interleaved,0,544,16.0501
interleaved,0,545,16.0689
interleaved,0,546,16.411
interleaved,0,547,15.9973
interleaved,0,548,16.2013
interleaved,0,549,16.3532
interleaved,0,550,16.3025
interleaved,0,551,16.2937
interleaved,0,552,16.5551
interleaved,0,553,16.7198
interleaved,0,554,16.4067
interleaved,0,555,16.222
interleaved,0,556,16.3609
interleaved,0,557,16.295
interleaved,0,558,16.1425
interleaved,0,559,16.2785
interleaved,0,560,16.2952
interleaved,0,561,16.6928
interleaved,0,562,16.968
interleaved,0,563,16.6981
interleaved,0,564,16.2969
interleaved,0,565,15.8283
interleaved,0,566,16.5449
interleaved,0,567,16.2207
interleaved,0,568,16.3751
interleaved,0,569,16.4146
interleaved,0,570,16.643
interleaved,0,571,16.5182
interleaved,0,572,16.5454
interleaved,0,573,16.6314
interleaved,0,574,16.6624
interleaved,0,575,16.6495
interleaved,0,576,15.9981
interleaved,0,577,16.0021
interleaved,0,578,16.9189
interleaved,0,579,16.445
interleaved,0,580,16.7428
interleaved,0,581,16.6346
interleaved,0,582,16.5419
interleaved,0,583,16.3055
interleaved,0,584,16.3715
interleaved,0,585,16.2324
interleaved,0,586,16.2781
interleaved,0,587,16.154
interleaved,0,588,16.449
interleaved,0,589,16.3407
interleaved,0,590,16.7003
interleaved,0,591,16.3785
interleaved,0,592,16.8235
interleaved,0,593,16.4462
interleaved,0,594,16.195
interleaved,0,595,16.2947
interleaved,0,596,16.7445
interleaved,0,597,16.4856
interleaved,0,598,16.231
interleaved,0,599,16.7194
interleaved,1,0,56.8776
interleaved,1,1,11.1541
interleaved,1,2,10.9491
interleaved,1,3,10.9515
interleaved,1,4,11.2715
interleaved,1,5,10.8368
interleaved,1,6,11.3843
interleaved,1,7,11.2112
interleaved,1,8,11.2026
interleaved,1,9,11.1062
interleaved,1,10,11.2438
interleaved,1,11,11.0922
interleaved,1,12,11.557
interleaved,1,13,11.2367
interleaved,1,14,11.3344
interleaved,1,15,11.9462
interleaved,1,16,11.3429
interleaved,1,17,11.2281
interleaved,1,18,11.3223
interleaved,1,19,11.226
interleaved,1,20,11.5602
interleaved,1,21,11.5041
interleaved,1,22,11.3238
interleaved,1,23,11.5143
interleaved,1,24,11.5775
interleaved,1,25,11.5271
interleaved,1,26,11.7251
interleaved,1,27,11.592
interleaved,1,28,11.5267
interleaved,1,29,11.6934
interleaved,1,30,11.5666
interleaved,1,31,12.0729
interleaved,1,32,11.6494
interleaved,1,33,12.1383
interleaved,1,34,11.433
interleaved,1,35,11.6211
interleaved,1,36,11.9681
interleaved,1,37,12.1312
interleaved,1,38,11.272
interleaved,1,39,11.539
interleaved,1,40,11.8737
interleaved,1,41,11.5727
interleaved,1,42,11.4688
interleaved,1,43,11.4392
interleaved,1,44,11.6355
interleaved,1,45,11.8911
interleaved,1,46,11.7611
interleaved,1,47,11.8476
interleaved,1,48,11.8775
interleaved,1,49,11.7476
interleaved,1,50,12.1958
interleaved,1,51,11.9427
interleaved,1,52,11.942
interleaved,1,53,11.9875
interleaved,1,54,11.8289
interleaved,1,55,11.9057
interleaved,1,56,11.7839
interleaved,1,57,12.0404
interleaved,1,58,11.9352
interleaved,1,59,11.8961
interleaved,1,60,12.0653
interleaved,1,61,11.8502
interleaved,1,62,11.977
interleaved,1,63,11.7872
interleaved,1,64,11.9482
interleaved,1,65,11.8869
interleaved,1,66,12.1245
interleaved,1,67,11.8464
interleaved,1,68,11.6268
interleaved,1,69,11.6679
interleaved,1,70,12.2485
interleaved,1,71,11.9525
interleaved,1,72,11.771
interleaved,1,73,12.0806
interleaved,1,74,12.3928
interleaved,1,75,11.8278
interleaved,1,76,12.1222
interleaved,1,77,12.0326
interleaved,1,78,12.0398
interleaved,1,79,12.0663
interleaved,1,80,11.9829
interleaved,1,81,11.8903
interleaved,1,82,12.3456
interleaved,1,83,11.8835
interleaved,1,84,12.1244
interleaved,1,85,11.9909
interleaved,1,86,11.7344
interleaved,1,87,11.7942
interleaved,1,88,12.093
interleaved,1,89,11.9285
interleaved,1,90,12.0793
interleaved,1,91,12.1595
interleaved,1,92,12.0295
interleaved,1,93,12.4448
interleaved,1,94,11.8517
interleaved,1,95,12.1337
interleaved,1,96,12.0834
interleaved,1,97,12.1119
interleaved,1,98,12.2179
interleaved,1,99,12.4958
interleaved,1,100,12.727
interleaved,1,101,12.0094
interleaved,1,102,12.3015
interleaved,1,103,11.9824
interleaved,1,104,12.0924
interleaved,1,105,12.1714
interleaved,1,106,12.2845
interleaved,1,107,12.4123
interleaved,1,108,12.4134
interleaved,1,109,12.4013
interleaved,1,110,12.786
interleaved,1,111,12.2759
interleaved,1,112,12.4097
interleaved,1,113,12.4968
interleaved,1,114,12.3714
interleaved,1,115,12.3535
interleaved,1,116,12.5872
interleaved,1,117,12.2568
interleaved,1,118,11.8761
interleaved,1,119,12.3954
interleaved,1,120,12.6643
interleaved,1,121,12.6531
interleaved,1,122,12.4627
interleaved,1,123,12.6532
interleaved,1,124,12.4259
interleaved,1,125,12.3528
interleaved,1,126,13.4793
interleaved,1,127,12.2457
interleaved,1,128,12.3178
interleaved,1,129,12.2724
interleaved,1,130,12.2284
interleaved,1,131,12.5145
interleaved,1,132,12.8084
interleaved,1,133,12.4663
interleaved,1,134,12.3328
interleaved,1,135,12.647
interleaved,1,136,12.6592
interleaved,1,137,12.4154
interleaved,1,138,12.6918
interleaved,1,139,12.4093
interleaved,1,140,12.5685
interleaved,1,141,12.5358
interleaved,1,142,12.6795
interleaved,1,143,12.7852
interleaved,1,144,12.6374
interleaved,1,145,12.2315
interleaved,1,146,12.149
interleaved,1,147,12.4369
interleaved,1,148,12.5886
interleaved,1,149,12.4137
interleaved,1,150,13.1423
interleaved,1,151,12.4637
interleaved,1,152,12.7978
interleaved,1,153,13.0001
interleaved,1,154,12.873
interleaved,1,155,12.4722
interleaved,1,156,12.883
interleaved,1,157,12.6205
interleaved,1,158,12.7296
interleaved,1,159,13.0546
interleaved,1,160,12.9403
interleaved,1,161,12.7802
interleaved,1,162,12.2524
interleaved,1,163,12.6684
interleaved,1,164,12.8245
interleaved,1,165,12.7697
interleaved,1,166,12.73
interleaved,1,167,12.5712
interleaved,1,168,12.2671
interleaved,1,169,12.6013
interleaved,1,170,13.0341
interleaved,1,171,13.0933
interleaved,1,172,13.258
interleaved,1,173,12.8369
interleaved,1,174,12.8856
interleaved,1,175,13.0843
interleaved,1,176,13.199
interleaved,1,177,12.9344
interleaved,1,178,12.8759
interleaved,1,179,12.8866
interleaved,1,180,13.3971
interleaved,1,181,13.5008
interleaved,1,182,13.2015
interleaved,1,183,13.2771
interleaved,1,184,13.1324
interleaved,1,185,13.1706
interleaved,1,186,13.2003
interleaved,1,187,13.059
interleaved,1,188,13.0907
interleaved,1,189,13.0952
interleaved,1,190,12.4013
interleaved,1,191,12.9368
interleaved,1,192,13.0339
interleaved,1,193,13.285
interleaved,1,194,12.922
interleaved,1,195,13.6284
interleaved,1,196,13.2818
interleaved,1,197,13.1501
interleaved,1,198,13.7207
interleaved,1,199,13.3414
interleaved,1,200,13.576
interleaved,1,201,13.4114
interleaved,1,202,13.5415
interleaved,1,203,13.5215
interleaved,1,204,13.4522
interleaved,1,205,13.6155
interleaved,1,206,13.2628
interleaved,1,207,14.0358
interleaved,1,208,13.6652
interleaved,1,209,13.3097
interleaved,1,210,13.4655
interleaved,1,211,13.4862
interleaved,1,212,13.6445
interleaved,1,213,13.6995
interleaved,1,214,13.3149
interleaved,1,215,13.2171
interleaved,1,216,13.1246
interleaved,1,217,13.3626
interleaved,1,218,13.7417
interleaved,1,219,13.338
interleaved,1,220,13.6914
interleaved,1,221,13.7038
interleaved,1,222,13.619
interleaved,1,223,13.5459
interleaved,1,224,13.5639
interleaved,1,225,13.4955
interleaved,1,226,13.5657
interleaved,1,227,13.4736
interleaved,1,228,13.5538
interleaved,1,229,13.6739
interleaved,1,230,13.4381
interleaved,1,231,13.946
interleaved,1,232,13.3772
interleaved,1,233,13.4867
interleaved,1,234,13.4078
interleaved,1,235,13.8447
interleaved,1,236,13.7333
interleaved,1,237,13.7645
interleaved,1,238,13.6267
interleaved,1,239,13.4456
interleaved,1,240,13.2665
interleaved,1,241,13.863
interleaved,1,242,13.5224
interleaved,1,243,13.5718
interleaved,1,244,13.846
interleaved,1,245,13.5205
interleaved,1,246,13.6002
interleaved,1,247,13.7578
interleaved,1,248,13.7789
interleaved,1,249,13.8153
interleaved,1,250,13.7888
interleaved,1,251,13.8777
interleaved,1,252,14.5943
interleaved,1,253,13.3571
interleaved,1,254,13.545
interleaved,1,255,12.9513
interleaved,1,256,14.582
interleaved,1,257,13.8199
interleaved,1,258,13.6502
interleaved,1,259,18.6607
interleaved,1,260,20.7773
interleaved,1,261,17.5186
interleaved,1,262,15.3367
interleaved,1,263,13.7472
interleaved,1,264,13.9047
interleaved,1,265,14.1346
interleaved,1,266,14.1538
interleaved,1,267,13.6835
interleaved,1,268,13.359
interleaved,1,269,13.8408
interleaved,1,270,13.4854
interleaved,1,271,13.5435
interleaved,1,272,13.2551
interleaved,1,273,13.4489
interleaved,1,274,14.1586
interleaved,1,275,13.264
interleaved,1,276,13.648
interleaved,1,277,13.6005
interleaved,1,278,14.014
interleaved,1,279,13.7717
interleaved,1,280,13.6626
interleaved,1,281,13.4327
interleaved,1,282,13.6226
interleaved,1,283,14.2327
interleaved,1,284,14.1377
interleaved,1,285,13.7782
interleaved,1,286,13.9328
interleaved,1,287,14.4934
interleaved,1,288,14.2678
interleaved,1,289,13.8791
interleaved,1,290,14.1768
interleaved,1,291,14.412
interleaved,1,292,13.7801
interleaved,1,293,14.1851
interleaved,1,294,14.1523
interleaved,1,295,13.7157
interleaved,1,296,13.745
interleaved,1,297,13.8225
interleaved,1,298,14.0777
interleaved,1,299,14.0805
interleaved,1,300,13.5257
interleaved,1,301,13.8547
interleaved,1,302,13.6268
interleaved,1,303,13.7485
interleaved,1,304,14.1307
interleaved,1,305,13.7062
interleaved,1,306,13.8821
interleaved,1,307,14.1055
interleaved,1,308,14.1665
interleaved,1,309,13.9243
interleaved,1,310,13.7159
interleaved,1,311,13.9823
interleaved,1,312,13.4927
interleaved,1,313,14.0213
interleaved,1,314,13.5
interleaved,1,315,13.6718
interleaved,1,316,13.9935
interleaved,1,317,13.7056
interleaved,1,318,14.1313
interleaved,1,319,14.3958
interleaved,1,320,13.9043
interleaved,1,321,13.8232
interleaved,1,322,14.2727
interleaved,1,323,13.999
interleaved,1,324,14.0745
interleaved,1,325,13.4678
interleaved,1,326,14.6954
interleaved,1,327,15.2539
interleaved,1,328,14.4964
interleaved,1,329,14.4982
interleaved,1,330,14.4566
interleaved,1,331,15.0828
interleaved,1,332,14.5037
interleaved,1,333,14.8359
interleaved,1,334,13.824
interleaved,1,335,14.7727
interleaved,1,336,14.5341
interleaved,1,337,14.6791
interleaved,1,338,14.0452
interleaved,1,339,14.534
interleaved,1,340,14.4852
interleaved,1,341,13.652
interleaved,1,342,14.5108
interleaved,1,343,14.2743
interleaved,1,344,14.1691
interleaved,1,345,14.3457
interleaved,1,346,14.3187
interleaved,1,347,14.2608
interleaved,1,348,14.8955
interleaved,1,349,14.7432
interleaved,1,350,14.8759
interleaved,1,351,14.9067
interleaved,1,352,14.8921
interleaved,1,353,14.5932
interleaved,1,354,14.891
interleaved,1,355,14.7135
interleaved,1,356,14.7264
interleaved,1,357,15.2405
interleaved,1,358,14.9416
interleaved,1,359,14.5225
interleaved,1,360,14.763
interleaved,1,361,15.1825
interleaved,1,362,15.3037
interleaved,1,363,15.1662
interleaved,1,364,14.9975
interleaved,1,365,14.7758
interleaved,1,366,14.6916
interleaved,1,367,14.2167
interleaved,1,368,15.0431
interleaved,1,369,14.9202
interleaved,1,370,14.6483
interleaved,1,371,14.9656
interleaved,1,372,15.2945
interleaved,1,373,14.7893
interleaved,1,374,14.61
interleaved,1,375,15.3167
interleaved,1,376,15.116
interleaved,1,377,15.0043
interleaved,1,378,14.8595
interleaved,1,379,14.9548
interleaved,1,380,15.0631
interleaved,1,381,15.0427
interleaved,1,382,14.8914
interleaved,1,383,15.195
interleaved,1,384,14.6023
interleaved,1,385,15.2722
interleaved,1,386,15.3187
interleaved,1,387,15.2187
interleaved,1,388,15.2361
interleaved,1,389,15.2445
interleaved,1,390,15.0117
interleaved,1,391,15.9054
interleaved,1,392,15.6203
interleaved,1,393,15.4372
interleaved,1,394,15.4683
interleaved,1,395,15.4155
interleaved,1,396,15.584
interleaved,1,397,15.4441
interleaved,1,398,15.3357
interleaved,1,399,15.4153
interleaved,1,400,14.9536
interleaved,1,401,15.5361
interleaved,1,402,15.5667
interleaved,1,403,15.4158
interleaved,1,404,15.3372
interleaved,1,405,15.5664
interleaved,1,406,15.6448
interleaved,1,407,15.398
interleaved,1,408,15.7637
interleaved,1,409,15.4054
interleaved,1,410,15.7398
interleaved,1,411,15.2558
interleaved,1,412,15.6357
interleaved,1,413,15.2013
interleaved,1,414,15.5942
interleaved,1,415,15.2931
interleaved,1,416,15.298
interleaved,1,417,15.4846
interleaved,1,418,15.447
interleaved,1,419,15.4438
interleaved,1,420,15.319
interleaved,1,421,15.129
interleaved,1,422,15.4321
interleaved,1,423,15.4479
interleaved,1,424,15.7902
interleaved,1,425,15.1886
interleaved,1,426,14.8236
interleaved,1,427,15.3298
interleaved,1,428,14.9914
interleaved,1,429,15.2813
interleaved,1,430,15.2538
interleaved,1,431,15.226
interleaved,1,432,15.0482
interleaved,1,433,15.4529
interleaved,1,434,15.4593
interleaved,1,435,15.1519
interleaved,1,436,15.1965
interleaved,1,437,15.2218
interleaved,1,438,15.3185
interleaved,1,439,15.4005
interleaved,1,440,15.5262
interleaved,1,441,15.5684
interleaved,1,442,15.6616
interleaved,1,443,15.7204
interleaved,1,444,15.573
interleaved,1,445,15.8078
interleaved,1,446,16.1221
interleaved,1,447,15.5741
interleaved,1,448,15.4191
interleaved,1,449,15.8779
interleaved,1,450,16.0837
interleaved,1,451,15.91
interleaved,1,452,16.1348
interleaved,1,453,15.6353
interleaved,1,454,15.6005
interleaved,1,455,15.8017
interleaved,1,456,15.9314
interleaved,1,457,15.7433
interleaved,1,458,15.9207
interleaved,1,459,15.6497
interleaved,1,460,15.7593
interleaved,1,461,15.5862
interleaved,1,462,15.5582
interleaved,1,463,15.6657
interleaved,1,464,15.783
interleaved,1,465,15.6904
interleaved,1,466,15.8958
interleaved,1,467,15.6288
interleaved,1,468,16.003
interleaved,1,469,15.7699
interleaved,1,470,15.7435
interleaved,1,471,16.5392
interleaved,1,472,17.0677
interleaved,1,473,16.8334
interleaved,1,474,16.5489
interleaved,1,475,16.8087
interleaved,1,476,16.9156
interleaved,1,477,16.5525
interleaved,1,478,16.6882
interleaved,1,479,16.3832
interleaved,1,480,17.0083
interleaved,1,481,16.4067
interleaved,1,482,17.3001
interleaved,1,483,16.4757
interleaved,1,484,16.4951
interleaved,1,485,17.0048
interleaved,1,486,16.8723
interleaved,1,487,17.0232
interleaved,1,488,16.5856
interleaved,1,489,16.4602
interleaved,1,490,16.6243
interleaved,1,491,16.4787
interleaved,1,492,16.2653
interleaved,1,493,16.457
interleaved,1,494,16.354
interleaved,1,495,16.4392
interleaved,1,496,16.7138
interleaved,1,497,16.9898
interleaved,1,498,16.6901
interleaved,1,499,16.6263
interleaved,1,500,16.6115
interleaved,1,501,16.3303
interleaved,1,502,16.604
interleaved,1,503,16.8876
interleaved,1,504,17.3055
interleaved,1,505,16.6967
interleaved,1,506,16.7465
interleaved,1,507,16.886
interleaved,1,508,16.6017
interleaved,1,509,16.5155
interleaved,1,510,16.679
interleaved,1,511,16.3317
interleaved,1,512,16.6265
interleaved,1,513,16.6398
interleaved,1,514,16.5507
interleaved,1,515,15.9708
interleaved,1,516,15.8435
interleaved,1,517,16.401
interleaved,1,518,16.7305
interleaved,1,519,16.3523
interleaved,1,520,17.1409
interleaved,1,521,16.6005
interleaved,1,522,16.3429
interleaved,1,523,16.2523
interleaved,1,524,16.9648
interleaved,1,525,17.1987
interleaved,1,526,16.3264
interleaved,1,527,16.5063
interleaved,1,528,16.2311
interleaved,1,529,16.6425
interleaved,1,530,16.4853
interleaved,1,531,16.4638
interleaved,1,532,16.6908
interleaved,1,533,16.9205
interleaved,1,534,16.2935
interleaved,1,535,16.4648
interleaved,1,536,16.7247
interleaved,1,537,16.799
interleaved,1,538,16.6448
interleaved,1,539,16.6988
interleaved,1,540,16.3487
interleaved,1,541,16.581
interleaved,1,542,16.3356
interleaved,1,543,16.4513
interleaved,1,544,16.4742
interleaved,1,545,16.8268
interleaved,1,546,16.5035
interleaved,1,547,16.9225
interleaved,1,548,16.4875
interleaved,1,549,16.4025
interleaved,1,550,16.9097
interleaved,1,551,16.6668
interleaved,1,552,16.7962
interleaved,1,553,15.7707
interleaved,1,554,15.6998
interleaved,1,555,15.8325
interleaved,1,556,17.0228
interleaved,1,557,16.8206
interleaved,1,558,17.0377
interleaved,1,559,16.8657
interleaved,1,560,16.4652
interleaved,1,561,16.596
interleaved,1,562,16.3683
interleaved,1,563,16.2644
interleaved,1,564,16.402
interleaved,1,565,16.4918
interleaved,1,566,16.9029
interleaved,1,567,16.5604
interleaved,1,568,16.5296
interleaved,1,569,16.5909
interleaved,1,570,16.9015
interleaved,1,571,16.3619
interleaved,1,572,16.2408
interleaved,1,573,16.7091
interleaved,1,574,16.709
interleaved,1,575,16.8038
interleaved,1,576,16.6053
interleaved,1,577,16.4536
interleaved,1,578,16.4581
interleaved,1,579,16.9021
interleaved,1,580,16.8541
interleaved,1,581,17.2495
interleaved,1,582,16.9399
interleaved,1,583,16.7682
interleaved,1,584,16.3846
interleaved,1,585,15.9778
interleaved,1,586,16.5803
interleaved,1,587,17.4574
interleaved,1,588,16.9153
interleaved,1,589,16.6983
interleaved,1,590,16.6454
interleaved,1,591,16.8803
interleaved,1,592,16.6041
interleaved,1,593,17.356
interleaved,1,594,16.7271
interleaved,1,595,17.0508
interleaved,1,596,16.4162
interleaved,1,597,16.5028
interleaved,1,598,17.4503
interleaved,1,599,16.612
deferscale,1,0,58.6195
deferscale,1,1,11.2632
deferscale,1,2,11.4015
deferscale,1,3,11.2777
deferscale,1,4,11.5182
deferscale,1,5,11.4347
deferscale,1,6,11.4113
deferscale,1,7,12.0841
deferscale,1,8,11.8762
deferscale,1,9,11.7151
deferscale,1,10,12.2372
deferscale,1,11,11.6017
deferscale,1,12,11.9718
deferscale,1,13,12.1821
deferscale,1,14,11.7577
deferscale,1,15,11.7237
deferscale,1,16,11.5043
deferscale,1,17,11.741
deferscale,1,18,11.1218
deferscale,1,19,11.6377
deferscale,1,20,11.7518
deferscale,1,21,11.448
deferscale,1,22,11.581
deferscale,1,23,11.8102
deferscale,1,24,11.3909
deferscale,1,25,11.7797
deferscale,1,26,11.7243
deferscale,1,27,11.6764
deferscale,1,28,11.5989
deferscale,1,29,11.6838
deferscale,1,30,11.5884
deferscale,1,31,11.6658
deferscale,1,32,11.9343
deferscale,1,33,12.0409
deferscale,1,34,11.7085
deferscale,1,35,11.6405
deferscale,1,36,11.5274
deferscale,1,37,11.5076
deferscale,1,38,11.9869
deferscale,1,39,11.7647
deferscale,1,40,11.7483
deferscale,1,41,11.8159
deferscale,1,42,12.0647
deferscale,1,43,11.6147
deferscale,1,44,11.7438
deferscale,1,45,11.6486
deferscale,1,46,11.6859
deferscale,1,47,11.7652
deferscale,1,48,11.9739
deferscale,1,49,11.8657
deferscale,1,50,11.8726
deferscale,1,51,11.9613
deferscale,1,52,12.1474
deferscale,1,53,11.567
deferscale,1,54,11.5474
deferscale,1,55,12.0728
deferscale,1,56,11.8915
deferscale,1,57,11.9828
deferscale,1,58,11.9573
deferscale,1,59,12.2972
deferscale,1,60,11.9833
deferscale,1,61,11.9851
deferscale,1,62,11.9067
deferscale,1,63,11.7304
deferscale,1,64,11.71
deferscale,1,65,11.4965
deferscale,1,66,11.7249
deferscale,1,67,11.7601
deferscale,1,68,12.0556
deferscale,1,69,12.2835
deferscale,1,70,11.843
deferscale,1,71,12.2547
deferscale,1,72,11.89
deferscale,1,73,12.0142
deferscale,1,74,12.1502
deferscale,1,75,12.0012
deferscale,1,76,12.1836
deferscale,1,77,12.241
deferscale,1,78,12.0616
deferscale,1,79,11.9783
deferscale,1,80,12.0882
deferscale,1,81,12.0227
deferscale,1,82,12.181
deferscale,1,83,12.415
deferscale,1,84,12.4529
deferscale,1,85,12.3159
deferscale,1,86,12.1588
deferscale,1,87,12.432
deferscale,1,88,12.4321
deferscale,1,89,11.9609
deferscale,1,90,12.2022
deferscale,1,91,12.7843
deferscale,1,92,12.2976
deferscale,1,93,12.3653
deferscale,1,94,12.2093
deferscale,1,95,12.1491
deferscale,1,96,12.2136
deferscale,1,97,12.5161
deferscale,1,98,12.1265
deferscale,1,99,12.4726
deferscale,1,100,12.6017
deferscale,1,101,12.4456
deferscale,1,102,12.573
deferscale,1,103,12.3127
deferscale,1,104,12.5111
deferscale,1,105,12.4087
deferscale,1,106,12.4804
deferscale,1,107,12.4012
deferscale,1,108,12.5658
deferscale,1,109,12.3233
deferscale,1,110,12.3607
deferscale,1,111,12.1165
deferscale,1,112,12.3835
deferscale,1,113,12.4283
deferscale,1,114,12.4648
deferscale,1,115,12.2942
deferscale,1,116,12.2515
deferscale,1,117,12.4094
deferscale,1,118,12.4975
deferscale,1,119,12.5113
deferscale,1,120,12.3857
deferscale,1,121,12.6227
deferscale,1,122,12.3847
deferscale,1,123,12.97
deferscale,1,124,12.6583
deferscale,1,125,12.4455
deferscale,1,126,12.4356
deferscale,1,127,12.534
deferscale,1,128,12.5347
deferscale,1,129,12.9555
deferscale,1,130,12.6454
deferscale,1,131,12.803
deferscale,1,132,12.8628
deferscale,1,133,12.7748
deferscale,1,134,12.7969
deferscale,1,135,12.767
deferscale,1,136,12.6964
deferscale,1,137,13.0407
deferscale,1,138,12.7613
deferscale,1,139,13.1532
deferscale,1,140,12.707
deferscale,1,141,12.9944
deferscale,1,142,12.7936
deferscale,1,143,12.996
deferscale,1,144,12.6297
deferscale,1,145,13.128
deferscale,1,146,13.0303
deferscale,1,147,12.4435
deferscale,1,148,12.4751
deferscale,1,149,12.7262
deferscale,1,150,13.0172
deferscale,1,151,12.7963
deferscale,1,152,13.2803
deferscale,1,153,13.2932
deferscale,1,154,13.0538
deferscale,1,155,13.3402
deferscale,1,156,12.6945
deferscale,1,157,13.0656
deferscale,1,158,12.2911
deferscale,1,159,12.2644
deferscale,1,160,12.406
deferscale,1,161,12.96
deferscale,1,162,13.2463
deferscale,1,163,12.7246
deferscale,1,164,12.9931
deferscale,1,165,13.0559
deferscale,1,166,13.1578
deferscale,1,167,13.3615
deferscale,1,168,13.3227
deferscale,1,169,13.0506
deferscale,1,170,13.2856
deferscale,1,171,13.5251
deferscale,1,172,12.7167
deferscale,1,173,13.1831
deferscale,1,174,13.1445
deferscale,1,175,13.1501
deferscale,1,176,13.3128
deferscale,1,177,12.9368
deferscale,1,178,13.4468
deferscale,1,179,13.2205
deferscale,1,180,12.7023
deferscale,1,181,13.2905
deferscale,1,182,13.0653
deferscale,1,183,13.3812
deferscale,1,184,13.3758
deferscale,1,185,13.2547
deferscale,1,186,13.704
deferscale,1,187,13.5739
deferscale,1,188,13.2903
deferscale,1,189,13.2119
deferscale,1,190,13.1846
deferscale,1,191,13.3603
deferscale,1,192,13.709
deferscale,1,193,13.4059
deferscale,1,194,13.6636
deferscale,1,195,13.6055
deferscale,1,196,13.2143
deferscale,1,197,13.6274
deferscale,1,198,13.3097
deferscale,1,199,13.2232
deferscale,1,200,13.6415
deferscale,1,201,13.5463
deferscale,1,202,13.7057
deferscale,1,203,13.7527
deferscale,1,204,13.5885
deferscale,1,205,13.5548
deferscale,1,206,13.4616
deferscale,1,207,13.5473
deferscale,1,208,13.823
deferscale,1,209,13.3719
deferscale,1,210,13.427
deferscale,1,211,13.7178
deferscale,1,212,13.755
deferscale,1,213,14.106
deferscale,1,214,13.753
deferscale,1,215,13.5082
deferscale,1,216,13.7218
deferscale,1,217,13.6408
deferscale,1,218,13.6337
deferscale,1,219,13.5007
deferscale,1,220,13.6932
deferscale,1,221,14.0199
deferscale,1,222,14.0927
deferscale,1,223,13.8415
deferscale,1,224,14.12
deferscale,1,225,13.7447
deferscale,1,226,14.0046
deferscale,1,227,13.7808
deferscale,1,228,13.4991
deferscale,1,229,13.7135
deferscale,1,230,14.0948
deferscale,1,231,14.0864
deferscale,1,232,14.0155
deferscale,1,233,13.7677
deferscale,1,234,13.583
deferscale,1,235,13.6247
deferscale,1,236,13.5494
deferscale,1,237,13.7549
deferscale,1,238,13.4801
deferscale,1,239,13.462
deferscale,1,240,13.5947
deferscale,1,241,13.946
deferscale,1,242,13.9042
deferscale,1,243,13.8096
deferscale,1,244,14.257
deferscale,1,245,13.8725
deferscale,1,246,14.0699
deferscale,1,247,14.0716
deferscale,1,248,14.1015
deferscale,1,249,14.3038
deferscale,1,250,14.2044
deferscale,1,251,14.5159
deferscale,1,252,14.0791
deferscale,1,253,14.117
deferscale,1,254,13.6463
deferscale,1,255,14.2201
deferscale,1,256,13.9518
deferscale,1,257,14.2587
deferscale,1,258,14.2008
deferscale,1,259,15.1011
deferscale,1,260,14.2729
deferscale,1,261,14.2738
deferscale,1,262,14.1112
deferscale,1,263,12.8926
deferscale,1,264,14.3365
deferscale,1,265,13.7319
deferscale,1,266,14.5032
deferscale,1,267,14.2875
deferscale,1,268,14.0304
deferscale,1,269,13.7713
deferscale,1,270,14.2562
deferscale,1,271,14.028
deferscale,1,272,13.8784
deferscale,1,273,14.1704
deferscale,1,274,14.1542
deferscale,1,275,14.7233
deferscale,1,276,14.4052
deferscale,1,277,14.3381
deferscale,1,278,13.3064
deferscale,1,279,14.4261
deferscale,1,280,15.0833
deferscale,1,281,14.5535
deferscale,1,282,14.0598
deferscale,1,283,14.3368
deferscale,1,284,14.2863
deferscale,1,285,14.3947
deferscale,1,286,14.4102
deferscale,1,287,14.2379
deferscale,1,288,14.3786
deferscale,1,289,14.1665
deferscale,1,290,14.4183
deferscale,1,291,14.3174
deferscale,1,292,14.5696
deferscale,1,293,14.3604
deferscale,1,294,14.6687
deferscale,1,295,14.8794
deferscale,1,296,14.3133
deferscale,1,297,14.3697
deferscale,1,298,14.5149
deferscale,1,299,14.6658
deferscale,1,300,14.7952
deferscale,1,301,14.9518
deferscale,1,302,14.8904
deferscale,1,303,14.6458
deferscale,1,304,14
deferscale,1,305,14.692
deferscale,1,306,14.148
deferscale,1,307,14.3483
deferscale,1,308,14.8628
deferscale,1,309,14.4455
deferscale,1,310,14.6935
deferscale,1,311,14.8713
deferscale,1,312,14.6362
deferscale,1,313,14.5462
deferscale,1,314,14.2451
deferscale,1,315,14.3013
deferscale,1,316,14.5844
deferscale,1,317,14.735
deferscale,1,318,14.5432
deferscale,1,319,14.6081
deferscale,1,320,14.4644
deferscale,1,321,14.8246
deferscale,1,322,14.9116
deferscale,1,323,14.4026
deferscale,1,324,14.5186
deferscale,1,325,14.5491
deferscale,1,326,14.6411
deferscale,1,327,14.7495
deferscale,1,328,14.7217
deferscale,1,329,14.7866
deferscale,1,330,14.732
deferscale,1,331,14.8932
deferscale,1,332,14.8993
deferscale,1,333,14.4861
deferscale,1,334,14.7262
deferscale,1,335,14.7638
deferscale,1,336,15.1337
deferscale,1,337,14.6241
deferscale,1,338,14.7703
deferscale,1,339,14.8722
deferscale,1,340,15.1471
deferscale,1,341,14.8824
deferscale,1,342,14.5538
deferscale,1,343,15.0779
deferscale,1,344,15.2205
deferscale,1,345,14.9651
deferscale,1,346,14.838
deferscale,1,347,14.7878
deferscale,1,348,14.6323
deferscale,1,349,15.0934
deferscale,1,350,14.9233
deferscale,1,351,14.7535
deferscale,1,352,14.7319
deferscale,1,353,14.8357
deferscale,1,354,14.4959
deferscale,1,355,14.3084
deferscale,1,356,14.4507
deferscale,1,357,14.1704
deferscale,1,358,20.2826
deferscale,1,359,19.7628
deferscale,1,360,16.6002
deferscale,1,361,15.2872
deferscale,1,362,15.1059
deferscale,1,363,14.538
deferscale,1,364,14.5325
deferscale,1,365,14.8199
deferscale,1,366,15.4748
deferscale,1,367,15.2462
deferscale,1,368,15.1093
deferscale,1,369,14.8565
deferscale,1,370,15.0594
deferscale,1,371,15.6093
deferscale,1,372,15.1213
deferscale,1,373,15.3689
deferscale,1,374,15.3343
deferscale,1,375,14.8238
deferscale,1,376,15.1571
deferscale,1,377,15.2968
deferscale,1,378,15.3821
deferscale,1,379,15.1542
deferscale,1,380,15.2003
deferscale,1,381,15.3867
deferscale,1,382,15.3725
deferscale,1,383,15.2945
deferscale,1,384,15.4214
deferscale,1,385,15.5014
deferscale,1,386,15.2209
deferscale,1,387,15.1672
deferscale,1,388,15.5113
deferscale,1,389,15.311
deferscale,1,390,15.4645
deferscale,1,391,15.6026
deferscale,1,392,15.7036
deferscale,1,393,15.4395
deferscale,1,394,15.3072
deferscale,1,395,15.7848
deferscale,1,396,15.6633
deferscale,1,397,15.4837
deferscale,1,398,15.3179
deferscale,1,399,15.2637
deferscale,1,400,15.6001
deferscale,1,401,15.51
deferscale,1,402,15.4482
deferscale,1,403,15.0018
deferscale,1,404,15.4134
deferscale,1,405,15.8147
deferscale,1,406,15.7634
deferscale,1,407,15.146
deferscale,1,408,15.518
deferscale,1,409,15.614
deferscale,1,410,15.7698
deferscale,1,411,15.9775
deferscale,1,412,16.385
deferscale,1,413,15.8506
deferscale,1,414,16.0515
deferscale,1,415,15.5339
deferscale,1,416,16.1757
deferscale,1,417,15.8115
deferscale,1,418,16.0386
deferscale,1,419,15.8725
deferscale,1,420,15.4524
deferscale,1,421,16.2055
deferscale,1,422,15.6049
deferscale,1,423,16.2405
deferscale,1,424,15.6058
deferscale,1,425,15.7915
deferscale,1,426,15.7598
deferscale,1,427,16.1889
deferscale,1,428,15.9267
deferscale,1,429,15.6782
deferscale,1,430,15.5694
deferscale,1,431,16.0607
deferscale,1,432,16.2688
deferscale,1,433,16.0881
deferscale,1,434,15.7307
deferscale,1,435,16.0305
deferscale,1,436,15.9318
deferscale,1,437,16.2195
deferscale,1,438,16.2778
deferscale,1,439,15.7658
deferscale,1,440,16.0458
deferscale,1,441,15.7035
deferscale,1,442,15.9078
deferscale,1,443,15.9333
deferscale,1,444,16.043
deferscale,1,445,15.7761
deferscale,1,446,15.8431
deferscale,1,447,15.6447
deferscale,1,448,15.8378
deferscale,1,449,16.2789
deferscale,1,450,16.1
deferscale,1,451,15.799
deferscale,1,452,16.0418
deferscale,1,453,15.5404
deferscale,1,454,15.4482
deferscale,1,455,16.0952
deferscale,1,456,15.8332
deferscale,1,457,16.0171
deferscale,1,458,16.2406
deferscale,1,459,16.3536
deferscale,1,460,16.3885
deferscale,1,461,16.3674
deferscale,1,462,15.8815
deferscale,1,463,16.3933
deferscale,1,464,16.3789
deferscale,1,465,16.3037
deferscale,1,466,16.0099
deferscale,1,467,16.3995
deferscale,1,468,16.2665
deferscale,1,469,16.2146
deferscale,1,470,16.2114
deferscale,1,471,15.9985
deferscale,1,472,16.5861
deferscale,1,473,17.4775
deferscale,1,474,17.1157
deferscale,1,475,16.9548
deferscale,1,476,17.0481
deferscale,1,477,17.7472
deferscale,1,478,17.8775
deferscale,1,479,17.2642
deferscale,1,480,17.1181
deferscale,1,481,17.0134
deferscale,1,482,16.9073
deferscale,1,483,16.686
deferscale,1,484,16.6738
deferscale,1,485,16.7684
deferscale,1,486,16.9567
deferscale,1,487,16.8395
deferscale,1,488,16.799
deferscale,1,489,17.1421
deferscale,1,490,16.9084
deferscale,1,491,16.7911
deferscale,1,492,16.8428
deferscale,1,493,16.4872
deferscale,1,494,16.7737
deferscale,1,495,16.9389
deferscale,1,496,16.7627
deferscale,1,497,16.9154
deferscale,1,498,16.6116
deferscale,1,499,16.7996
deferscale,1,500,16.9109
deferscale,1,501,16.9653
deferscale,1,502,16.6698
deferscale,1,503,16.9672
deferscale,1,504,17.0756
deferscale,1,505,16.784
deferscale,1,506,16.9822
deferscale,1,507,17.0704
deferscale,1,508,16.8768
deferscale,1,509,16.9166
deferscale,1,510,17.3702
deferscale,1,511,16.9646
deferscale,1,512,16.8506
deferscale,1,513,16.7344
deferscale,1,514,16.5993
deferscale,1,515,17.045
deferscale,1,516,16.672
deferscale,1,517,17.0412
deferscale,1,518,16.8549
deferscale,1,519,16.9815
deferscale,1,520,16.898
deferscale,1,521,17.0454
deferscale,1,522,16.9582
deferscale,1,523,16.9342
deferscale,1,524,16.7008
deferscale,1,525,16.719
deferscale,1,526,16.8299
deferscale,1,527,16.751
deferscale,1,528,16.7574
deferscale,1,529,16.8774
deferscale,1,530,17.0483
deferscale,1,531,16.7645
deferscale,1,532,17.1486
deferscale,1,533,17.0793
deferscale,1,534,17.1975
deferscale,1,535,17.0205
deferscale,1,536,16.8059
deferscale,1,537,17.0733
deferscale,1,538,16.8175
deferscale,1,539,17.0355
deferscale,1,540,16.6043
deferscale,1,541,16.9534
deferscale,1,542,16.9731
deferscale,1,543,17.0433
deferscale,1,544,16.6495
deferscale,1,545,16.6481
deferscale,1,546,16.8542
deferscale,1,547,16.8867
deferscale,1,548,16.458
deferscale,1,549,16.5828
deferscale,1,550,16.5944
deferscale,1,551,16.6412
deferscale,1,552,16.6505
deferscale,1,553,16.4053
deferscale,1,554,17.4132
deferscale,1,555,16.6559
deferscale,1,556,16.7183
deferscale,1,557,17.0193
deferscale,1,558,16.8947
deferscale,1,559,16.4086
deferscale,1,560,17.099
deferscale,1,561,16.8504
deferscale,1,562,16.7427
deferscale,1,563,16.7366
deferscale,1,564,16.8181
deferscale,1,565,17.2076
deferscale,1,566,16.4666
deferscale,1,567,16.8697
deferscale,1,568,17.0326
deferscale,1,569,16.5771
deferscale,1,570,16.9677
deferscale,1,571,16.6903
deferscale,1,572,16.7773
deferscale,1,573,17.3178
deferscale,1,574,16.6785
deferscale,1,575,16.723
deferscale,1,576,17.1875
deferscale,1,577,16.5118
deferscale,1,578,16.4573
deferscale,1,579,17.0762
deferscale,1,580,17.5401
deferscale,1,581,16.636
deferscale,1,582,16.9758
deferscale,1,583,16.8956
deferscale,1,584,17.0531
deferscale,1,585,16.5037
deferscale,1,586,17.2873
deferscale,1,587,16.6292
deferscale,1,588,16.7482
deferscale,1,589,16.7967
deferscale,1,590,16.8629
deferscale,1,591,16.7143
deferscale,1,592,16.8765
deferscale,1,593,16.8468
deferscale,1,594,16.8185
deferscale,1,595,17.1875
deferscale,1,596,16.6141
deferscale,1,597,16.691
deferscale,1,598,16.7087
deferscale,1,599,16.6333
deferscale,2,0,59.0869
deferscale,2,1,11.6263
deferscale,2,2,11.1348
deferscale,2,3,11.1395
deferscale,2,4,11.56
deferscale,2,5,11.5403
deferscale,2,6,11.1848
deferscale,2,7,11.8498
deferscale,2,8,11.3849
deferscale,2,9,11.2931
deferscale,2,10,10.1463
deferscale,2,11,10.6295
deferscale,2,12,10.5254
deferscale,2,13,10.6021
deferscale,2,14,11.7143
deferscale,2,15,11.1681
deferscale,2,16,11.2098
deferscale,2,17,11.2812
deferscale,2,18,11.4572
deferscale,2,19,11.7254
deferscale,2,20,11.5898
deferscale,2,21,11.3647
deferscale,2,22,11.3786
deferscale,2,23,11.3475
deferscale,2,24,11.6163
deferscale,2,25,11.3348
deferscale,2,26,11.8205
deferscale,2,27,11.9415
deferscale,2,28,11.5527
deferscale,2,29,11.8503
deferscale,2,30,11.518
deferscale,2,31,11.5937
deferscale,2,32,11.581
deferscale,2,33,11.904
deferscale,2,34,11.8183
deferscale,2,35,11.4853
deferscale,2,36,11.5554
deferscale,2,37,11.9438
deferscale,2,38,12.0401
deferscale,2,39,11.3482
deferscale,2,40,12.0954
deferscale,2,41,11.6862
deferscale,2,42,11.5593
deferscale,2,43,11.5157
deferscale,2,44,11.6668
deferscale,2,45,11.893
deferscale,2,46,11.442
deferscale,2,47,12.133
deferscale,2,48,12.0013
deferscale,2,49,12.0356
deferscale,2,50,12.0386
deferscale,2,51,11.6779
deferscale,2,52,10.8949
deferscale,2,53,10.6379
deferscale,2,54,11.1791
deferscale,2,55,10.8198
deferscale,2,56,10.9459
deferscale,2,57,12.0139
deferscale,2,58,11.9005
deferscale,2,59,12.2643
deferscale,2,60,12.2991
deferscale,2,61,12.1391
deferscale,2,62,12.1909
deferscale,2,63,12.185
deferscale,2,64,12.1828
deferscale,2,65,12.0559
deferscale,2,66,12.1516
deferscale,2,67,12.147
deferscale,2,68,12.0669
deferscale,2,69,11.9341
deferscale,2,70,11.0002
deferscale,2,71,10.9739
deferscale,2,72,11.0074
deferscale,2,73,11.0309
deferscale,2,74,11.7069
deferscale,2,75,11.5851
deferscale,2,76,11.3742
deferscale,2,77,11.1408
deferscale,2,78,10.9702
deferscale,2,79,11.1405
deferscale,2,80,11.0665
deferscale,2,81,11.2754
deferscale,2,82,11.0865
deferscale,2,83,11.1891
deferscale,2,84,11.2596
deferscale,2,85,11.4589
deferscale,2,86,12.1205
deferscale,2,87,11.6841
deferscale,2,88,12.7804
deferscale,2,89,12.1774
deferscale,2,90,12.8957
deferscale,2,91,12.461
deferscale,2,92,12.5542
deferscale,2,93,12.5626
deferscale,2,94,12.4691
deferscale,2,95,12.6502
deferscale,2,96,12.3676
deferscale,2,97,12.3808
deferscale,2,98,12.4691
deferscale,2,99,12.8738
deferscale,2,100,12.4983
deferscale,2,101,12.1188
deferscale,2,102,12.8563
deferscale,2,103,12.9758
deferscale,2,104,12.569
deferscale,2,105,12.381
deferscale,2,106,12.465
deferscale,2,107,12.4116
deferscale,2,108,12.8345
deferscale,2,109,12.6412
deferscale,2,110,12.8153
deferscale,2,111,12.8842
deferscale,2,112,12.6822
deferscale,2,113,12.6929
deferscale,2,114,12.4634
deferscale,2,115,12.5165
deferscale,2,116,12.8358
deferscale,2,117,12.677
deferscale,2,118,13.0337
deferscale,2,119,13.0565
deferscale,2,120,12.6275
deferscale,2,121,12.5331
deferscale,2,122,12.9407
deferscale,2,123,13.3336
deferscale,2,124,13.0568
deferscale,2,125,13.0292
deferscale,2,126,12.6894
deferscale,2,127,12.8375
deferscale,2,128,12.3305
deferscale,2,129,12.9704
deferscale,2,130,13.3332
deferscale,2,131,13.2691
deferscale,2,132,12.9905
deferscale,2,133,12.459
deferscale,2,134,12.891
deferscale,2,135,13.0503
deferscale,2,136,13.3505
deferscale,2,137,12.7768
deferscale,2,138,13.1263
deferscale,2,139,13.1318
deferscale,2,140,12.6179
deferscale,2,141,12.6881
deferscale,2,142,13.0216
deferscale,2,143,12.2507
deferscale,2,144,12.3391
deferscale,2,145,13.1572
deferscale,2,146,13.1988
deferscale,2,147,12.3624
deferscale,2,148,12.9418
deferscale,2,149,12.864
deferscale,2,150,13.2824
deferscale,2,151,13.0772
deferscale,2,152,13.2061
deferscale,2,153,12.6999
deferscale,2,154,12.8701
deferscale,2,155,12.7515
deferscale,2,156,13.3404
deferscale,2,157,12.9431
deferscale,2,158,12.8565
deferscale,2,159,13.0329
deferscale,2,160,13.5388
deferscale,2,161,13.1893
deferscale,2,162,13.2954
deferscale,2,163,13.7312
deferscale,2,164,13.2631
deferscale,2,165,13.1685
deferscale,2,166,13.3209
deferscale,2,167,13.0861
deferscale,2,168,13.4217
deferscale,2,169,13.2541
deferscale,2,170,13.0157
deferscale,2,171,14.0623
deferscale,2,172,14.6922
deferscale,2,173,13.2669
deferscale,2,174,13.3125
deferscale,2,175,13.3001
deferscale,2,176,13.3996
deferscale,2,177,13.236
deferscale,2,178,12.9727
deferscale,2,179,13.0204
deferscale,2,180,12.8818
deferscale,2,181,12.8318
deferscale,2,182,13.0565
deferscale,2,183,13.0325
deferscale,2,184,13.2152
deferscale,2,185,13.1837
deferscale,2,186,13.1463
deferscale,2,187,13.1683
deferscale,2,188,13.2587
deferscale,2,189,13.0036
deferscale,2,190,12.997
deferscale,2,191,13.2098
deferscale,2,192,13.1021
deferscale,2,193,12.7963
deferscale,2,194,12.8977
deferscale,2,195,13.1694
deferscale,2,196,13.3035
deferscale,2,197,15.0784
deferscale,2,198,14.2565
deferscale,2,199,13.4362
deferscale,2,200,13.3077
deferscale,2,201,13.3465
deferscale,2,202,13.3984
deferscale,2,203,13.632
deferscale,2,204,13.7363
deferscale,2,205,13.8615
deferscale,2,206,13.5134
deferscale,2,207,13.6644
deferscale,2,208,13.9022
deferscale,2,209,13.5751
deferscale,2,210,13.4859
deferscale,2,211,13.7658
deferscale,2,212,13.6023
deferscale,2,213,13.6855
deferscale,2,214,13.6831
deferscale,2,215,13.343
deferscale,2,216,13.5902
deferscale,2,217,13.2
deferscale,2,218,13.2343
deferscale,2,219,13.5853
deferscale,2,220,13.8804
deferscale,2,221,13.9567
deferscale,2,222,14.1579
deferscale,2,223,13.7535
deferscale,2,224,13.6402
deferscale,2,225,13.795
deferscale,2,226,13.7099
deferscale,2,227,13.974
deferscale,2,228,13.9993
deferscale,2,229,13.9362
deferscale,2,230,13.8432
deferscale,2,231,13.9081
deferscale,2,232,13.7242
deferscale,2,233,13.774
deferscale,2,234,13.9764
deferscale,2,235,13.7785
deferscale,2,236,13.6895
deferscale,2,237,13.8674
deferscale,2,238,13.4953
deferscale,2,239,14.387
deferscale,2,240,13.8851
deferscale,2,241,14.2238
deferscale,2,242,13.5713
deferscale,2,243,14.0738
deferscale,2,244,14.2644
deferscale,2,245,14.1407
deferscale,2,246,13.9571
deferscale,2,247,14.0188
deferscale,2,248,14.2042
deferscale,2,249,14.0817
deferscale,2,250,13.9925
deferscale,2,251,14.0571
deferscale,2,252,14.2009
deferscale,2,253,14.0955
deferscale,2,254,15.1958
deferscale,2,255,13.947
deferscale,2,256,13.7365
deferscale,2,257,14.1002
deferscale,2,258,14.436
deferscale,2,259,14.3127
deferscale,2,260,14.158
deferscale,2,261,14.2551
deferscale,2,262,14.1218
deferscale,2,263,14.3268
deferscale,2,264,14.1768
deferscale,2,265,14.1779
deferscale,2,266,14.41
deferscale,2,267,14.2419
deferscale,2,268,14.6809
deferscale,2,269,14.7425
deferscale,2,270,14.5422
deferscale,2,271,14.472
deferscale,2,272,13.9672
deferscale,2,273,14.3256
deferscale,2,274,14.5182
deferscale,2,275,14.6198
deferscale,2,276,14.4518
deferscale,2,277,14.5341
deferscale,2,278,14.339
deferscale,2,279,14.3898
deferscale,2,280,14.4116
deferscale,2,281,14.3602
deferscale,2,282,14.3436
deferscale,2,283,14.2624
deferscale,2,284,14.3702
deferscale,2,285,14.3249
deferscale,2,286,14.4379
deferscale,2,287,14.5006
deferscale,2,288,14.6868
deferscale,2,289,14.2142
deferscale,2,290,14.3369
deferscale,2,291,14.7765
deferscale,2,292,14.3329
deferscale,2,293,14.2709
deferscale,2,294,14.4594
deferscale,2,295,14.1801
deferscale,2,296,14.5327
deferscale,2,297,14.2586
deferscale,2,298,14.3609
deferscale,2,299,14.1441
deferscale,2,300,13.787
deferscale,2,301,14.5073
deferscale,2,302,14.3455
deferscale,2,303,14.7842
deferscale,2,304,14.6499
deferscale,2,305,14.7502
deferscale,2,306,14.5005
deferscale,2,307,14.7485
deferscale,2,308,14.4478
deferscale,2,309,14.467
deferscale,2,310,14.9105
deferscale,2,311,14.4073
deferscale,2,312,14.6339
deferscale,2,313,14.9066
deferscale,2,314,14.8561
deferscale,2,315,14.6467
deferscale,2,316,14.5123
deferscale,2,317,14.7004
deferscale,2,318,14.6167
deferscale,2,319,15.0547
deferscale,2,320,14.7082
deferscale,2,321,15.1686
deferscale,2,322,14.4731
deferscale,2,323,14.5625
deferscale,2,324,14.8465
deferscale,2,325,15.0258
deferscale,2,326,14.7424
deferscale,2,327,14.8984
deferscale,2,328,14.745
deferscale,2,329,14.2759
deferscale,2,330,14.5519
deferscale,2,331,14.7649
deferscale,2,332,15.3925
deferscale,2,333,15.2005
deferscale,2,334,14.1361
deferscale,2,335,14.9392
deferscale,2,336,15.1198
deferscale,2,337,14.9245
deferscale,2,338,15.0808
deferscale,2,339,15.2222
deferscale,2,340,14.7954
deferscale,2,341,15.1661
deferscale,2,342,15.2357
deferscale,2,343,15.4065
deferscale,2,344,15.3518
deferscale,2,345,14.9373
deferscale,2,346,15.0696
deferscale,2,347,15.0938
deferscale,2,348,15.3719
deferscale,2,349,15.7324
deferscale,2,350,15.1197
deferscale,2,351,14.695
deferscale,2,352,15.3805
deferscale,2,353,15.1493
deferscale,2,354,15.1515
deferscale,2,355,15.2622
deferscale,2,356,15.3785
deferscale,2,357,14.9728
deferscale,2,358,15.2809
deferscale,2,359,15.475
deferscale,2,360,15.1108
deferscale,2,361,15.4431
deferscale,2,362,15.0126
deferscale,2,363,15.4145
deferscale,2,364,15.0689
deferscale,2,365,15.2421
deferscale,2,366,14.973
deferscale,2,367,15.3057
deferscale,2,368,15.3735
deferscale,2,369,15.258
deferscale,2,370,15.2438
deferscale,2,371,15.257
deferscale,2,372,14.9032
deferscale,2,373,15.177
deferscale,2,374,15.283
deferscale,2,375,15.1284
deferscale,2,376,15.3361
deferscale,2,377,15.2254
deferscale,2,378,15.524
deferscale,2,379,15.3561
deferscale,2,380,15.6814
deferscale,2,381,15.9267
deferscale,2,382,15.2235
deferscale,2,383,15.2851
deferscale,2,384,15.6535
deferscale,2,385,15.8782
deferscale,2,386,15.1357
deferscale,2,387,15.5438
deferscale,2,388,15.2882
deferscale,2,389,15.2045
deferscale,2,390,15.6203
deferscale,2,391,15.6143
deferscale,2,392,15.1322
deferscale,2,393,15.7872
deferscale,2,394,15.4683
deferscale,2,395,15.6001
deferscale,2,396,15.652
deferscale,2,397,15.73
deferscale,2,398,15.9335
deferscale,2,399,15.6774
deferscale,2,400,15.4674
deferscale,2,401,15.5917
deferscale,2,402,15.6895
deferscale,2,403,15.5398
deferscale,2,404,15.6766
deferscale,2,405,15.7105
deferscale,2,406,15.6791
deferscale,2,407,15.5218
deferscale,2,408,15.7751
deferscale,2,409,15.6911
deferscale,2,410,15.7041
deferscale,2,411,15.8573
deferscale,2,412,15.8171
deferscale,2,413,15.5015
deferscale,2,414,15.863
deferscale,2,415,16.0615
deferscale,2,416,15.628
deferscale,2,417,15.8068
deferscale,2,418,15.9384
deferscale,2,419,15.8409
deferscale,2,420,16.0293
deferscale,2,421,15.9212
deferscale,2,422,15.7767
deferscale,2,423,15.7992
deferscale,2,424,15.9889
deferscale,2,425,16.0836
deferscale,2,426,15.9258
deferscale,2,427,15.8285
deferscale,2,428,15.9558
deferscale,2,429,15.9363
deferscale,2,430,15.7161
deferscale,2,431,15.8601
deferscale,2,432,15.5669
deferscale,2,433,15.7992
deferscale,2,434,15.9851
deferscale,2,435,16.1175
deferscale,2,436,16.0637
deferscale,2,437,16.0014
deferscale,2,438,15.9578
deferscale,2,439,16.2074
deferscale,2,440,16.1282
deferscale,2,441,16.2918
deferscale,2,442,16.0831
deferscale,2,443,15.9087
deferscale,2,444,16.1472
deferscale,2,445,16.3652
deferscale,2,446,16.2355
deferscale,2,447,16.2308
deferscale,2,448,15.9968
deferscale,2,449,16.3607
deferscale,2,450,16.4483
deferscale,2,451,15.8245
deferscale,2,452,16.0147
deferscale,2,453,15.9927
deferscale,2,454,15.7517
deferscale,2,455,15.551
deferscale,2,456,15.9335
deferscale,2,457,15.7466
deferscale,2,458,16.0078
deferscale,2,459,16.1965
deferscale,2,460,15.7786
deferscale,2,461,15.6813
deferscale,2,462,16.0892
deferscale,2,463,16.397
deferscale,2,464,15.7362
deferscale,2,465,16.199
deferscale,2,466,16.6618
deferscale,2,467,16.289
deferscale,2,468,16.3835
deferscale,2,469,16.4725
deferscale,2,470,16.4203
deferscale,2,471,16.4741
deferscale,2,472,17.3952
deferscale,2,473,16.9304
deferscale,2,474,17.2915
deferscale,2,475,16.6168
deferscale,2,476,17.3101
deferscale,2,477,17.287
deferscale,2,478,17.2197
deferscale,2,479,16.602
deferscale,2,480,17.0814
deferscale,2,481,16.2528
deferscale,2,482,16.7686
deferscale,2,483,16.9027
deferscale,2,484,16.7606
deferscale,2,485,16.8226
deferscale,2,486,16.6979
deferscale,2,487,16.8491
deferscale,2,488,16.9657
deferscale,2,489,16.5385
deferscale,2,490,16.941
deferscale,2,491,16.8815
deferscale,2,492,16.8347
deferscale,2,493,17.1755
deferscale,2,494,17.1228
deferscale,2,495,16.6937
deferscale,2,496,17.3087
deferscale,2,497,17.2349
deferscale,2,498,17.1054
deferscale,2,499,17.2527
deferscale,2,500,17.403
deferscale,2,501,17.6793
deferscale,2,502,17.1802
deferscale,2,503,17.2036
deferscale,2,504,17.1679
deferscale,2,505,16.6422
deferscale,2,506,16.8739
deferscale,2,507,17.5792
deferscale,2,508,17.0404
deferscale,2,509,16.6728
deferscale,2,510,16.9898
deferscale,2,511,16.5952
deferscale,2,512,17.3585
deferscale,2,513,17.265
deferscale,2,514,17.77
deferscale,2,515,16.9414
deferscale,2,516,16.8542
deferscale,2,517,17.249
deferscale,2,518,16.7482
deferscale,2,519,17.2507
deferscale,2,520,16.9943
deferscale,2,521,17.0053
deferscale,2,522,17.2213
deferscale,2,523,17.463
deferscale,2,524,17.0373
deferscale,2,525,16.8652
deferscale,2,526,16.8775
deferscale,2,527,16.9418
deferscale,2,528,17.3036
deferscale,2,529,16.8325
deferscale,2,530,16.9988
deferscale,2,531,17.201
deferscale,2,532,16.6142
deferscale,2,533,16.8541
deferscale,2,534,16.793
deferscale,2,535,17.0431
deferscale,2,536,17.1758
deferscale,2,537,16.9859
deferscale,2,538,16.9208
deferscale,2,539,16.7572
deferscale,2,540,16.7232
deferscale,2,541,16.6964
deferscale,2,542,17.2044
deferscale,2,543,16.8533
deferscale,2,544,16.9054
deferscale,2,545,17.0173
deferscale,2,546,16.7445
deferscale,2,547,17.199
deferscale,2,548,17.0038
deferscale,2,549,17.0932
deferscale,2,550,17.1653
deferscale,2,551,16.4686
deferscale,2,552,17.0266
deferscale,2,553,17.0727
deferscale,2,554,16.9895
deferscale,2,555,17.0112
deferscale,2,556,17.1545
deferscale,2,557,17.0056
deferscale,2,558,16.7769
deferscale,2,559,16.6426
deferscale,2,560,16.5125
deferscale,2,561,16.5243
deferscale,2,562,16.5361
deferscale,2,563,16.8625
deferscale,2,564,16.8792
deferscale,2,565,16.7475
deferscale,2,566,16.822
deferscale,2,567,16.8019
deferscale,2,568,17.231
deferscale,2,569,17.0984
deferscale,2,570,17.1861
deferscale,2,571,16.979
deferscale,2,572,16.8936
deferscale,2,573,17.1049
deferscale,2,574,16.8335
deferscale,2,575,17.314
deferscale,2,576,16.8079
deferscale,2,577,16.9309
deferscale,2,578,17.1204
deferscale,2,579,16.621
deferscale,2,580,16.7974
deferscale,2,581,17.0604
deferscale,2,582,17.1593
deferscale,2,583,16.951
deferscale,2,584,16.8686
deferscale,2,585,16.8643
deferscale,2,586,16.8772
deferscale,2,587,17.0359
deferscale,2,588,17.1028
deferscale,2,589,17.0507
deferscale,2,590,17.1152
deferscale,2,591,16.5694
deferscale,2,592,16.9648
deferscale,2,593,17.145
deferscale,2,594,16.9223
deferscale,2,595,16.8416
deferscale,2,596,17.0409
deferscale,2,597,17.1676
deferscale,2,598,16.8778
deferscale,2,599,16.9707
interleaved,2,0,58.8663
interleaved,2,1,11.4115
interleaved,2,2,11.7006
interleaved,2,3,11.5828
interleaved,2,4,11.266
interleaved,2,5,11.3722
interleaved,2,6,11.0548
interleaved,2,7,11.2107
interleaved,2,8,11.2775
interleaved,2,9,11.161
interleaved,2,10,11.4244
interleaved,2,11,11.5906
interleaved,2,12,11.5255
interleaved,2,13,11.5419
interleaved,2,14,11.3164
interleaved,2,15,11.5979
interleaved,2,16,11.6572
interleaved,2,17,11.1312
interleaved,2,18,11.4145
interleaved,2,19,11.217
interleaved,2,20,11.4536
interleaved,2,21,11.5694
interleaved,2,22,11.301
interleaved,2,23,11.6264
interleaved,2,24,11.3399
interleaved,2,25,11.2908
interleaved,2,26,11.0495
interleaved,2,27,11.3245
interleaved,2,28,11.276
interleaved,2,29,11.6252
interleaved,2,30,11.7397
interleaved,2,31,11.1791
interleaved,2,32,11.6395
interleaved,2,33,11.1487
interleaved,2,34,12.0901
interleaved,2,35,12.0684
interleaved,2,36,11.7804
interleaved,2,37,11.769
interleaved,2,38,11.8971
interleaved,2,39,11.7086
interleaved,2,40,12.3035
interleaved,2,41,12.1283
interleaved,2,42,11.7862
interleaved,2,43,11.9249
interleaved,2,44,11.8144
interleaved,2,45,12.1984
interleaved,2,46,11.8235
interleaved,2,47,11.5817
interleaved,2,48,11.5723
interleaved,2,49,12.0309
interleaved,2,50,12.0953
interleaved,2,51,11.9313
interleaved,2,52,12.0074
interleaved,2,53,12.0039
interleaved,2,54,11.805
interleaved,2,55,11.9702
interleaved,2,56,12.1263
interleaved,2,57,12.3656
interleaved,2,58,12.0346
interleaved,2,59,11.2071
interleaved,2,60,11.5462
interleaved,2,61,12.1073
interleaved,2,62,11.4652
interleaved,2,63,11.718
interleaved,2,64,11.5679
interleaved,2,65,11.3722
interleaved,2,66,11.6677
interleaved,2,67,11.6193
interleaved,2,68,11.9078
interleaved,2,69,12.2547
interleaved,2,70,11.8417
interleaved,2,71,12.6749
interleaved,2,72,12.5522
interleaved,2,73,11.9563
interleaved,2,74,12.2277
interleaved,2,75,12.5081
interleaved,2,76,12.1678
interleaved,2,77,12.4509
interleaved,2,78,12.7828
interleaved,2,79,12.5429
interleaved,2,80,12.535
interleaved,2,81,12.0494
interleaved,2,82,12.292
interleaved,2,83,12.3198
interleaved,2,84,12.3851
interleaved,2,85,12.7151
interleaved,2,86,12.5028
interleaved,2,87,12.8021
interleaved,2,88,12.3988
interleaved,2,89,12.3374
interleaved,2,90,12.5357
interleaved,2,91,12.1961
interleaved,2,92,12.2082
interleaved,2,93,11.9198
interleaved,2,94,12.1418
interleaved,2,95,12.1805
interleaved,2,96,12.4295
interleaved,2,97,12.3387
interleaved,2,98,12.3475
interleaved,2,99,12.4834
interleaved,2,100,12.7796
interleaved,2,101,12.3268
interleaved,2,102,12.0744
interleaved,2,103,12.2372
interleaved,2,104,11.8834
interleaved,2,105,12.6508
interleaved,2,106,12.4041
interleaved,2,107,12.4834
interleaved,2,108,12.5034
interleaved,2,109,12.3487
interleaved,2,110,12.9748
interleaved,2,111,12.5554
interleaved,2,112,12.6902
interleaved,2,113,12.6852
interleaved,2,114,12.2344
interleaved,2,115,12.487
interleaved,2,116,12.6423
interleaved,2,117,12.6232
interleaved,2,118,12.5792
interleaved,2,119,12.8216
interleaved,2,120,12.6775
interleaved,2,121,12.6148
interleaved,2,122,12.2945
interleaved,2,123,12.1621
interleaved,2,124,12.8685
interleaved,2,125,12.9165
interleaved,2,126,12.9199
interleaved,2,127,12.9096
interleaved,2,128,12.8707
interleaved,2,129,12.4069
interleaved,2,130,12.1916
interleaved,2,131,12.5327
interleaved,2,132,12.7191
interleaved,2,133,12.2
interleaved,2,134,12.9527
interleaved,2,135,12.7872
interleaved,2,136,12.8156
interleaved,2,137,12.746
interleaved,2,138,12.9227
interleaved,2,139,12.683
interleaved,2,140,12.8382
interleaved,2,141,12.4072
interleaved,2,142,12.9014
interleaved,2,143,12.9996
interleaved,2,144,12.9677
interleaved,2,145,12.9048
interleaved,2,146,13.0655
interleaved,2,147,13.0934
interleaved,2,148,12.3214
interleaved,2,149,12.4774
interleaved,2,150,12.465
interleaved,2,151,12.7022
interleaved,2,152,13.2325
interleaved,2,153,12.5954
interleaved,2,154,12.5517
interleaved,2,155,12.5646
interleaved,2,156,12.8983
interleaved,2,157,12.8307
interleaved,2,158,13.1643
interleaved,2,159,13.0105
interleaved,2,160,13.3806
interleaved,2,161,13.2385
interleaved,2,162,13.142
interleaved,2,163,13.3762
interleaved,2,164,13.3204
interleaved,2,165,12.9035
interleaved,2,166,13.288
interleaved,2,167,13.0394
interleaved,2,168,13.5295
interleaved,2,169,13.1351
interleaved,2,170,13.2465
interleaved,2,171,13.1087
interleaved,2,172,13.2491
interleaved,2,173,13.1306
interleaved,2,174,13.4449
interleaved,2,175,13.2556
interleaved,2,176,13.3407
interleaved,2,177,13.0638
interleaved,2,178,13.1775
interleaved,2,179,13.1508
interleaved,2,180,13.1926
interleaved,2,181,13.197
interleaved,2,182,13.1785
interleaved,2,183,13.1735
interleaved,2,184,12.885
interleaved,2,185,13.6152
interleaved,2,186,13.4406
interleaved,2,187,13.6901
interleaved,2,188,13.4793
interleaved,2,189,13.3434
interleaved,2,190,13.4459
interleaved,2,191,13.5466
interleaved,2,192,13.1682
interleaved,2,193,13.4927
interleaved,2,194,13.547
interleaved,2,195,13.1446
interleaved,2,196,13.3509
interleaved,2,197,13.6592
interleaved,2,198,13.6556
interleaved,2,199,13.446
interleaved,2,200,13.8
interleaved,2,201,13.7296
interleaved,2,202,13.783
interleaved,2,203,13.6694
interleaved,2,204,13.6356
interleaved,2,205,14.2076
interleaved,2,206,13.4573
interleaved,2,207,13.1639
interleaved,2,208,13.3579
interleaved,2,209,13.43
interleaved,2,210,13.8582
interleaved,2,211,13.7956
interleaved,2,212,13.5298
interleaved,2,213,13.9712
interleaved,2,214,13.7104
interleaved,2,215,13.794
interleaved,2,216,13.6472
interleaved,2,217,13.7345
interleaved,2,218,13.8352
interleaved,2,219,13.7884
interleaved,2,220,13.676
interleaved,2,221,13.7497
interleaved,2,222,14.2469
interleaved,2,223,14.1072
interleaved,2,224,13.6222
interleaved,2,225,13.6078
interleaved,2,226,13.881
interleaved,2,227,14.1249
interleaved,2,228,13.9994
interleaved,2,229,13.7107
interleaved,2,230,14.0224
interleaved,2,231,13.8949
interleaved,2,232,13.8154
interleaved,2,233,13.5944
interleaved,2,234,13.6545
interleaved,2,235,14.3526
interleaved,2,236,13.775
interleaved,2,237,13.8102
interleaved,2,238,14.3052
interleaved,2,239,13.89
interleaved,2,240,13.9247
interleaved,2,241,13.8036
interleaved,2,242,13.5534
interleaved,2,243,14.1622
interleaved,2,244,13.9309
interleaved,2,245,13.9775
interleaved,2,246,14.283
interleaved,2,247,13.7869
interleaved,2,248,14.0828
interleaved,2,249,14.1059
interleaved,2,250,13.6212
interleaved,2,251,13.9469
interleaved,2,252,14.1013
interleaved,2,253,14.1286
interleaved,2,254,13.862
interleaved,2,255,13.7362
interleaved,2,256,14.2715
interleaved,2,257,14.0305
interleaved,2,258,14.0884
interleaved,2,259,13.6683
interleaved,2,260,13.5698
interleaved,2,261,14.4319
interleaved,2,262,14.169
interleaved,2,263,13.9249
interleaved,2,264,14.3417
interleaved,2,265,14.145
interleaved,2,266,14.2045
interleaved,2,267,13.7432
interleaved,2,268,14.3007
interleaved,2,269,14.1849
interleaved,2,270,14.0761
interleaved,2,271,14.3381
interleaved,2,272,13.9075
interleaved,2,273,14.3159
interleaved,2,274,14.3377
interleaved,2,275,14.3718
interleaved,2,276,14.137
interleaved,2,277,14.3001
interleaved,2,278,14.4201
interleaved,2,279,13.8922
interleaved,2,280,13.729
interleaved,2,281,14.5018
interleaved,2,282,14.1643
interleaved,2,283,14.6372
interleaved,2,284,14.7502
interleaved,2,285,14.652
interleaved,2,286,14.5182
interleaved,2,287,14.4397
interleaved,2,288,14.2638
interleaved,2,289,14.6211
interleaved,2,290,14.3133
interleaved,2,291,15.1289
interleaved,2,292,14.1263
interleaved,2,293,14.3285
interleaved,2,294,14.2738
interleaved,2,295,14.4609
interleaved,2,296,14.5107
interleaved,2,297,14.4763
interleaved,2,298,14.3715
interleaved,2,299,14.3875
interleaved,2,300,14.2815
interleaved,2,301,14.1674
interleaved,2,302,14.6954
interleaved,2,303,14.4733
interleaved,2,304,14.4276
interleaved,2,305,14.6946
interleaved,2,306,14.508
interleaved,2,307,14.6233
interleaved,2,308,14.3879
interleaved,2,309,14.5737
interleaved,2,310,14.7256
interleaved,2,311,14.6239
interleaved,2,312,14.636
interleaved,2,313,14.8271
interleaved,2,314,14.6979
interleaved,2,315,14.9699
interleaved,2,316,14.5667
interleaved,2,317,14.4115
interleaved,2,318,14.3419
interleaved,2,319,14.4731
interleaved,2,320,14.5632
interleaved,2,321,14.7416
interleaved,2,322,14.5165
interleaved,2,323,14.5992
interleaved,2,324,14.7019
interleaved,2,325,14.7552
interleaved,2,326,14.6956
interleaved,2,327,14.8313
interleaved,2,328,14.4315
interleaved,2,329,14.9659
interleaved,2,330,14.6265
interleaved,2,331,14.9715
interleaved,2,332,14.9364
interleaved,2,333,15.0221
interleaved,2,334,14.483
interleaved,2,335,14.7031
interleaved,2,336,14.7456
interleaved,2,337,14.9546
interleaved,2,338,14.7476
interleaved,2,339,14.9693
interleaved,2,340,15.023
interleaved,2,341,14.9035
interleaved,2,342,14.8798
interleaved,2,343,15.2962
interleaved,2,344,14.7605
interleaved,2,345,14.757
interleaved,2,346,15.4126
interleaved,2,347,15.181
interleaved,2,348,14.8461
interleaved,2,349,14.617
interleaved,2,350,14.941
interleaved,2,351,14.5541
interleaved,2,352,15.2748
interleaved,2,353,15.3941
interleaved,2,354,15.016
interleaved,2,355,15.0218
interleaved,2,356,15.1194
interleaved,2,357,15.359
interleaved,2,358,15.4084
interleaved,2,359,15.2378
interleaved,2,360,15.2645
interleaved,2,361,15.4324
interleaved,2,362,15.1438
interleaved,2,363,15.3225
interleaved,2,364,15.0745
interleaved,2,365,15.3867
interleaved,2,366,15.3648
interleaved,2,367,15.5294
interleaved,2,368,15.3428
interleaved,2,369,15.2733
interleaved,2,370,15.3366
interleaved,2,371,15.1992
interleaved,2,372,15.4058
interleaved,2,373,15.1261
interleaved,2,374,15.0935
interleaved,2,375,15.0963
interleaved,2,376,15.2683
interleaved,2,377,15.1964
interleaved,2,378,14.96
interleaved,2,379,15.2963
interleaved,2,380,15.0974
interleaved,2,381,15.1325
interleaved,2,382,15.2835
interleaved,2,383,15.2876
interleaved,2,384,15.5287
interleaved,2,385,15.5635
interleaved,2,386,15.5983
interleaved,2,387,15.1925
interleaved,2,388,15.6434
interleaved,2,389,15.4693
interleaved,2,390,15.6537
interleaved,2,391,15.2863
interleaved,2,392,15.6911
interleaved,2,393,15.4268
interleaved,2,394,15.5538
interleaved,2,395,15.787
interleaved,2,396,15.5189
interleaved,2,397,15.6655
interleaved,2,398,15.6537
interleaved,2,399,15.3457
interleaved,2,400,15.5973
interleaved,2,401,15.4122
interleaved,2,402,15.5433
interleaved,2,403,15.6286
interleaved,2,404,15.2273
interleaved,2,405,15.1505
interleaved,2,406,14.7334
interleaved,2,407,15.2871
interleaved,2,408,15.1021
interleaved,2,409,14.8636
interleaved,2,410,17.5746
interleaved,2,411,17.9965
interleaved,2,412,17.8613
interleaved,2,413,16.493
interleaved,2,414,15.6259
interleaved,2,415,15.2645
interleaved,2,416,15.2354
interleaved,2,417,15.4975
interleaved,2,418,15.6891
interleaved,2,419,15.7138
interleaved,2,420,15.9824
interleaved,2,421,15.7495
interleaved,2,422,15.8158
interleaved,2,423,15.578
interleaved,2,424,15.9967
interleaved,2,425,15.494
interleaved,2,426,15.3407
interleaved,2,427,15.6219
interleaved,2,428,15.1758
interleaved,2,429,15.5949
interleaved,2,430,15.5435
interleaved,2,431,15.4219
interleaved,2,432,15.2275
interleaved,2,433,15.6304
interleaved,2,434,15.8422
interleaved,2,435,15.5992
interleaved,2,436,15.3183
interleaved,2,437,15.407
interleaved,2,438,15.3882
interleaved,2,439,15.647
interleaved,2,440,15.5964
interleaved,2,441,15.3343
interleaved,2,442,15.249
interleaved,2,443,15.3254
interleaved,2,444,15.3023
interleaved,2,445,15.2904
interleaved,2,446,15.2817
interleaved,2,447,15.6466
interleaved,2,448,15.9667
interleaved,2,449,15.7039
interleaved,2,450,15.3885
interleaved,2,451,15.3027
interleaved,2,452,15.523
interleaved,2,453,15.5273
interleaved,2,454,15.8482
interleaved,2,455,15.2432
interleaved,2,456,15.4254
interleaved,2,457,15.5446
interleaved,2,458,15.488
interleaved,2,459,15.3972
interleaved,2,460,15.5377
interleaved,2,461,15.9877
interleaved,2,462,16.0095
interleaved,2,463,15.4957
interleaved,2,464,15.7944
interleaved,2,465,16.1475
interleaved,2,466,15.6035
interleaved,2,467,16.0252
interleaved,2,468,15.4865
interleaved,2,469,15.7722
interleaved,2,470,15.6352
interleaved,2,471,15.7903
interleaved,2,472,16.3343
interleaved,2,473,16.4939
interleaved,2,474,16.3873
interleaved,2,475,16.4315
interleaved,2,476,16.6412
interleaved,2,477,16.3942
interleaved,2,478,16.2537
interleaved,2,479,16.052
interleaved,2,480,16.5745
interleaved,2,481,16.5315
interleaved,2,482,16.8207
interleaved,2,483,16.9334
interleaved,2,484,16.3766
interleaved,2,485,16.8258
interleaved,2,486,16.2107
interleaved,2,487,16.3753
interleaved,2,488,16.415
interleaved,2,489,16.5203
interleaved,2,490,16.3605
interleaved,2,491,16.3407
interleaved,2,492,16.4467
interleaved,2,493,16.2321
interleaved,2,494,16.3825
interleaved,2,495,16.1702
interleaved,2,496,16.051
interleaved,2,497,16.4552
interleaved,2,498,16.7527
interleaved,2,499,16.594
interleaved,2,500,15.9993
interleaved,2,501,16.527
interleaved,2,502,16.2522
interleaved,2,503,16.043
interleaved,2,504,16.4939
interleaved,2,505,16.3938
interleaved,2,506,16.4171
interleaved,2,507,16.3855
interleaved,2,508,16.4168
interleaved,2,509,16.2166
interleaved,2,510,16.5315
interleaved,2,511,16.4515
interleaved,2,512,16.4912
interleaved,2,513,16.5388
interleaved,2,514,16.2307
interleaved,2,515,16.6152
interleaved,2,516,16.4931
interleaved,2,517,16.3135
interleaved,2,518,16.3197
interleaved,2,519,16.1808
interleaved,2,520,16.2702
interleaved,2,521,16.3587
interleaved,2,522,16.6795
interleaved,2,523,16.1809
interleaved,2,524,16.5508
interleaved,2,525,16.3682
interleaved,2,526,16.6681
interleaved,2,527,17.0551
interleaved,2,528,16.9576
interleaved,2,529,16.3521
interleaved,2,530,16.9079
interleaved,2,531,16.547
interleaved,2,532,16.9533
interleaved,2,533,16.7712
interleaved,2,534,16.8949
interleaved,2,535,16.9443
interleaved,2,536,16.779
interleaved,2,537,17.3936
interleaved,2,538,16.8788
interleaved,2,539,16.5653
interleaved,2,540,16.8659
interleaved,2,541,17.3203
interleaved,2,542,17.2037
interleaved,2,543,16.7243
interleaved,2,544,16.744
interleaved,2,545,16.919
interleaved,2,546,16.8622
interleaved,2,547,16.8801
interleaved,2,548,16.8334
interleaved,2,549,16.6126
interleaved,2,550,16.6038
interleaved,2,551,16.7508
interleaved,2,552,16.724
interleaved,2,553,16.9605
interleaved,2,554,16.7643
interleaved,2,555,16.7135
interleaved,2,556,16.2629
interleaved,2,557,16.9845
interleaved,2,558,16.3639
interleaved,2,559,16.9298
interleaved,2,560,16.9328
interleaved,2,561,16.8515
interleaved,2,562,17.0398
interleaved,2,563,16.8275
interleaved,2,564,16.8515
interleaved,2,565,16.7579
interleaved,2,566,17.0078
interleaved,2,567,16.9871
interleaved,2,568,16.8114
interleaved,2,569,16.9397
interleaved,2,570,16.7564
interleaved,2,571,17.1882
interleaved,2,572,17.0208
interleaved,2,573,17.2208
interleaved,2,574,16.8833
interleaved,2,575,17.2662
interleaved,2,576,16.9157
interleaved,2,577,17.5062
interleaved,2,578,17.314
interleaved,2,579,17.2817
interleaved,2,580,16.9417
interleaved,2,581,16.9752
interleaved,2,582,16.7424
interleaved,2,583,16.5413
interleaved,2,584,17.0383
interleaved,2,585,16.7705
interleaved,2,586,17.0256
interleaved,2,587,16.5029
interleaved,2,588,17.0652
interleaved,2,589,17.089
interleaved,2,590,16.5527
interleaved,2,591,16.9568
interleaved,2,592,17.2313
interleaved,2,593,16.4844
interleaved,2,594,16.4621
interleaved,2,595,16.7022
interleaved,2,596,16.9571
interleaved,2,597,17.4725
interleaved,2,598,23.7009
interleaved,2,599,17.0931
interleaved,3,0,60.0752
interleaved,3,1,11.622
interleaved,3,2,11.6247
interleaved,3,3,11.4313
interleaved,3,4,11.4848
interleaved,3,5,11.2764
interleaved,3,6,11.5029
interleaved,3,7,11.3574
interleaved,3,8,11.3189
interleaved,3,9,11.3526
interleaved,3,10,11.4628
interleaved,3,11,11.5158
interleaved,3,12,11.7233
interleaved,3,13,11.456
interleaved,3,14,11.1947
interleaved,3,15,11.4384
interleaved,3,16,11.1843
interleaved,3,17,11.7612
interleaved,3,18,11.5115
interleaved,3,19,11.5457
interleaved,3,20,10.9236
interleaved,3,21,10.3629
interleaved,3,22,10.4086
interleaved,3,23,10.81
interleaved,3,24,10.5159
interleaved,3,25,10.684
interleaved,3,26,10.7391
interleaved,3,27,10.6825
interleaved,3,28,10.9751
interleaved,3,29,10.4034
interleaved,3,30,10.8679
interleaved,3,31,10.5943
interleaved,3,32,10.9435
interleaved,3,33,10.6804
interleaved,3,34,10.5109
interleaved,3,35,11.5483
interleaved,3,36,11.6299
interleaved,3,37,12.0091
interleaved,3,38,11.832
interleaved,3,39,11.6735
interleaved,3,40,11.616
interleaved,3,41,11.1653
interleaved,3,42,11.903
interleaved,3,43,12.0658
interleaved,3,44,11.7447
interleaved,3,45,11.5142
interleaved,3,46,11.7377
interleaved,3,47,11.7859
interleaved,3,48,10.9078
interleaved,3,49,11.3207
interleaved,3,50,12.05
interleaved,3,51,12.091
interleaved,3,52,12.0687
interleaved,3,53,11.9246
interleaved,3,54,11.8002
interleaved,3,55,12.0634
interleaved,3,56,11.8713
interleaved,3,57,12.3468
interleaved,3,58,12.1073
interleaved,3,59,12.3905
interleaved,3,60,12.2406
interleaved,3,61,12.3143
interleaved,3,62,12.2257
interleaved,3,63,11.6661
interleaved,3,64,11.8956
interleaved,3,65,12.2863
interleaved,3,66,12.1941
interleaved,3,67,12.0785
interleaved,3,68,12.3148
interleaved,3,69,12.1788
interleaved,3,70,12.0362
interleaved,3,71,11.9383
interleaved,3,72,11.8656
interleaved,3,73,12.0865
interleaved,3,74,12.2652
interleaved,3,75,12.197
interleaved,3,76,12.1456
interleaved,3,77,12.3133
interleaved,3,78,12.4746
interleaved,3,79,12.3353
interleaved,3,80,12.1925
interleaved,3,81,12.3962
interleaved,3,82,12.645
interleaved,3,83,12.2698
interleaved,3,84,12.027
interleaved,3,85,12.3988
interleaved,3,86,12.529
interleaved,3,87,12.5089
interleaved,3,88,12.443
interleaved,3,89,12.5151
interleaved,3,90,12.4113
interleaved,3,91,12.4773
interleaved,3,92,12.381
interleaved,3,93,12.7242
interleaved,3,94,12.2803
interleaved,3,95,12.1692
interleaved,3,96,12.419
interleaved,3,97,12.5266
interleaved,3,98,12.4341
interleaved,3,99,12.2667
interleaved,3,100,12.6048
interleaved,3,101,12.2514
interleaved,3,102,12.1163
interleaved,3,103,12.1468
interleaved,3,104,12.5095
interleaved,3,105,12.0418
interleaved,3,106,11.9674
interleaved,3,107,12.1181
interleaved,3,108,12.231
interleaved,3,109,12.4393
interleaved,3,110,12.292
interleaved,3,111,12.2458
interleaved,3,112,12.4623
interleaved,3,113,12.3016
interleaved,3,114,12.5258
interleaved,3,115,11.9849
interleaved,3,116,12.8102
interleaved,3,117,12.7459
interleaved,3,118,12.8711
interleaved,3,119,12.413
interleaved,3,120,12.7895
interleaved,3,121,12.5137
interleaved,3,122,12.598
interleaved,3,123,12.7835
interleaved,3,124,12.8537
interleaved,3,125,12.8898
interleaved,3,126,12.5652
interleaved,3,127,12.437
interleaved,3,128,12.518
interleaved,3,129,12.5615
interleaved,3,130,12.5704
interleaved,3,131,12.658
interleaved,3,132,12.5311
interleaved,3,133,12.7669
interleaved,3,134,12.9162
interleaved,3,135,13.1306
interleaved,3,136,12.76
interleaved,3,137,12.8323
interleaved,3,138,12.4098
interleaved,3,139,13.0257
interleaved,3,140,12.6353
interleaved,3,141,13.2703
interleaved,3,142,12.8655
interleaved,3,143,12.852
interleaved,3,144,12.9765
interleaved,3,145,12.54
interleaved,3,146,12.7182
interleaved,3,147,13.0184
interleaved,3,148,13.0842
interleaved,3,149,13.0358
interleaved,3,150,13.2925
interleaved,3,151,12.8918
interleaved,3,152,13.3363
interleaved,3,153,13.062
interleaved,3,154,13.1196
interleaved,3,155,12.7105
interleaved,3,156,13.0504
interleaved,3,157,13.0175
interleaved,3,158,13.1209
interleaved,3,159,12.5845
interleaved,3,160,13.4669
interleaved,3,161,12.8483
interleaved,3,162,13.3313
interleaved,3,163,13.09
interleaved,3,164,13.4299
interleaved,3,165,13.2774
interleaved,3,166,13.2462
interleaved,3,167,13.2265
interleaved,3,168,13.1946
interleaved,3,169,13.1478
interleaved,3,170,13.2211
interleaved,3,171,13.2455
interleaved,3,172,13.1618
interleaved,3,173,13.5523
interleaved,3,174,13.5365
interleaved,3,175,13.0078
interleaved,3,176,13.3957
interleaved,3,177,13.322
interleaved,3,178,13.3704
interleaved,3,179,13.7162
interleaved,3,180,13.396
interleaved,3,181,13.4801
interleaved,3,182,13.4139
interleaved,3,183,13.2211
interleaved,3,184,13.2432
interleaved,3,185,13.3433
interleaved,3,186,13.1787
interleaved,3,187,13.1528
interleaved,3,188,13.4936
interleaved,3,189,13.2928
interleaved,3,190,13.1645
interleaved,3,191,13.3999
interleaved,3,192,13.158
interleaved,3,193,13.3608
interleaved,3,194,13.4605
interleaved,3,195,13.386
interleaved,3,196,13.2952
interleaved,3,197,13.3649
interleaved,3,198,14.2326
interleaved,3,199,13.6217
interleaved,3,200,13.3313
interleaved,3,201,13.759
interleaved,3,202,13.8993
interleaved,3,203,13.7444
interleaved,3,204,13.4327
interleaved,3,205,13.6715
interleaved,3,206,13.596
interleaved,3,207,13.7637
interleaved,3,208,13.4732
interleaved,3,209,13.7289
interleaved,3,210,13.3746
interleaved,3,211,13.3697
interleaved,3,212,13.5211
interleaved,3,213,13.6682
interleaved,3,214,13.5004
interleaved,3,215,13.4805
interleaved,3,216,13.4718
interleaved,3,217,13.7086
interleaved,3,218,13.3835
interleaved,3,219,13.2508
interleaved,3,220,13.6303
interleaved,3,221,13.6155
interleaved,3,222,13.6576
interleaved,3,223,13.7655
interleaved,3,224,13.9072
interleaved,3,225,14.113
interleaved,3,226,14.0031
interleaved,3,227,13.6454
interleaved,3,228,13.7975
interleaved,3,229,13.8293
interleaved,3,230,13.9307
interleaved,3,231,13.8294
interleaved,3,232,13.9369
interleaved,3,233,13.8193
interleaved,3,234,13.5408
interleaved,3,235,13.9006
interleaved,3,236,14.052
interleaved,3,237,13.3721
interleaved,3,238,14.1967
interleaved,3,239,13.7812
interleaved,3,240,13.8592
interleaved,3,241,14.1888
interleaved,3,242,13.9698
interleaved,3,243,13.9491
interleaved,3,244,14.0428
interleaved,3,245,14.0858
interleaved,3,246,13.909
interleaved,3,247,14.0763
interleaved,3,248,14.0853
interleaved,3,249,13.9235
interleaved,3,250,13.9922
interleaved,3,251,14.1148
interleaved,3,252,13.9508
interleaved,3,253,13.9467
interleaved,3,254,14.0228
interleaved,3,255,14.116
interleaved,3,256,14.1677
interleaved,3,257,13.9664
interleaved,3,258,13.8839
interleaved,3,259,13.9172
interleaved,3,260,14.188
interleaved,3,261,13.3975
interleaved,3,262,13.4757
interleaved,3,263,13.7897
interleaved,3,264,14.3824
interleaved,3,265,13.4535
interleaved,3,266,13.9346
interleaved,3,267,13.9434
interleaved,3,268,14.0337
interleaved,3,269,14.0769
interleaved,3,270,13.8221
interleaved,3,271,13.8067
interleaved,3,272,14.2176
interleaved,3,273,14.2567
interleaved,3,274,14.0776
interleaved,3,275,13.9802
interleaved,3,276,14.2842
interleaved,3,277,14.3125
interleaved,3,278,14.489
interleaved,3,279,14.5034
interleaved,3,280,14.5681
interleaved,3,281,14.5106
interleaved,3,282,14.3233
interleaved,3,283,14.3536
interleaved,3,284,14.4315
interleaved,3,285,14.5247
interleaved,3,286,14.3255
interleaved,3,287,14.1809
interleaved,3,288,14.753
interleaved,3,289,14.1523
interleaved,3,290,14.3212
interleaved,3,291,14.5409
interleaved,3,292,14.816
interleaved,3,293,14.5458
interleaved,3,294,14.6244
interleaved,3,295,14.5656
interleaved,3,296,14.4518
interleaved,3,297,14.49
interleaved,3,298,14.5314
interleaved,3,299,14.5581
interleaved,3,300,14.3447
interleaved,3,301,14.5808
interleaved,3,302,14.2247
interleaved,3,303,14.1248
interleaved,3,304,14.4335
interleaved,3,305,14.943
interleaved,3,306,15.2829
interleaved,3,307,14.9534
interleaved,3,308,14.4079
interleaved,3,309,15.4754
interleaved,3,310,14.8544
interleaved,3,311,14.4177
interleaved,3,312,14.3598
interleaved,3,313,14.6154
interleaved,3,314,14.7844
interleaved,3,315,14.6397
interleaved,3,316,15.0778
interleaved,3,317,14.9238
interleaved,3,318,15.2219
interleaved,3,319,14.7048
interleaved,3,320,14.606
interleaved,3,321,14.8266
interleaved,3,322,14.7449
interleaved,3,323,14.4497
interleaved,3,324,14.8787
interleaved,3,325,14.4219
interleaved,3,326,14.4963
interleaved,3,327,14.6031
interleaved,3,328,14.8022
interleaved,3,329,14.5804
interleaved,3,330,15.0004
interleaved,3,331,14.6478
interleaved,3,332,14.9429
interleaved,3,333,14.8763
interleaved,3,334,14.9601
interleaved,3,335,14.8873
interleaved,3,336,14.8122
interleaved,3,337,14.7074
interleaved,3,338,14.8958
interleaved,3,339,15.1674
interleaved,3,340,15.0817
interleaved,3,341,14.6672
interleaved,3,342,15.0322
interleaved,3,343,14.821
interleaved,3,344,15.0252
interleaved,3,345,15.1475
interleaved,3,346,15.3562
interleaved,3,347,15.3408
interleaved,3,348,14.8203
interleaved,3,349,14.606
interleaved,3,350,15.123
interleaved,3,351,15.0403
interleaved,3,352,14.6276
interleaved,3,353,16.045
interleaved,3,354,16.3977
interleaved,3,355,14.8732
interleaved,3,356,15.0001
interleaved,3,357,15.5505
interleaved,3,358,15.3069
interleaved,3,359,15.4018
interleaved,3,360,15.2668
interleaved,3,361,15.0524
interleaved,3,362,15.0715
interleaved,3,363,14.6423
interleaved,3,364,15.5579
interleaved,3,365,14.4056
interleaved,3,366,14.9007
interleaved,3,367,15.4132
interleaved,3,368,15.2178
interleaved,3,369,15.0702
interleaved,3,370,16.2681
interleaved,3,371,15.4599
interleaved,3,372,15.304
interleaved,3,373,15.4757
interleaved,3,374,15.179
interleaved,3,375,15.4967
interleaved,3,376,15.5487
interleaved,3,377,15.5341
interleaved,3,378,15.6999
interleaved,3,379,15.3896
interleaved,3,380,15.8078
interleaved,3,381,15.3814
interleaved,3,382,15.117
interleaved,3,383,14.9747
interleaved,3,384,14.9716
interleaved,3,385,15.0147
interleaved,3,386,15.2538
interleaved,3,387,15.5268
interleaved,3,388,15.1472
interleaved,3,389,15.7722
interleaved,3,390,15.6308
interleaved,3,391,15.508
interleaved,3,392,15.5067
interleaved,3,393,15.6341
interleaved,3,394,15.7675
interleaved,3,395,15.3407
interleaved,3,396,15.3304
interleaved,3,397,15.4268
interleaved,3,398,15.581
interleaved,3,399,15.4492
interleaved,3,400,15.535
interleaved,3,401,15.7582
interleaved,3,402,15.759
interleaved,3,403,15.7078
interleaved,3,404,15.5017
interleaved,3,405,15.834
interleaved,3,406,15.7613
interleaved,3,407,15.7554
interleaved,3,408,15.6511
interleaved,3,409,15.8009
interleaved,3,410,15.5823
interleaved,3,411,15.0405
interleaved,3,412,15.4205
interleaved,3,413,15.7288
interleaved,3,414,16.4577
interleaved,3,415,15.5173
interleaved,3,416,15.7346
interleaved,3,417,15.9051
interleaved,3,418,15.9886
interleaved,3,419,15.7658
interleaved,3,420,15.709
interleaved,3,421,16.0536
interleaved,3,422,15.9346
interleaved,3,423,15.909
interleaved,3,424,15.8122
interleaved,3,425,15.8459
interleaved,3,426,15.703
interleaved,3,427,15.5401
interleaved,3,428,15.6393
interleaved,3,429,15.9678
interleaved,3,430,15.6547
interleaved,3,431,15.637
interleaved,3,432,15.8123
interleaved,3,433,15.8619
interleaved,3,434,15.94
interleaved,3,435,16.0477
interleaved,3,436,16.073
interleaved,3,437,16.2134
interleaved,3,438,16.061
interleaved,3,439,16.0443
interleaved,3,440,16.0443
interleaved,3,441,16.2443
interleaved,3,442,16.0665
interleaved,3,443,16.097
interleaved,3,444,16.1687
interleaved,3,445,16.1522
interleaved,3,446,16.1537
interleaved,3,447,15.9987
interleaved,3,448,16.4007
interleaved,3,449,15.8937
interleaved,3,450,16.3332
interleaved,3,451,16.0998
interleaved,3,452,15.9238
interleaved,3,453,16.1136
interleaved,3,454,16.1097
interleaved,3,455,16.0047
interleaved,3,456,16.1798
interleaved,3,457,16.2685
interleaved,3,458,16.1223
interleaved,3,459,15.843
interleaved,3,460,15.8567
interleaved,3,461,16.1391
interleaved,3,462,16.1633
interleaved,3,463,16.5408
interleaved,3,464,16.1522
interleaved,3,465,16.2995
interleaved,3,466,16.2449
interleaved,3,467,16.312
interleaved,3,468,16.3064
interleaved,3,469,16.2749
interleaved,3,470,16.3095
interleaved,3,471,16.1538
interleaved,3,472,16.78
interleaved,3,473,17.2118
interleaved,3,474,16.4729
interleaved,3,475,16.4202
interleaved,3,476,16.4265
interleaved,3,477,15.931
interleaved,3,478,15.993
interleaved,3,479,16.6599
interleaved,3,480,17.1696
interleaved,3,481,17.0067
interleaved,3,482,16.9187
interleaved,3,483,16.876
interleaved,3,484,16.6827
interleaved,3,485,16.8774
interleaved,3,486,17.1009
interleaved,3,487,16.9441
interleaved,3,488,16.748
interleaved,3,489,17.0393
interleaved,3,490,16.7754
interleaved,3,491,16.718
interleaved,3,492,16.8523
interleaved,3,493,16.9557
interleaved,3,494,17.2299
interleaved,3,495,17.0779
interleaved,3,496,16.9846
interleaved,3,497,17.0278
interleaved,3,498,17.091
interleaved,3,499,17.0253
interleaved,3,500,16.9951
interleaved,3,501,16.7414
interleaved,3,502,16.6827
interleaved,3,503,16.7081
interleaved,3,504,16.8828
interleaved,3,505,16.8437
interleaved,3,506,16.7979
interleaved,3,507,16.464
interleaved,3,508,16.7978
interleaved,3,509,16.805
interleaved,3,510,17.0799
interleaved,3,511,17.3057
interleaved,3,512,17.0972
interleaved,3,513,17.077
interleaved,3,514,16.8084
interleaved,3,515,16.8438
interleaved,3,516,16.9402
interleaved,3,517,16.6285
interleaved,3,518,16.6398
interleaved,3,519,17.0408
interleaved,3,520,16.7749
interleaved,3,521,16.8897
interleaved,3,522,16.8349
interleaved,3,523,16.7399
interleaved,3,524,16.9207
interleaved,3,525,16.8878
interleaved,3,526,16.6189
interleaved,3,527,16.9426
interleaved,3,528,16.9417
interleaved,3,529,17.2592
interleaved,3,530,17.274
interleaved,3,531,17.2557
interleaved,3,532,17.0233
interleaved,3,533,16.865
interleaved,3,534,16.7082
interleaved,3,535,16.8847
interleaved,3,536,16.6894
interleaved,3,537,17.1212
interleaved,3,538,16.8178
interleaved,3,539,17.0922
interleaved,3,540,16.2883
interleaved,3,541,16.1299
interleaved,3,542,17.0246
interleaved,3,543,17.3307
interleaved,3,544,16.8023
interleaved,3,545,17.1218
interleaved,3,546,16.6776
interleaved,3,547,17.151
interleaved,3,548,17.0421
interleaved,3,549,17.2294
interleaved,3,550,17.1475
interleaved,3,551,16.7794
interleaved,3,552,17.2366
interleaved,3,553,16.907
interleaved,3,554,16.2936
interleaved,3,555,17.1061
interleaved,3,556,17.0428
interleaved,3,557,16.9462
interleaved,3,558,17.0331
interleaved,3,559,17.7575
interleaved,3,560,16.9
interleaved,3,561,16.979
interleaved,3,562,17.1906
interleaved,3,563,16.9578
interleaved,3,564,16.7263
interleaved,3,565,16.9335
interleaved,3,566,16.7439
interleaved,3,567,16.8116
interleaved,3,568,17.2763
interleaved,3,569,16.837
interleaved,3,570,16.6319
interleaved,3,571,17.0632
interleaved,3,572,16.9118
interleaved,3,573,16.8912
interleaved,3,574,16.9639
interleaved,3,575,16.7403
interleaved,3,576,16.854
interleaved,3,577,16.9994
interleaved,3,578,16.8099
interleaved,3,579,17.3542
interleaved,3,580,17.23
interleaved,3,581,16.6074
interleaved,3,582,17.0011
interleaved,3,583,16.9325
interleaved,3,584,16.9284
interleaved,3,585,16.7487
interleaved,3,586,16.9536
interleaved,3,587,16.8325
interleaved,3,588,16.481
interleaved,3,589,16.9467
interleaved,3,590,16.7353
interleaved,3,591,16.8762
interleaved,3,592,17.0761
interleaved,3,593,17.1402
interleaved,3,594,16.821
interleaved,3,595,16.9796
interleaved,3,596,16.96
interleaved,3,597,16.9559
interleaved,3,598,16.533
interleaved,3,599,17.3468
deferscale,3,0,59.876
deferscale,3,1,11.0942
deferscale,3,2,11.2382
deferscale,3,3,11.7662
deferscale,3,4,11.4166
deferscale,3,5,11.5472
deferscale,3,6,11.4258
deferscale,3,7,11.484
deferscale,3,8,11.6111
deferscale,3,9,11.7465
deferscale,3,10,11.6207
deferscale,3,11,11.4308
deferscale,3,12,10.9934
deferscale,3,13,11.3077
deferscale,3,14,11.3977
deferscale,3,15,11.5195
deferscale,3,16,11.5331
deferscale,3,17,11.4989
deferscale,3,18,11.4848
deferscale,3,19,11.7142
deferscale,3,20,11.5679
deferscale,3,21,11.4141
deferscale,3,22,11.7563
deferscale,3,23,11.5687
deferscale,3,24,11.9045
deferscale,3,25,11.8283
deferscale,3,26,10.9925
deferscale,3,27,11.9892
deferscale,3,28,11.8064
deferscale,3,29,11.8501
deferscale,3,30,12.0716
deferscale,3,31,11.815
deferscale,3,32,11.778
deferscale,3,33,12.0806
deferscale,3,34,12.2809
deferscale,3,35,11.7105
deferscale,3,36,11.6779
deferscale,3,37,11.753
deferscale,3,38,11.8815
deferscale,3,39,11.8338
deferscale,3,40,11.5206
deferscale,3,41,12.0817
deferscale,3,42,11.9936
deferscale,3,43,11.5522
deferscale,3,44,11.7188
deferscale,3,45,11.7687
deferscale,3,46,12.0651
deferscale,3,47,11.9412
deferscale,3,48,11.7263
deferscale,3,49,11.8765
deferscale,3,50,11.9512
deferscale,3,51,12.2348
deferscale,3,52,11.9478
deferscale,3,53,12.0602
deferscale,3,54,11.916
deferscale,3,55,12.0535
deferscale,3,56,12.1625
deferscale,3,57,11.8142
deferscale,3,58,12.307
deferscale,3,59,11.8594
deferscale,3,60,12.044
deferscale,3,61,12.0243
deferscale,3,62,12.2218
deferscale,3,63,11.9201
deferscale,3,64,12.1541
deferscale,3,65,12.3366
deferscale,3,66,11.9285
deferscale,3,67,12.1473
deferscale,3,68,12.3139
deferscale,3,69,12.3599
deferscale,3,70,12.2661
deferscale,3,71,12.1866
deferscale,3,72,12.2879
deferscale,3,73,12.2253
deferscale,3,74,12.1621
deferscale,3,75,12.1867
deferscale,3,76,12.0393
deferscale,3,77,12.1708
deferscale,3,78,12.1754
deferscale,3,79,12.3843
deferscale,3,80,12.2688
deferscale,3,81,12.2497
deferscale,3,82,12.0949
deferscale,3,83,11.8159
deferscale,3,84,12.0518
deferscale,3,85,12.1527
deferscale,3,86,12.8516
deferscale,3,87,12.4075
deferscale,3,88,12.5367
deferscale,3,89,12.5648
deferscale,3,90,12.5664
deferscale,3,91,12.7522
deferscale,3,92,12.264
deferscale,3,93,12.5277
deferscale,3,94,12.5057
deferscale,3,95,12.5706
deferscale,3,96,12.5745
deferscale,3,97,12.5012
deferscale,3,98,12.6267
deferscale,3,99,12.523
deferscale,3,100,12.4808
deferscale,3,101,12.2252
deferscale,3,102,12.6147
deferscale,3,103,13.1063
deferscale,3,104,12.8463
deferscale,3,105,12.4944
deferscale,3,106,13.4722
deferscale,3,107,12.8985
deferscale,3,108,12.4797
deferscale,3,109,12.4823
deferscale,3,110,12.7461
deferscale,3,111,12.8326
deferscale,3,112,12.9384
deferscale,3,113,12.2716
deferscale,3,114,12.7055
deferscale,3,115,12.6771
deferscale,3,116,12.7963
deferscale,3,117,12.738
deferscale,3,118,12.5249
deferscale,3,119,12.7622
deferscale,3,120,13.0402
deferscale,3,121,12.7103
deferscale,3,122,12.8789
deferscale,3,123,12.959
deferscale,3,124,12.8625
deferscale,3,125,12.7227
deferscale,3,126,12.8194
deferscale,3,127,12.7209
deferscale,3,128,12.704
deferscale,3,129,13.0205
deferscale,3,130,12.7839
deferscale,3,131,12.7719
deferscale,3,132,12.8959
deferscale,3,133,12.9125
deferscale,3,134,12.9708
deferscale,3,135,12.8025
deferscale,3,136,13.0673
deferscale,3,137,12.7599
deferscale,3,138,12.8967
deferscale,3,139,12.9108
deferscale,3,140,13.4038
deferscale,3,141,13.2636
deferscale,3,142,13.0587
deferscale,3,143,13.0323
deferscale,3,144,13.4323
deferscale,3,145,13.2695
deferscale,3,146,12.9335
deferscale,3,147,13.003
deferscale,3,148,13.0705
deferscale,3,149,13.3015
deferscale,3,150,13.2518
deferscale,3,151,13.0301
deferscale,3,152,13.0901
deferscale,3,153,13.5859
deferscale,3,154,13.1424
deferscale,3,155,13.3784
deferscale,3,156,13.1883
deferscale,3,157,13.1191
deferscale,3,158,13.2919
deferscale,3,159,13.2135
deferscale,3,160,13.2158
deferscale,3,161,13.2173
deferscale,3,162,13.0767
deferscale,3,163,12.9785
deferscale,3,164,13.4603
deferscale,3,165,13.1246
deferscale,3,166,13.3149
deferscale,3,167,13.4983
deferscale,3,168,13.2381
deferscale,3,169,13.282
deferscale,3,170,13.5381
deferscale,3,171,13.4105
deferscale,3,172,13.4835
deferscale,3,173,13.3675
deferscale,3,174,13.5462
deferscale,3,175,13.2674
deferscale,3,176,13.1869
deferscale,3,177,13.563
deferscale,3,178,13.4086
deferscale,3,179,13.4147
deferscale,3,180,13.3867
deferscale,3,181,13.7402
deferscale,3,182,13.7681
deferscale,3,183,13.5083
deferscale,3,184,13.5798
deferscale,3,185,13.4359
deferscale,3,186,13.4993
deferscale,3,187,13.5285
deferscale,3,188,13.4427
deferscale,3,189,13.2012
deferscale,3,190,13.3626
deferscale,3,191,13.3932
deferscale,3,192,13.2495
deferscale,3,193,13.4036
deferscale,3,194,13.2895
deferscale,3,195,13.5567
deferscale,3,196,13.7325
deferscale,3,197,13.696
deferscale,3,198,13.7652
deferscale,3,199,13.5589
deferscale,3,200,13.983
deferscale,3,201,13.6092
deferscale,3,202,13.4152
deferscale,3,203,13.3718
deferscale,3,204,13.6586
deferscale,3,205,13.6788
deferscale,3,206,13.5485
deferscale,3,207,13.8427
deferscale,3,208,13.5363
deferscale,3,209,13.6778
deferscale,3,210,13.8085
deferscale,3,211,13.7424
deferscale,3,212,13.6229
deferscale,3,213,13.9866
deferscale,3,214,13.5408
deferscale,3,215,14.013
deferscale,3,216,13.7494
deferscale,3,217,14.0513
deferscale,3,218,13.9449
deferscale,3,219,13.5445
deferscale,3,220,13.8468
deferscale,3,221,13.8263
deferscale,3,222,14.0938
deferscale,3,223,13.6943
deferscale,3,224,13.7775
deferscale,3,225,13.7443
deferscale,3,226,13.7585
deferscale,3,227,14.2115
deferscale,3,228,13.9857
deferscale,3,229,14.0661
deferscale,3,230,13.853
deferscale,3,231,13.7808
deferscale,3,232,13.6459
deferscale,3,233,13.8149
deferscale,3,234,13.8138
deferscale,3,235,13.7951
deferscale,3,236,14.1528
deferscale,3,237,14.0288
deferscale,3,238,14.0593
deferscale,3,239,14.1037
deferscale,3,240,13.6783
deferscale,3,241,13.463
deferscale,3,242,13.7975
deferscale,3,243,14.5638
deferscale,3,244,14.287
deferscale,3,245,14.2966
deferscale,3,246,13.8211
deferscale,3,247,13.8052
deferscale,3,248,13.5567
deferscale,3,249,13.8835
deferscale,3,250,13.9678
deferscale,3,251,14.389
deferscale,3,252,13.9495
deferscale,3,253,13.8979
deferscale,3,254,14.1952
deferscale,3,255,14.4282
deferscale,3,256,14.4518
deferscale,3,257,14.5935
deferscale,3,258,14.0172
deferscale,3,259,14.4341
deferscale,3,260,14.1929
deferscale,3,261,14.4475
deferscale,3,262,14.3101
deferscale,3,263,14.4054
deferscale,3,264,14.0688
deferscale,3,265,14.1472
deferscale,3,266,14.1024
deferscale,3,267,14.377
deferscale,3,268,14.362
deferscale,3,269,14.225
deferscale,3,270,14.2382
deferscale,3,271,14.6196
deferscale,3,272,14.2633
deferscale,3,273,14.3995
deferscale,3,274,14.243
deferscale,3,275,14.1755
deferscale,3,276,14.2672
deferscale,3,277,14.564
deferscale,3,278,14.2904
deferscale,3,279,14.8673
deferscale,3,280,14.5096
deferscale,3,281,14.6316
deferscale,3,282,14.6509
deferscale,3,283,14.4682
deferscale,3,284,14.5371
deferscale,3,285,14.4793
deferscale,3,286,14.8454
deferscale,3,287,14.3625
deferscale,3,288,14.7113
deferscale,3,289,14.6957
deferscale,3,290,14.2083
deferscale,3,291,14.6195
deferscale,3,292,14.353
deferscale,3,293,14.326
deferscale,3,294,14.5621
deferscale,3,295,14.5708
deferscale,3,296,15.1378
deferscale,3,297,14.865
deferscale,3,298,14.4595
deferscale,3,299,14.4405
deferscale,3,300,14.8985
deferscale,3,301,14.376
deferscale,3,302,14.4065
deferscale,3,303,14.7503
deferscale,3,304,14.7268
deferscale,3,305,14.408
deferscale,3,306,14.7345
deferscale,3,307,14.9261
deferscale,3,308,14.631
deferscale,3,309,14.8044
deferscale,3,310,14.9067
deferscale,3,311,15.0203
deferscale,3,312,14.6965
deferscale,3,313,14.6377
deferscale,3,314,14.7298
deferscale,3,315,14.885
deferscale,3,316,14.3949
deferscale,3,317,14.3361
deferscale,3,318,14.8477
deferscale,3,319,14.8641
deferscale,3,320,14.7182
deferscale,3,321,15.0977
deferscale,3,322,14.9979
deferscale,3,323,14.7086
deferscale,3,324,15.1288
deferscale,3,325,15.045
deferscale,3,326,14.8867
deferscale,3,327,15.2054
deferscale,3,328,15.0542
deferscale,3,329,15.0045
deferscale,3,330,14.7914
deferscale,3,331,15.2383
deferscale,3,332,14.8429
deferscale,3,333,14.92
deferscale,3,334,14.9146
deferscale,3,335,15.0276
deferscale,3,336,15.0282
deferscale,3,337,15.0875
deferscale,3,338,15.3767
deferscale,3,339,15.1077
deferscale,3,340,14.8919
deferscale,3,341,14.9676
deferscale,3,342,15.0318
deferscale,3,343,15.0553
deferscale,3,344,15.2819
deferscale,3,345,14.997
deferscale,3,346,15.3129
deferscale,3,347,15.0922
deferscale,3,348,15.1595
deferscale,3,349,15.3975
deferscale,3,350,14.7148
deferscale,3,351,14.8941
deferscale,3,352,14.6375
deferscale,3,353,14.8201
deferscale,3,354,14.8719
deferscale,3,355,14.7301
deferscale,3,356,14.8094
deferscale,3,357,14.7419
deferscale,3,358,14.9349
deferscale,3,359,14.7968
deferscale,3,360,14.9236
deferscale,3,361,14.9051
deferscale,3,362,14.7652
deferscale,3,363,14.8111
deferscale,3,364,14.9892
deferscale,3,365,14.72
deferscale,3,366,14.922
deferscale,3,367,15.119
deferscale,3,368,14.86
deferscale,3,369,15.2007
deferscale,3,370,16.2742
deferscale,3,371,15.1025
deferscale,3,372,15.0992
deferscale,3,373,15.4514
deferscale,3,374,15.4813
deferscale,3,375,15.3439
deferscale,3,376,15.317
deferscale,3,377,15.1454
deferscale,3,378,23.0561
deferscale,3,379,19.8081
deferscale,3,380,16.5684
deferscale,3,381,15.1731
deferscale,3,382,15.0388
deferscale,3,383,15.1904
deferscale,3,384,15.5664
deferscale,3,385,15.2748
deferscale,3,386,15.6209
deferscale,3,387,15.5569
deferscale,3,388,15.8006
deferscale,3,389,15.6187
deferscale,3,390,15.5707
deferscale,3,391,15.9397
deferscale,3,392,15.5648
deferscale,3,393,15.4981
deferscale,3,394,15.99
deferscale,3,395,15.9235
deferscale,3,396,15.9291
deferscale,3,397,15.7887
deferscale,3,398,16.0589
deferscale,3,399,15.9171
deferscale,3,400,15.4068
deferscale,3,401,15.6522
deferscale,3,402,15.9678
deferscale,3,403,15.6623
deferscale,3,404,15.7324
deferscale,3,405,15.9283
deferscale,3,406,15.965
deferscale,3,407,15.9211
deferscale,3,408,15.8901
deferscale,3,409,15.9245
deferscale,3,410,15.9096
deferscale,3,411,16.2705
deferscale,3,412,16.072
deferscale,3,413,15.9802
deferscale,3,414,15.6631
deferscale,3,415,16.0665
deferscale,3,416,15.8149
deferscale,3,417,16.043
deferscale,3,418,15.9046
deferscale,3,419,15.9383
deferscale,3,420,15.7618
deferscale,3,421,15.7224
deferscale,3,422,16.023
deferscale,3,423,15.8906
deferscale,3,424,16.0258
deferscale,3,425,15.9195
deferscale,3,426,15.8471
deferscale,3,427,16.1619
deferscale,3,428,16.2761
deferscale,3,429,15.8271
deferscale,3,430,16.2418
deferscale,3,431,16.1323
deferscale,3,432,15.9529
deferscale,3,433,15.6949
deferscale,3,434,16.3784
deferscale,3,435,15.9741
deferscale,3,436,15.9809
deferscale,3,437,16.1346
deferscale,3,438,16.309
deferscale,3,439,16.2995
deferscale,3,440,16.5735
deferscale,3,441,15.9978
deferscale,3,442,16.2738
deferscale,3,443,15.9944
deferscale,3,444,16.2108
deferscale,3,445,16.4741
deferscale,3,446,16.5
deferscale,3,447,16.1829
deferscale,3,448,16.4658
deferscale,3,449,16.1179
deferscale,3,450,16.5617
deferscale,3,451,16.2512
deferscale,3,452,16.0905
deferscale,3,453,16.0243
deferscale,3,454,16.2369
deferscale,3,455,16.4305
deferscale,3,456,16.1962
deferscale,3,457,16.2827
deferscale,3,458,16.2617
deferscale,3,459,16.2889
deferscale,3,460,16.4298
deferscale,3,461,16.0637
deferscale,3,462,16.4603
deferscale,3,463,15.9895
deferscale,3,464,16.2341
deferscale,3,465,16.4499
deferscale,3,466,16.5208
deferscale,3,467,16.5477
deferscale,3,468,17.0293
deferscale,3,469,16.1328
deferscale,3,470,16.6382
deferscale,3,471,16.4891
deferscale,3,472,17.015
deferscale,3,473,17.0665
deferscale,3,474,17.3378
deferscale,3,475,17.1123
deferscale,3,476,17.1722
deferscale,3,477,16.9768
deferscale,3,478,16.9852
deferscale,3,479,17.1825
deferscale,3,480,17.374
deferscale,3,481,16.829
deferscale,3,482,16.8221
deferscale,3,483,17.2492
deferscale,3,484,16.5619
deferscale,3,485,17.3133
deferscale,3,486,16.8311
deferscale,3,487,17.0989
deferscale,3,488,16.9176
deferscale,3,489,16.3818
deferscale,3,490,16.9082
deferscale,3,491,17.2411
deferscale,3,492,17.0747
deferscale,3,493,17.3286
deferscale,3,494,17.2361
deferscale,3,495,16.8957
deferscale,3,496,16.927
deferscale,3,497,17.0882
deferscale,3,498,16.9123
deferscale,3,499,17.3572
deferscale,3,500,16.8981
deferscale,3,501,16.937
deferscale,3,502,17.0984
deferscale,3,503,17.6542
deferscale,3,504,17.4862
deferscale,3,505,17.0665
deferscale,3,506,17.0591
deferscale,3,507,16.6075
deferscale,3,508,16.5902
deferscale,3,509,17.7039
deferscale,3,510,17.2025
deferscale,3,511,17.1691
deferscale,3,512,17.3961
deferscale,3,513,17.5292
deferscale,3,514,17.3053
deferscale,3,515,17.1466
deferscale,3,516,17.4617
deferscale,3,517,17.4056
deferscale,3,518,17.1532
deferscale,3,519,16.9828
deferscale,3,520,16.9156
deferscale,3,521,17.2593
deferscale,3,522,17.5739
deferscale,3,523,17.0856
deferscale,3,524,17.5226
deferscale,3,525,16.779
deferscale,3,526,16.9288
deferscale,3,527,16.882
deferscale,3,528,17.1526
deferscale,3,529,17.0282
deferscale,3,530,17.2101
deferscale,3,531,17.1513
deferscale,3,532,17.0434
deferscale,3,533,16.9911
deferscale,3,534,16.8899
deferscale,3,535,17.072
deferscale,3,536,17.2295
deferscale,3,537,16.9243
deferscale,3,538,17.1583
deferscale,3,539,17.3655
deferscale,3,540,16.8798
deferscale,3,541,17.1141
deferscale,3,542,16.9402
deferscale,3,543,16.7647
deferscale,3,544,17.0617
deferscale,3,545,17.0636
deferscale,3,546,17.2942
deferscale,3,547,17.0221
deferscale,3,548,17.0981
deferscale,3,549,17.1072
deferscale,3,550,17.0882
deferscale,3,551,17.0125
deferscale,3,552,16.9295
deferscale,3,553,16.7307
deferscale,3,554,16.9532
deferscale,3,555,17.2026
deferscale,3,556,17.019
deferscale,3,557,17.2577
deferscale,3,558,17.3276
deferscale,3,559,17.3007
deferscale,3,560,17.2557
deferscale,3,561,16.8873
deferscale,3,562,17.1146
deferscale,3,563,16.7571
deferscale,3,564,17.0682
deferscale,3,565,16.9557
deferscale,3,566,16.8722
deferscale,3,567,16.8882
deferscale,3,568,17.2948
deferscale,3,569,16.8562
deferscale,3,570,16.9551
deferscale,3,571,16.8703
deferscale,3,572,17.0812
deferscale,3,573,17.3075
deferscale,3,574,17.502
deferscale,3,575,17.0991
deferscale,3,576,17.0564
deferscale,3,577,17.4982
deferscale,3,578,17.0255
deferscale,3,579,17.1995
deferscale,3,580,17.2464
deferscale,3,581,16.9431
deferscale,3,582,16.8948
deferscale,3,583,16.3116
deferscale,3,584,16.5188
deferscale,3,585,16.7416
deferscale,3,586,17.0119
deferscale,3,587,17.0428
deferscale,3,588,16.7601
deferscale,3,589,16.8568
deferscale,3,590,17.3729
deferscale,3,591,17.0858
deferscale,3,592,17.1279
deferscale,3,593,17.1854
deferscale,3,594,16.8478
deferscale,3,595,17.287
deferscale,3,596,17.1638
deferscale,3,597,17.147
deferscale,3,598,17.6532
deferscale,3,599,17.017
deferscale,4,0,60.4462
deferscale,4,1,11.1326
deferscale,4,2,11.5109
deferscale,4,3,11.5238
deferscale,4,4,11.3361
deferscale,4,5,11.2835
deferscale,4,6,11.488
deferscale,4,7,11.751
deferscale,4,8,11.5518
deferscale,4,9,11.4191
deferscale,4,10,11.3626
deferscale,4,11,11.1328
deferscale,4,12,11.6451
deferscale,4,13,11.3475
deferscale,4,14,11.3088
deferscale,4,15,11.3816
deferscale,4,16,11.523
deferscale,4,17,11.8475
deferscale,4,18,11.6539
deferscale,4,19,11.6701
deferscale,4,20,11.6256
deferscale,4,21,12.018
deferscale,4,22,11.6768
deferscale,4,23,11.3941
deferscale,4,24,11.9374
deferscale,4,25,11.8406
deferscale,4,26,11.8407
deferscale,4,27,12.1817
deferscale,4,28,11.6202
deferscale,4,29,11.7526
deferscale,4,30,11.8021
deferscale,4,31,11.794
deferscale,4,32,11.4655
deferscale,4,33,11.887
deferscale,4,34,11.9826
deferscale,4,35,12.3296
deferscale,4,36,11.8591
deferscale,4,37,11.318
deferscale,4,38,11.6557
deferscale,4,39,11.7012
deferscale,4,40,11.4537
deferscale,4,41,11.4274
deferscale,4,42,11.359
deferscale,4,43,11.6273
deferscale,4,44,12.398
deferscale,4,45,11.8656
deferscale,4,46,11.9604
deferscale,4,47,11.9068
deferscale,4,48,12.1247
deferscale,4,49,12.1267
deferscale,4,50,12.2126
deferscale,4,51,12.4085
deferscale,4,52,12.1604
deferscale,4,53,12.1482
deferscale,4,54,11.7076
deferscale,4,55,11.8828
deferscale,4,56,11.8923
deferscale,4,57,12.3871
deferscale,4,58,11.9143
deferscale,4,59,12.1179
deferscale,4,60,11.9186
deferscale,4,61,12.0549
deferscale,4,62,12.431
deferscale,4,63,12.2715
deferscale,4,64,12.109
deferscale,4,65,12.3708
deferscale,4,66,12.1344
deferscale,4,67,12.318
deferscale,4,68,12.2409
deferscale,4,69,12.2216
deferscale,4,70,12.0332
deferscale,4,71,12.252
deferscale,4,72,12.301
deferscale,4,73,12.179
deferscale,4,74,12.3262
deferscale,4,75,12.3548
deferscale,4,76,12.577
deferscale,4,77,12.2863
deferscale,4,78,11.9851
deferscale,4,79,12.2941
deferscale,4,80,12.1436
deferscale,4,81,12.4651
deferscale,4,82,12.2123
deferscale,4,83,12.226
deferscale,4,84,12.2542
deferscale,4,85,12.6646
deferscale,4,86,12.4887
deferscale,4,87,12.5452
deferscale,4,88,12.546
deferscale,4,89,12.3225
deferscale,4,90,12.4289
deferscale,4,91,12.393
deferscale,4,92,12.0427
deferscale,4,93,12.4023
deferscale,4,94,12.5705
deferscale,4,95,12.357
deferscale,4,96,12.3692
deferscale,4,97,12.6159
deferscale,4,98,12.6892
deferscale,4,99,12.5313
deferscale,4,100,12.4665
deferscale,4,101,12.6129
deferscale,4,102,12.2585
deferscale,4,103,12.0795
deferscale,4,104,12.4689
deferscale,4,105,12.2583
deferscale,4,106,12.1766
deferscale,4,107,12.4578
deferscale,4,108,11.7738
deferscale,4,109,12.0839
deferscale,4,110,12.3193
deferscale,4,111,12.2416
deferscale,4,112,12.6304
deferscale,4,113,12.5467
deferscale,4,114,13.0342
deferscale,4,115,12.7326
deferscale,4,116,12.5999
deferscale,4,117,12.9685
deferscale,4,118,12.9313
deferscale,4,119,12.6993
deferscale,4,120,12.9991
deferscale,4,121,12.7811
deferscale,4,122,12.8026
deferscale,4,123,12.683
deferscale,4,124,12.9848
deferscale,4,125,12.7125
deferscale,4,126,13.0619
deferscale,4,127,13.0391
deferscale,4,128,13.3982
deferscale,4,129,12.8844
deferscale,4,130,13.1336
deferscale,4,131,13.1077
deferscale,4,132,12.7649
deferscale,4,133,13.1922
deferscale,4,134,13.1301
deferscale,4,135,12.5617
deferscale,4,136,12.9705
deferscale,4,137,12.7603
deferscale,4,138,12.764
deferscale,4,139,12.9699
deferscale,4,140,13.0074
deferscale,4,141,12.7303
deferscale,4,142,13.0039
deferscale,4,143,12.9578
deferscale,4,144,13.0868
deferscale,4,145,12.948
deferscale,4,146,13.1713
deferscale,4,147,13.3702
deferscale,4,148,12.6502
deferscale,4,149,12.982
deferscale,4,150,12.9836
deferscale,4,151,13.1225
deferscale,4,152,13.0918
deferscale,4,153,12.9856
deferscale,4,154,12.9049
deferscale,4,155,13.2941
deferscale,4,156,12.5548
deferscale,4,157,12.4851
deferscale,4,158,12.3906
deferscale,4,159,12.8558
deferscale,4,160,12.6898
deferscale,4,161,12.5181
deferscale,4,162,12.7975
deferscale,4,163,12.9884
deferscale,4,164,12.92
deferscale,4,165,12.5084
deferscale,4,166,12.6268
deferscale,4,167,12.7865
deferscale,4,168,12.965
deferscale,4,169,12.6123
deferscale,4,170,12.8929
deferscale,4,171,13.0902
deferscale,4,172,13.1346
deferscale,4,173,13.1097
deferscale,4,174,13.8365
deferscale,4,175,13.9241
deferscale,4,176,13.5465
deferscale,4,177,12.9593
deferscale,4,178,13.3995
deferscale,4,179,13.3317
deferscale,4,180,13.3561
deferscale,4,181,13.5084
deferscale,4,182,13.0999
deferscale,4,183,13.3895
deferscale,4,184,13.362
deferscale,4,185,13.3124
deferscale,4,186,13.3035
deferscale,4,187,13.5919
deferscale,4,188,13.6728
deferscale,4,189,13.6427
deferscale,4,190,13.1302
deferscale,4,191,13.6847
deferscale,4,192,13.7003
deferscale,4,193,13.3085
deferscale,4,194,13.652
deferscale,4,195,13.372
deferscale,4,196,13.5396
deferscale,4,197,13.4664
deferscale,4,198,13.56
deferscale,4,199,13.8263
deferscale,4,200,13.4499
deferscale,4,201,13.5903
deferscale,4,202,13.6967
deferscale,4,203,14.4337
deferscale,4,204,13.5504
deferscale,4,205,13.5386
deferscale,4,206,13.6848
deferscale,4,207,13.5169
deferscale,4,208,13.6518
deferscale,4,209,13.3412
deferscale,4,210,13.6822
deferscale,4,211,13.8707
deferscale,4,212,13.6792
deferscale,4,213,13.8096
deferscale,4,214,13.9968
deferscale,4,215,13.5763
deferscale,4,216,13.8715
deferscale,4,217,13.9158
deferscale,4,218,13.6226
deferscale,4,219,13.7265
deferscale,4,220,13.6315
deferscale,4,221,14.2545
deferscale,4,222,13.805
deferscale,4,223,14
deferscale,4,224,14.222
deferscale,4,225,13.7866
deferscale,4,226,13.8319
deferscale,4,227,13.8423
deferscale,4,228,13.9605
deferscale,4,229,13.6867
deferscale,4,230,14.2018
deferscale,4,231,13.9417
deferscale,4,232,14.015
deferscale,4,233,13.8293
deferscale,4,234,13.9285
deferscale,4,235,13.8177
deferscale,4,236,14.2179
deferscale,4,237,14.0028
deferscale,4,238,13.8729
deferscale,4,239,13.6468
deferscale,4,240,14.0136
deferscale,4,241,13.9483
deferscale,4,242,14.0792
deferscale,4,243,13.7932
deferscale,4,244,13.7336
deferscale,4,245,13.9268
deferscale,4,246,14.0866
deferscale,4,247,14.1171
deferscale,4,248,14.3274
deferscale,4,249,13.9362
deferscale,4,250,14.27
deferscale,4,251,14.2795
deferscale,4,252,14.0252
deferscale,4,253,14.1595
deferscale,4,254,14.3328
deferscale,4,255,14.1138
deferscale,4,256,14.107
deferscale,4,257,14.0568
deferscale,4,258,14.5144
deferscale,4,259,14.2015
deferscale,4,260,14.1028
deferscale,4,261,14.1851
deferscale,4,262,14.0403
deferscale,4,263,13.9482
deferscale,4,264,13.9082
deferscale,4,265,14.0853
deferscale,4,266,14.5423
deferscale,4,267,14.4817
deferscale,4,268,14.5193
deferscale,4,269,13.9861
deferscale,4,270,14.2731
deferscale,4,271,14.5332
deferscale,4,272,14.4433
deferscale,4,273,14.2371
deferscale,4,274,14.2148
deferscale,4,275,14.3395
deferscale,4,276,14.3564
deferscale,4,277,14.3013
deferscale,4,278,14.4058
deferscale,4,279,14.4608
deferscale,4,280,14.6246
deferscale,4,281,14.8313
deferscale,4,282,14.2933
deferscale,4,283,14.6769
deferscale,4,284,14.5823
deferscale,4,285,14.6083
deferscale,4,286,14.2456
deferscale,4,287,14.6114
deferscale,4,288,14.3716
deferscale,4,289,14.8192
deferscale,4,290,14.4169
deferscale,4,291,14.2847
deferscale,4,292,14.5251
deferscale,4,293,14.5389
deferscale,4,294,14.6404
deferscale,4,295,14.3637
deferscale,4,296,14.5805
deferscale,4,297,14.5979
deferscale,4,298,14.4217
deferscale,4,299,14.7361
deferscale,4,300,14.2404
deferscale,4,301,14.4223
deferscale,4,302,14.854
deferscale,4,303,14.9434
deferscale,4,304,14.9786
deferscale,4,305,14.7185
deferscale,4,306,14.8374
deferscale,4,307,14.6807
deferscale,4,308,14.8702
deferscale,4,309,14.9729
deferscale,4,310,14.8299
deferscale,4,311,14.6267
deferscale,4,312,14.565
deferscale,4,313,14.9929
deferscale,4,314,14.6375
deferscale,4,315,14.5492
deferscale,4,316,14.662
deferscale,4,317,14.9817
deferscale,4,318,14.971
deferscale,4,319,14.4801
deferscale,4,320,14.7119
deferscale,4,321,14.9966
deferscale,4,322,14.8769
deferscale,4,323,14.7883
deferscale,4,324,15.1985
deferscale,4,325,14.8399
deferscale,4,326,14.7159
deferscale,4,327,15.5363
deferscale,4,328,14.6642
deferscale,4,329,14.6326
deferscale,4,330,15.1633
deferscale,4,331,15.3302
deferscale,4,332,14.9331
deferscale,4,333,14.9757
deferscale,4,334,15.1892
deferscale,4,335,14.9972
deferscale,4,336,15.2543
deferscale,4,337,15.3697
deferscale,4,338,15.1845
deferscale,4,339,15.1185
deferscale,4,340,15.0061
deferscale,4,341,14.9817
deferscale,4,342,15.4074
deferscale,4,343,15.8175
deferscale,4,344,14.8123
deferscale,4,345,15.0642
deferscale,4,346,15.2595
deferscale,4,347,15.2078
deferscale,4,348,15.5905
deferscale,4,349,15.3664
deferscale,4,350,15.2489
deferscale,4,351,15.4222
deferscale,4,352,15.1532
deferscale,4,353,15.3658
deferscale,4,354,14.5246
deferscale,4,355,14.495
deferscale,4,356,15.0548
deferscale,4,357,15.3541
deferscale,4,358,15.6515
deferscale,4,359,15.0114
deferscale,4,360,15.3839
deferscale,4,361,15.338
deferscale,4,362,14.9647
deferscale,4,363,15.0445
deferscale,4,364,15.5117
deferscale,4,365,15.1403
deferscale,4,366,15.3543
deferscale,4,367,15.6497
deferscale,4,368,15.3689
deferscale,4,369,15.2196
deferscale,4,370,15.0711
deferscale,4,371,15.3992
deferscale,4,372,14.783
deferscale,4,373,14.8323
deferscale,4,374,15.1862
deferscale,4,375,15.0096
deferscale,4,376,15.4032
deferscale,4,377,15.5605
deferscale,4,378,15.5947
deferscale,4,379,15.6547
deferscale,4,380,15.5515
deferscale,4,381,15.6245
deferscale,4,382,15.5702
deferscale,4,383,15.0633
deferscale,4,384,15.5484
deferscale,4,385,15.4583
deferscale,4,386,15.3539
deferscale,4,387,15.57
deferscale,4,388,15.613
deferscale,4,389,15.7101
deferscale,4,390,15.7531
deferscale,4,391,15.3282
deferscale,4,392,15.793
deferscale,4,393,15.4888
deferscale,4,394,15.4621
deferscale,4,395,15.6434
deferscale,4,396,15.5008
deferscale,4,397,15.3902
deferscale,4,398,15.4903
deferscale,4,399,15.7219
deferscale,4,400,15.887
deferscale,4,401,15.6741
deferscale,4,402,15.615
deferscale,4,403,15.6398
deferscale,4,404,15.7611
deferscale,4,405,16.0017
deferscale,4,406,15.7792
deferscale,4,407,15.615
deferscale,4,408,15.7045
deferscale,4,409,15.6157
deferscale,4,410,15.8044
deferscale,4,411,15.7173
deferscale,4,412,15.9383
deferscale,4,413,15.9695
deferscale,4,414,15.7019
deferscale,4,415,15.8477
deferscale,4,416,15.9175
deferscale,4,417,15.725
deferscale,4,418,15.8267
deferscale,4,419,15.8474
deferscale,4,420,15.7927
deferscale,4,421,15.6565
deferscale,4,422,15.9362
deferscale,4,423,15.7798
deferscale,4,424,16.0087
deferscale,4,425,15.9253
deferscale,4,426,16.1708
deferscale,4,427,16.1126
deferscale,4,428,16.1051
deferscale,4,429,16.1786
deferscale,4,430,16.3076
deferscale,4,431,16.1057
deferscale,4,432,16.0053
deferscale,4,433,15.8591
deferscale,4,434,15.7804
deferscale,4,435,16.075
deferscale,4,436,16.5279
deferscale,4,437,15.9677
deferscale,4,438,16.0186
deferscale,4,439,16.149
deferscale,4,440,16.0605
deferscale,4,441,16.1444
deferscale,4,442,15.8101
deferscale,4,443,16.1763
deferscale,4,444,16.2145
deferscale,4,445,15.9679
deferscale,4,446,16.1468
deferscale,4,447,16.2203
deferscale,4,448,16.2067
deferscale,4,449,16.4715
deferscale,4,450,16.0794
deferscale,4,451,16.0186
deferscale,4,452,16.2136
deferscale,4,453,16.0651
deferscale,4,454,16.2437
deferscale,4,455,16.3483
deferscale,4,456,16.2327
deferscale,4,457,15.993
deferscale,4,458,15.8511
deferscale,4,459,16.5924
deferscale,4,460,16.3198
deferscale,4,461,16.2712
deferscale,4,462,16.606
deferscale,4,463,16.1354
deferscale,4,464,16.5517
deferscale,4,465,16.2665
deferscale,4,466,16.5245
deferscale,4,467,16.6379
deferscale,4,468,16.6963
deferscale,4,469,16.5432
deferscale,4,470,16.5213
deferscale,4,471,17.2212
deferscale,4,472,17.2023
deferscale,4,473,17.2189
deferscale,4,474,17.139
deferscale,4,475,17.1527
deferscale,4,476,16.9212
deferscale,4,477,16.5492
deferscale,4,478,17.1961
deferscale,4,479,16.9809
deferscale,4,480,16.9882
deferscale,4,481,17.2211
deferscale,4,482,17.2342
deferscale,4,483,17.2351
deferscale,4,484,17.2888
deferscale,4,485,16.987
deferscale,4,486,17.1358
deferscale,4,487,17.0919
deferscale,4,488,17.3839
deferscale,4,489,16.4352
deferscale,4,490,16.768
deferscale,4,491,17.1845
deferscale,4,492,16.8578
deferscale,4,493,17.0782
deferscale,4,494,16.9784
deferscale,4,495,17.2909
deferscale,4,496,16.9974
deferscale,4,497,17.2502
deferscale,4,498,16.9523
deferscale,4,499,17.2553
deferscale,4,500,17.1525
deferscale,4,501,16.6717
deferscale,4,502,17.1509
deferscale,4,503,16.8785
deferscale,4,504,17.0152
deferscale,4,505,17.09
deferscale,4,506,17.3728
deferscale,4,507,17.0715
deferscale,4,508,17.1958
deferscale,4,509,17.2669
deferscale,4,510,16.8859
deferscale,4,511,17.4419
deferscale,4,512,17.2942
deferscale,4,513,17.5865
deferscale,4,514,17.5436
deferscale,4,515,17.03
deferscale,4,516,17.0573
deferscale,4,517,17.3372
deferscale,4,518,16.9934
deferscale,4,519,16.8205
deferscale,4,520,16.7043
deferscale,4,521,16.7755
deferscale,4,522,17.1236
deferscale,4,523,16.9198
deferscale,4,524,17.0852
deferscale,4,525,16.9025
deferscale,4,526,16.9365
deferscale,4,527,16.9664
deferscale,4,528,17.166
deferscale,4,529,17.2321
deferscale,4,530,16.9812
deferscale,4,531,17.1131
deferscale,4,532,16.9484
deferscale,4,533,17.4534
deferscale,4,534,17.1219
deferscale,4,535,17.0919
deferscale,4,536,17.1152
deferscale,4,537,16.8192
deferscale,4,538,17.0298
deferscale,4,539,17.2037
deferscale,4,540,17.4416
deferscale,4,541,17.1404
deferscale,4,542,17.0954
deferscale,4,543,17.1255
deferscale,4,544,16.9946
deferscale,4,545,17.1676
deferscale,4,546,17.2522
deferscale,4,547,17.0752
deferscale,4,548,16.9674
deferscale,4,549,17.2004
deferscale,4,550,17.0435
deferscale,4,551,16.9493
deferscale,4,552,17.1697
deferscale,4,553,16.6962
deferscale,4,554,16.9558
deferscale,4,555,17.1575
deferscale,4,556,17.2293
deferscale,4,557,16.6852
deferscale,4,558,17.1345
deferscale,4,559,17.3809
deferscale,4,560,17.3572
deferscale,4,561,17.0269
deferscale,4,562,16.9977
deferscale,4,563,16.9617
deferscale,4,564,17.302
deferscale,4,565,16.7422
deferscale,4,566,16.9632
deferscale,4,567,17.1631
deferscale,4,568,17.4015
deferscale,4,569,16.8206
deferscale,4,570,17.1356
deferscale,4,571,16.5575
deferscale,4,572,17.2075
deferscale,4,573,17.2666
deferscale,4,574,16.8971
deferscale,4,575,17.0605
deferscale,4,576,16.9802
deferscale,4,577,17.0629
deferscale,4,578,17.4632
deferscale,4,579,17.2574
deferscale,4,580,17.0955
deferscale,4,581,17.4397
deferscale,4,582,16.9534
deferscale,4,583,17.0967
deferscale,4,584,17.4107
deferscale,4,585,16.7921
deferscale,4,586,17.0191
deferscale,4,587,16.6342
deferscale,4,588,16.666
deferscale,4,589,17.3974
deferscale,4,590,17.2133
deferscale,4,591,17.4237
deferscale,4,592,17.13
deferscale,4,593,17.6416
deferscale,4,594,17.1264
deferscale,4,595,17.276
deferscale,4,596,16.9103
deferscale,4,597,16.9087
deferscale,4,598,16.8992
deferscale,4,599,16.9355
interleaved,4,0,59.9401
interleaved,4,1,11.4588
interleaved,4,2,11.2995
interleaved,4,3,11.4322
interleaved,4,4,11.2343
interleaved,4,5,11.5904
interleaved,4,6,12.0169
interleaved,4,7,11.4989
interleaved,4,8,11.5055
interleaved,4,9,11.2925
interleaved,4,10,11.3933
interleaved,4,11,11.2589
interleaved,4,12,11.6046
interleaved,4,13,11.7782
interleaved,4,14,11.6246
interleaved,4,15,11.3343
interleaved,4,16,11.4375
interleaved,4,17,11.6464
interleaved,4,18,11.9552
interleaved,4,19,11.4604
interleaved,4,20,11.5967
interleaved,4,21,11.6563
interleaved,4,22,11.7843
interleaved,4,23,11.7097
interleaved,4,24,11.9331
interleaved,4,25,11.6562
interleaved,4,26,11.595
interleaved,4,27,11.9855
interleaved,4,28,12.2512
interleaved,4,29,12.2836
interleaved,4,30,11.2754
interleaved,4,31,11.8797
interleaved,4,32,11.2197
interleaved,4,33,11.0594
interleaved,4,34,10.9799
interleaved,4,35,11.6776
interleaved,4,36,11.2497
interleaved,4,37,11.8172
interleaved,4,38,12.0139
interleaved,4,39,13.5324
interleaved,4,40,12.7213
interleaved,4,41,11.8637
interleaved,4,42,10.3926
interleaved,4,43,11.857
interleaved,4,44,11.9479
interleaved,4,45,12.6395
interleaved,4,46,11.7871
interleaved,4,47,12.1226
interleaved,4,48,12.0781
interleaved,4,49,11.942
interleaved,4,50,12.5083
interleaved,4,51,11.9029
interleaved,4,52,13.025
interleaved,4,53,11.8075
interleaved,4,54,11.8911
interleaved,4,55,12.2593
interleaved,4,56,14.5015
interleaved,4,57,12.1712
interleaved,4,58,12.1626
interleaved,4,59,12.9766
interleaved,4,60,13.296
interleaved,4,61,11.7764
interleaved,4,62,13.115
interleaved,4,63,12.7078
interleaved,4,64,14.611
interleaved,4,65,14.2357
interleaved,4,66,12.4211
interleaved,4,67,11.9367
interleaved,4,68,12.329
interleaved,4,69,12.2903
interleaved,4,70,12.5877
interleaved,4,71,13.9043
interleaved,4,72,12.9796
interleaved,4,73,12.1855
interleaved,4,74,11.8796
interleaved,4,75,12.2252
interleaved,4,76,11.997
interleaved,4,77,14.1465
interleaved,4,78,12.5687
interleaved,4,79,12.3253
interleaved,4,80,12.1647
interleaved,4,81,12.0084
interleaved,4,82,12.0346
interleaved,4,83,12.1985
interleaved,4,84,12.2228
interleaved,4,85,12.5726
interleaved,4,86,12.3692
interleaved,4,87,12.3514
interleaved,4,88,12.6384
interleaved,4,89,14.0764
interleaved,4,90,13.8695
interleaved,4,91,13.0319
interleaved,4,92,12.3051
interleaved,4,93,12.4854
interleaved,4,94,12.303
interleaved,4,95,12.3093
interleaved,4,96,12.5383
interleaved,4,97,12.7899
interleaved,4,98,12.4048
interleaved,4,99,12.2589
interleaved,4,100,12.8567
interleaved,4,101,12.3573
interleaved,4,102,12.4224
interleaved,4,103,12.2245
interleaved,4,104,12.6826
interleaved,4,105,12.4497
interleaved,4,106,12.564
interleaved,4,107,12.6202
interleaved,4,108,12.5276
interleaved,4,109,12.6456
interleaved,4,110,12.5129
interleaved,4,111,12.3866
interleaved,4,112,12.8253
interleaved,4,113,12.8204
interleaved,4,114,12.6453
interleaved,4,115,12.8783
interleaved,4,116,12.4865
interleaved,4,117,12.6086
interleaved,4,118,12.5264
interleaved,4,119,12.8409
interleaved,4,120,13.1049
interleaved,4,121,12.9265
interleaved,4,122,12.2985
interleaved,4,123,12.2332
interleaved,4,124,12.1725
interleaved,4,125,12.4139
interleaved,4,126,11.9599
interleaved,4,127,12.5983
interleaved,4,128,12.3627
interleaved,4,129,12.8897
interleaved,4,130,12.9725
interleaved,4,131,12.6365
interleaved,4,132,12.811
interleaved,4,133,13.1725
interleaved,4,134,12.7915
interleaved,4,135,12.9502
interleaved,4,136,13.0393
interleaved,4,137,13.0113
interleaved,4,138,13.1456
interleaved,4,139,12.94
interleaved,4,140,13.1207
interleaved,4,141,12.9441
interleaved,4,142,12.814
interleaved,4,143,12.7788
interleaved,4,144,12.8544
interleaved,4,145,13.5765
interleaved,4,146,13.4944
interleaved,4,147,13.0918
interleaved,4,148,12.9963
interleaved,4,149,12.5708
interleaved,4,150,12.5721
interleaved,4,151,12.6193
interleaved,4,152,12.5128
interleaved,4,153,12.7034
interleaved,4,154,13.2667
interleaved,4,155,12.9363
interleaved,4,156,12.652
interleaved,4,157,13.0853
interleaved,4,158,13.0358
interleaved,4,159,12.9111
interleaved,4,160,12.7611
interleaved,4,161,13.4955
interleaved,4,162,13.2162
interleaved,4,163,12.9403
interleaved,4,164,12.8918
interleaved,4,165,13.2912
interleaved,4,166,13.6154
interleaved,4,167,12.9132
interleaved,4,168,12.6552
interleaved,4,169,12.7732
interleaved,4,170,12.8382
interleaved,4,171,12.7006
interleaved,4,172,12.8959
interleaved,4,173,12.6239
interleaved,4,174,13.0647
interleaved,4,175,13.0249
interleaved,4,176,12.1909
interleaved,4,177,15.7223
interleaved,4,178,13.3139
interleaved,4,179,12.9831
interleaved,4,180,12.8681
interleaved,4,181,13.8025
interleaved,4,182,13.808
interleaved,4,183,13.9141
interleaved,4,184,13.3733
interleaved,4,185,13.3264
interleaved,4,186,13.3452
interleaved,4,187,12.9066
interleaved,4,188,13.2445
interleaved,4,189,13.2099
interleaved,4,190,13.6602
interleaved,4,191,12.3895
interleaved,4,192,13.5755
interleaved,4,193,13.3699
interleaved,4,194,13.8835
interleaved,4,195,13.037
interleaved,4,196,13.1871
interleaved,4,197,13.8445
interleaved,4,198,13.4872
interleaved,4,199,13.2095
interleaved,4,200,13.7262
interleaved,4,201,12.7512
interleaved,4,202,13.1853
interleaved,4,203,13.3696
interleaved,4,204,12.7964
interleaved,4,205,13.7351
interleaved,4,206,14.0334
interleaved,4,207,13.9473
interleaved,4,208,13.1266
interleaved,4,209,13.3359
interleaved,4,210,13.474
interleaved,4,211,13.1037
interleaved,4,212,13.3528
interleaved,4,213,13.736
interleaved,4,214,13.8019
interleaved,4,215,13.4755
interleaved,4,216,13.3828
interleaved,4,217,13.8581
interleaved,4,218,13.8172
interleaved,4,219,13.8101
interleaved,4,220,13.794
interleaved,4,221,13.8754
interleaved,4,222,13.5974
interleaved,4,223,14.2099
interleaved,4,224,14.1375
interleaved,4,225,13.5461
interleaved,4,226,13.6418
interleaved,4,227,13.4941
interleaved,4,228,13.7687
interleaved,4,229,14.0215
interleaved,4,230,13.7458
interleaved,4,231,13.8035
interleaved,4,232,13.8673
interleaved,4,233,13.8614
interleaved,4,234,14.1982
interleaved,4,235,13.9288
interleaved,4,236,14.0197
interleaved,4,237,13.8035
interleaved,4,238,13.778
interleaved,4,239,13.6376
interleaved,4,240,13.7807
interleaved,4,241,13.974
interleaved,4,242,14.0227
interleaved,4,243,13.8771
interleaved,4,244,14.5503
interleaved,4,245,14.0941
interleaved,4,246,14.0243
interleaved,4,247,14.3568
interleaved,4,248,13.955
interleaved,4,249,14.2967
interleaved,4,250,14.0431
interleaved,4,251,14.0735
interleaved,4,252,13.776
interleaved,4,253,14.1214
interleaved,4,254,14.2635
interleaved,4,255,14.1293
interleaved,4,256,13.9845
interleaved,4,257,14.2947
interleaved,4,258,13.6738
interleaved,4,259,14.1071
interleaved,4,260,14.0898
interleaved,4,261,14.0023
interleaved,4,262,14.1657
interleaved,4,263,14.2297
interleaved,4,264,13.9617
interleaved,4,265,13.8806
interleaved,4,266,14.4465
interleaved,4,267,14.1717
interleaved,4,268,14.1917
interleaved,4,269,14.503
interleaved,4,270,14.3703
interleaved,4,271,14.2396
interleaved,4,272,14.095
interleaved,4,273,14.2263
interleaved,4,274,14.2667
interleaved,4,275,14.2748
interleaved,4,276,14.4615
interleaved,4,277,14.6273
interleaved,4,278,14.2195
interleaved,4,279,14.3435
interleaved,4,280,14.2931
interleaved,4,281,14.2252
interleaved,4,282,14.1578
interleaved,4,283,14.2092
interleaved,4,284,14.1002
interleaved,4,285,14.667
interleaved,4,286,14.3531
interleaved,4,287,14.3226
interleaved,4,288,14.1137
interleaved,4,289,14.5958
interleaved,4,290,14.324
interleaved,4,291,14.52
interleaved,4,292,14.3052
interleaved,4,293,15.4001
interleaved,4,294,14.3626
interleaved,4,295,14.556
interleaved,4,296,14.3791
interleaved,4,297,14.5618
interleaved,4,298,14.7295
interleaved,4,299,14.6516
interleaved,4,300,14.5674
interleaved,4,301,14.5576
interleaved,4,302,14.6323
interleaved,4,303,14.3477
interleaved,4,304,14.5664
interleaved,4,305,14.7488
interleaved,4,306,14.5349
interleaved,4,307,14.4373
interleaved,4,308,14.7389
interleaved,4,309,14.4345
interleaved,4,310,14.6623
interleaved,4,311,14.4249
interleaved,4,312,14.6928
interleaved,4,313,15.0506
interleaved,4,314,15.2713
interleaved,4,315,15.0113
interleaved,4,316,14.9552
interleaved,4,317,15.2415
interleaved,4,318,14.6516
interleaved,4,319,14.7291
interleaved,4,320,15.0216
interleaved,4,321,15.091
interleaved,4,322,14.7495
interleaved,4,323,14.885
interleaved,4,324,14.8001
interleaved,4,325,14.5665
interleaved,4,326,14.9895
interleaved,4,327,14.9889
interleaved,4,328,15.1152
interleaved,4,329,15.3491
interleaved,4,330,15.0228
interleaved,4,331,14.9002
interleaved,4,332,15.0673
interleaved,4,333,14.9421
interleaved,4,334,14.2036
interleaved,4,335,14.3981
interleaved,4,336,14.981
interleaved,4,337,14.713
interleaved,4,338,14.8786
interleaved,4,339,15.2178
interleaved,4,340,14.9631
interleaved,4,341,14.7829
interleaved,4,342,14.9396
interleaved,4,343,15.1485
interleaved,4,344,15.062
interleaved,4,345,15.1703
interleaved,4,346,14.9855
interleaved,4,347,15.3613
interleaved,4,348,14.7922
interleaved,4,349,14.9756
interleaved,4,350,15.0967
interleaved,4,351,14.8342
interleaved,4,352,14.958
interleaved,4,353,15.5404
interleaved,4,354,14.9187
interleaved,4,355,15.0071
interleaved,4,356,14.7635
interleaved,4,357,15.2606
interleaved,4,358,15.1188
interleaved,4,359,15.1248
interleaved,4,360,15.1423
interleaved,4,361,15.1913
interleaved,4,362,15.1005
interleaved,4,363,14.8596
interleaved,4,364,15.3657
interleaved,4,365,15.4415
interleaved,4,366,15.3855
interleaved,4,367,15.4743
interleaved,4,368,15.4836
interleaved,4,369,15.0288
interleaved,4,370,15.3008
interleaved,4,371,15.3796
interleaved,4,372,14.9745
interleaved,4,373,15.355
interleaved,4,374,15.3084
interleaved,4,375,15.2707
interleaved,4,376,15.4164
interleaved,4,377,15.6339
interleaved,4,378,15.4145
interleaved,4,379,15.8106
interleaved,4,380,15.6929
interleaved,4,381,15.3937
interleaved,4,382,15.3281
interleaved,4,383,15.3155
interleaved,4,384,15.1571
interleaved,4,385,15.4103
interleaved,4,386,15.8782
interleaved,4,387,15.338
interleaved,4,388,16.0446
interleaved,4,389,22.0957
interleaved,4,390,20.8409
interleaved,4,391,17.1423
interleaved,4,392,15.7232
interleaved,4,393,15.4302
interleaved,4,394,15.7209
interleaved,4,395,15.639
interleaved,4,396,15.331
interleaved,4,397,15.8549
interleaved,4,398,16.0644
interleaved,4,399,15.7254
interleaved,4,400,15.5824
interleaved,4,401,15.7651
interleaved,4,402,15.7221
interleaved,4,403,15.623
interleaved,4,404,16.0933
interleaved,4,405,15.919
interleaved,4,406,15.8433
interleaved,4,407,15.8917
interleaved,4,408,15.7442
interleaved,4,409,15.4189
interleaved,4,410,15.882
interleaved,4,411,15.6109
interleaved,4,412,15.6174
interleaved,4,413,15.8149
interleaved,4,414,15.832
interleaved,4,415,15.7203
interleaved,4,416,15.5278
interleaved,4,417,15.848
interleaved,4,418,15.8407
interleaved,4,419,15.877
interleaved,4,420,15.6593
interleaved,4,421,15.8448
interleaved,4,422,15.7991
interleaved,4,423,16.0144
interleaved,4,424,16.1937
interleaved,4,425,16.4296
interleaved,4,426,15.8875
interleaved,4,427,16.0749
interleaved,4,428,15.8883
interleaved,4,429,16.0829
interleaved,4,430,15.9986
interleaved,4,431,15.8352
interleaved,4,432,15.8322
interleaved,4,433,15.9214
interleaved,4,434,16.1084
interleaved,4,435,16.0281
interleaved,4,436,15.6289
interleaved,4,437,15.8825
interleaved,4,438,15.9398
interleaved,4,439,15.5171
interleaved,4,440,15.8894
interleaved,4,441,16.0324
interleaved,4,442,15.923
interleaved,4,443,15.9229
interleaved,4,444,15.9804
interleaved,4,445,16.1113
interleaved,4,446,15.9666
interleaved,4,447,16.0369
interleaved,4,448,15.9414
interleaved,4,449,16.1106
interleaved,4,450,15.8537
interleaved,4,451,16.0863
interleaved,4,452,16.2575
interleaved,4,453,15.9821
interleaved,4,454,16.1667
interleaved,4,455,16.209
interleaved,4,456,16.1068
interleaved,4,457,16.0319
interleaved,4,458,16.297
interleaved,4,459,16.2934
interleaved,4,460,16.1605
interleaved,4,461,16.3932
interleaved,4,462,16.3472
interleaved,4,463,16.1959
interleaved,4,464,16.2161
interleaved,4,465,16.5483
interleaved,4,466,16.1179
interleaved,4,467,16.2568
interleaved,4,468,16.365
interleaved,4,469,16.1669
interleaved,4,470,16.167
interleaved,4,471,15.6662
interleaved,4,472,16.7875
interleaved,4,473,16.6099
interleaved,4,474,16.2594
interleaved,4,475,16.7064
interleaved,4,476,16.8998
interleaved,4,477,17.0861
interleaved,4,478,16.84
interleaved,4,479,16.9562
interleaved,4,480,17.0283
interleaved,4,481,17.2003
interleaved,4,482,16.812
interleaved,4,483,16.8033
interleaved,4,484,17.329
interleaved,4,485,17.3265
interleaved,4,486,16.4247
interleaved,4,487,16.4867
interleaved,4,488,16.3435
interleaved,4,489,16.4662
interleaved,4,490,16.7215
interleaved,4,491,16.8023
interleaved,4,492,16.7162
interleaved,4,493,16.7848
interleaved,4,494,16.8115
interleaved,4,495,16.9354
interleaved,4,496,16.9305
interleaved,4,497,17.1045
interleaved,4,498,16.973
interleaved,4,499,16.6365
interleaved,4,500,17.0099
interleaved,4,501,16.657
interleaved,4,502,16.6763
interleaved,4,503,16.9033
interleaved,4,504,17.3174
interleaved,4,505,16.5449
interleaved,4,506,17.2683
interleaved,4,507,16.8454
interleaved,4,508,17.0354
interleaved,4,509,16.899
interleaved,4,510,16.8712
interleaved,4,511,16.8125
interleaved,4,512,16.8597
interleaved,4,513,16.7237
interleaved,4,514,16.9744
interleaved,4,515,16.7397
interleaved,4,516,17.098
interleaved,4,517,17.003
interleaved,4,518,16.8059
interleaved,4,519,16.9432
interleaved,4,520,16.793
interleaved,4,521,17.1145
interleaved,4,522,17.233
interleaved,4,523,16.9905
interleaved,4,524,16.6848
interleaved,4,525,17.0164
interleaved,4,526,16.8366
interleaved,4,527,17.0127
interleaved,4,528,16.7095
interleaved,4,529,16.841
interleaved,4,530,16.857
interleaved,4,531,16.9659
interleaved,4,532,17.0231
interleaved,4,533,16.8109
interleaved,4,534,16.8996
interleaved,4,535,24.3106
interleaved,4,536,16.6389
interleaved,4,537,16.7672
interleaved,4,538,17.1582
interleaved,4,539,16.8486
interleaved,4,540,16.8746
interleaved,4,541,17.3162
interleaved,4,542,16.8525
interleaved,4,543,16.7434
interleaved,4,544,17.197
interleaved,4,545,17.0822
interleaved,4,546,17.8428
interleaved,4,547,17.1025
interleaved,4,548,16.5451
interleaved,4,549,16.6506
interleaved,4,550,16.8263
interleaved,4,551,17.0868
interleaved,4,552,16.947
interleaved,4,553,16.7458
interleaved,4,554,16.7805
interleaved,4,555,16.9803
interleaved,4,556,16.5903
interleaved,4,557,16.8465
interleaved,4,558,16.9127
interleaved,4,559,16.6736
interleaved,4,560,16.9587
interleaved,4,561,16.4735
interleaved,4,562,16.641
interleaved,4,563,17.4955
interleaved,4,564,17.0262
interleaved,4,565,16.8044
interleaved,4,566,17.2584
interleaved,4,567,16.9988
interleaved,4,568,17.0333
interleaved,4,569,16.7793
interleaved,4,570,16.6272
interleaved,4,571,16.9518
interleaved,4,572,16.9853
interleaved,4,573,16.9198
interleaved,4,574,16.5488
interleaved,4,575,16.8433
interleaved,4,576,17.2865
interleaved,4,577,17.8008
interleaved,4,578,17.3188
interleaved,4,579,17.235
interleaved,4,580,16.983
interleaved,4,581,17.2033
interleaved,4,582,17.1064
interleaved,4,583,17.0325
interleaved,4,584,16.953
interleaved,4,585,16.787
interleaved,4,586,16.2725
interleaved,4,587,16.7127
interleaved,4,588,16.8261
interleaved,4,589,16.8128
interleaved,4,590,16.7277
interleaved,4,591,17.1202
interleaved,4,592,16.8893
interleaved,4,593,16.9873
interleaved,4,594,16.9505
interleaved,4,595,16.7021
interleaved,4,596,16.8186
interleaved,4,597,16.6373
interleaved,4,598,16.4991
interleaved,4,599,16.666
interleaved,5,0,59.3753
interleaved,5,1,11.7435
interleaved,5,2,11.5446
interleaved,5,3,11.0321
interleaved,5,4,11.3766
interleaved,5,5,11.2906
interleaved,5,6,11.3811
interleaved,5,7,11.402
interleaved,5,8,11.4601
interleaved,5,9,11.359
interleaved,5,10,11.4158
interleaved,5,11,11.6012
interleaved,5,12,11.4716
interleaved,5,13,11.8268
interleaved,5,14,11.7273
interleaved,5,15,11.7364
interleaved,5,16,11.5294
interleaved,5,17,11.3088
interleaved,5,18,11.7315
interleaved,5,19,11.8797
interleaved,5,20,11.6833
interleaved,5,21,11.5275
interleaved,5,22,11.5938
interleaved,5,23,11.416
interleaved,5,24,11.9147
interleaved,5,25,12.1688
interleaved,5,26,11.9343
interleaved,5,27,11.6983
interleaved,5,28,11.4007
interleaved,5,29,11.78
interleaved,5,30,11.5468
interleaved,5,31,11.649
interleaved,5,32,11.6729
interleaved,5,33,11.9831
interleaved,5,34,11.853
interleaved,5,35,11.7475
interleaved,5,36,11.9123
interleaved,5,37,11.831
interleaved,5,38,12.025
interleaved,5,39,12.1457
interleaved,5,40,11.9736
interleaved,5,41,11.707
interleaved,5,42,11.902
interleaved,5,43,11.9439
interleaved,5,44,11.938
interleaved,5,45,12.2692
interleaved,5,46,12.0655
interleaved,5,47,12.1525
interleaved,5,48,12.2067
interleaved,5,49,11.7902
interleaved,5,50,11.9567
interleaved,5,51,11.8643
interleaved,5,52,12.1067
interleaved,5,53,12.08
interleaved,5,54,11.8738
interleaved,5,55,11.9656
interleaved,5,56,12.4132
interleaved,5,57,12.233
interleaved,5,58,12.0775
interleaved,5,59,12.446
interleaved,5,60,12.0464
interleaved,5,61,12.1172
interleaved,5,62,11.9228
interleaved,5,63,11.9951
interleaved,5,64,12.0112
interleaved,5,65,12.0818
interleaved,5,66,12.4825
interleaved,5,67,11.9739
interleaved,5,68,12.1463
interleaved,5,69,12.334
interleaved,5,70,11.945
interleaved,5,71,12.2034
interleaved,5,72,12.047
interleaved,5,73,12.0436
interleaved,5,74,12.6559
interleaved,5,75,12.4466
interleaved,5,76,12.3195
interleaved,5,77,12.1154
interleaved,5,78,12.5113
interleaved,5,79,12.1405
interleaved,5,80,12.118
interleaved,5,81,12.103
interleaved,5,82,12.0328
interleaved,5,83,12.168
interleaved,5,84,12.2704
interleaved,5,85,12.519
interleaved,5,86,12.6747
interleaved,5,87,12.3933
interleaved,5,88,13.2528
interleaved,5,89,12.756
interleaved,5,90,12.4537
interleaved,5,91,12.1885
interleaved,5,92,12.5245
interleaved,5,93,12.2884
interleaved,5,94,12.4218
interleaved,5,95,12.3219
interleaved,5,96,12.6735
interleaved,5,97,12.4631
interleaved,5,98,12.2775
interleaved,5,99,12.3335
interleaved,5,100,12.5038
interleaved,5,101,12.5714
interleaved,5,102,12.2397
interleaved,5,103,12.4398
interleaved,5,104,12.9507
interleaved,5,105,12.5872
interleaved,5,106,12.3723
interleaved,5,107,12.3101
interleaved,5,108,12.204
interleaved,5,109,12.8516
interleaved,5,110,12.6535
interleaved,5,111,12.6571
interleaved,5,112,12.5125
interleaved,5,113,12.7698
interleaved,5,114,12.9455
interleaved,5,115,12.4083
interleaved,5,116,12.3445
interleaved,5,117,12.5146
interleaved,5,118,13.0198
interleaved,5,119,12.4677
interleaved,5,120,12.7741
interleaved,5,121,12.8473
interleaved,5,122,12.6677
interleaved,5,123,12.7913
interleaved,5,124,12.6212
interleaved,5,125,12.8528
interleaved,5,126,12.9005
interleaved,5,127,13.1148
interleaved,5,128,12.8623
interleaved,5,129,13.1353
interleaved,5,130,12.6367
interleaved,5,131,12.6352
interleaved,5,132,12.722
interleaved,5,133,12.9772
interleaved,5,134,12.8915
interleaved,5,135,12.8546
interleaved,5,136,12.6461
interleaved,5,137,12.8594
interleaved,5,138,12.925
interleaved,5,139,12.8693
interleaved,5,140,13.1407
interleaved,5,141,12.8052
interleaved,5,142,13.2241
interleaved,5,143,13.1208
interleaved,5,144,12.9185
interleaved,5,145,12.4547
interleaved,5,146,13.1243
interleaved,5,147,12.9129
interleaved,5,148,13.1851
interleaved,5,149,13.9675
interleaved,5,150,12.6059
interleaved,5,151,12.7363
interleaved,5,152,12.7238
interleaved,5,153,17.244
interleaved,5,154,13.8425
interleaved,5,155,13.7132
interleaved,5,156,13.7381
interleaved,5,157,14.0902
interleaved,5,158,13.7745
interleaved,5,159,14.6356
interleaved,5,160,13.4127
interleaved,5,161,13.4428
interleaved,5,162,13.5435
interleaved,5,163,13.4363
interleaved,5,164,13.4732
interleaved,5,165,13.3657
interleaved,5,166,13.4877
interleaved,5,167,13.2978
interleaved,5,168,13.7095
interleaved,5,169,13.0968
interleaved,5,170,13.2105
interleaved,5,171,13.211
interleaved,5,172,13.0745
interleaved,5,173,13.8652
interleaved,5,174,13.1848
interleaved,5,175,13.1713
interleaved,5,176,13.2647
interleaved,5,177,13.644
interleaved,5,178,13.071
interleaved,5,179,13.4433
interleaved,5,180,13.2366
interleaved,5,181,13.3037
interleaved,5,182,13.4385
interleaved,5,183,13.0277
interleaved,5,184,13.4848
interleaved,5,185,13.325
interleaved,5,186,13.4188
interleaved,5,187,13.1972
interleaved,5,188,13.4063
interleaved,5,189,13.2698
interleaved,5,190,13.1959
interleaved,5,191,13.4682
interleaved,5,192,13.3235
interleaved,5,193,13.3699
interleaved,5,194,13.4826
interleaved,5,195,13.6918
interleaved,5,196,13.5327
interleaved,5,197,13.431
interleaved,5,198,13.3138
interleaved,5,199,13.7477
interleaved,5,200,13.5412
interleaved,5,201,13.2525
interleaved,5,202,13.4825
interleaved,5,203,13.6166
interleaved,5,204,13.8471
interleaved,5,205,13.806
interleaved,5,206,13.7608
interleaved,5,207,13.8183
interleaved,5,208,13.6384
interleaved,5,209,13.4573
interleaved,5,210,13.7998
interleaved,5,211,13.6809
interleaved,5,212,13.8473
interleaved,5,213,13.5213
interleaved,5,214,14.107
interleaved,5,215,13.7417
interleaved,5,216,13.801
interleaved,5,217,13.4035
interleaved,5,218,13.8713
interleaved,5,219,13.7142
interleaved,5,220,13.7465
interleaved,5,221,13.801
interleaved,5,222,13.9247
interleaved,5,223,14.0632
interleaved,5,224,13.7769
interleaved,5,225,13.6617
interleaved,5,226,14.0101
interleaved,5,227,14.0602
interleaved,5,228,13.8187
interleaved,5,229,13.9148
interleaved,5,230,13.8428
interleaved,5,231,14.0272
interleaved,5,232,13.7978
interleaved,5,233,13.9283
interleaved,5,234,14.1945
interleaved,5,235,13.9226
interleaved,5,236,13.7285
interleaved,5,237,13.8442
interleaved,5,238,13.942
interleaved,5,239,13.9057
interleaved,5,240,14.132
interleaved,5,241,14.4646
interleaved,5,242,13.9267
interleaved,5,243,14.0324
interleaved,5,244,13.8441
interleaved,5,245,14.2315
interleaved,5,246,14.1041
interleaved,5,247,14.0977
interleaved,5,248,14.3086
interleaved,5,249,14.5876
interleaved,5,250,13.8763
interleaved,5,251,14.3492
interleaved,5,252,14.2038
interleaved,5,253,13.7003
interleaved,5,254,13.9969
interleaved,5,255,14.3845
interleaved,5,256,14.4858
interleaved,5,257,14.045
interleaved,5,258,14.4307
interleaved,5,259,14.1797
interleaved,5,260,13.7189
interleaved,5,261,13.7624
interleaved,5,262,13.9264
interleaved,5,263,13.8572
interleaved,5,264,13.718
interleaved,5,265,13.9696
interleaved,5,266,14.208
interleaved,5,267,14.3392
interleaved,5,268,14.402
interleaved,5,269,14.27
interleaved,5,270,14.1577
interleaved,5,271,14.4183
interleaved,5,272,14.174
interleaved,5,273,14.1965
interleaved,5,274,13.8591
interleaved,5,275,14.2617
interleaved,5,276,13.9554
interleaved,5,277,14.202
interleaved,5,278,14.2879
interleaved,5,279,14.0729
interleaved,5,280,14.276
interleaved,5,281,14.1459
interleaved,5,282,14.441
interleaved,5,283,14.5667
interleaved,5,284,13.9458
interleaved,5,285,14.3177
interleaved,5,286,14.5188
interleaved,5,287,14.4075
interleaved,5,288,14.3166
interleaved,5,289,14.2973
interleaved,5,290,14.5554
interleaved,5,291,14.6312
interleaved,5,292,14.7169
interleaved,5,293,14.552
interleaved,5,294,14.2447
interleaved,5,295,14.4963
interleaved,5,296,14.2891
interleaved,5,297,14.7498
interleaved,5,298,14.3945
interleaved,5,299,14.2669
interleaved,5,300,14.3308
interleaved,5,301,14.3254
interleaved,5,302,14.3065
interleaved,5,303,14.1279
interleaved,5,304,14.7099
interleaved,5,305,14.3765
interleaved,5,306,14.4819
interleaved,5,307,14.4485
interleaved,5,308,14.9495
interleaved,5,309,14.6695
interleaved,5,310,14.4564
interleaved,5,311,14.5708
interleaved,5,312,14.6514
interleaved,5,313,15.7215
interleaved,5,314,14.5083
interleaved,5,315,14.8504
interleaved,5,316,15.1235
interleaved,5,317,15.0212
interleaved,5,318,14.8426
interleaved,5,319,15.1252
interleaved,5,320,15.173
interleaved,5,321,14.7913
interleaved,5,322,14.3658
interleaved,5,323,14.7095
interleaved,5,324,14.6284
interleaved,5,325,15.064
interleaved,5,326,14.7733
interleaved,5,327,14.838
interleaved,5,328,14.9365
interleaved,5,329,14.8858
interleaved,5,330,15.1427
interleaved,5,331,14.8553
interleaved,5,332,14.6887
interleaved,5,333,15.2891
interleaved,5,334,14.6103
interleaved,5,335,14.7858
interleaved,5,336,15.0312
interleaved,5,337,15.464
interleaved,5,338,15.1201
interleaved,5,339,14.9128
interleaved,5,340,14.8161
interleaved,5,341,14.9415
interleaved,5,342,14.7673
interleaved,5,343,14.8155
interleaved,5,344,15.2556
interleaved,5,345,15.1696
interleaved,5,346,15.09
interleaved,5,347,14.8977
interleaved,5,348,15.2054
interleaved,5,349,15.1011
interleaved,5,350,15.3954
interleaved,5,351,15.101
interleaved,5,352,15.3142
interleaved,5,353,15.1001
interleaved,5,354,14.7734
interleaved,5,355,15.6855
interleaved,5,356,15.0174
interleaved,5,357,15.0642
interleaved,5,358,14.8375
interleaved,5,359,15.0796
interleaved,5,360,15.1694
interleaved,5,361,14.9371
interleaved,5,362,15.2075
interleaved,5,363,15.1003
interleaved,5,364,15.4157
interleaved,5,365,15.266
interleaved,5,366,15.4214
interleaved,5,367,15.1739
interleaved,5,368,15.3761
interleaved,5,369,15.3527
interleaved,5,370,15.1856
interleaved,5,371,15.346
interleaved,5,372,15.4187
interleaved,5,373,15.2759
interleaved,5,374,15.2428
interleaved,5,375,15.2992
interleaved,5,376,15.5428
interleaved,5,377,15.3775
interleaved,5,378,16.1592
interleaved,5,379,15.3559
interleaved,5,380,15.6676
interleaved,5,381,15.1768
interleaved,5,382,15.4269
interleaved,5,383,15.1357
interleaved,5,384,15.4088
interleaved,5,385,15.1267
interleaved,5,386,15.6521
interleaved,5,387,15.4505
interleaved,5,388,16.1083
interleaved,5,389,16.2404
interleaved,5,390,15.6593
interleaved,5,391,15.5685
interleaved,5,392,15.3812
interleaved,5,393,15.2547
interleaved,5,394,15.343
interleaved,5,395,14.8887
interleaved,5,396,15.6203
interleaved,5,397,15.575
interleaved,5,398,15.6011
interleaved,5,399,15.8385
interleaved,5,400,15.6775
interleaved,5,401,15.8181
interleaved,5,402,15.7593
interleaved,5,403,15.653
interleaved,5,404,15.5986
interleaved,5,405,15.6505
interleaved,5,406,15.5297
interleaved,5,407,15.4766
interleaved,5,408,16.0407
interleaved,5,409,15.6427
interleaved,5,410,16.0495
interleaved,5,411,15.823
interleaved,5,412,15.5687
interleaved,5,413,15.672
interleaved,5,414,15.6558
interleaved,5,415,15.7151
interleaved,5,416,15.5465
interleaved,5,417,15.7966
interleaved,5,418,16.0185
interleaved,5,419,16.075
interleaved,5,420,15.8688
interleaved,5,421,15.8179
interleaved,5,422,15.879
interleaved,5,423,15.9789
interleaved,5,424,16.0697
interleaved,5,425,15.8642
interleaved,5,426,15.6652
interleaved,5,427,16.1075
interleaved,5,428,15.5843
interleaved,5,429,15.4965
interleaved,5,430,15.627
interleaved,5,431,15.6315
interleaved,5,432,15.3871
interleaved,5,433,15.9074
interleaved,5,434,15.7335
interleaved,5,435,16.6904
interleaved,5,436,16.2111
interleaved,5,437,15.6955
interleaved,5,438,16.2352
interleaved,5,439,16.2657
interleaved,5,440,15.8588
interleaved,5,441,15.4988
interleaved,5,442,15.9401
interleaved,5,443,16.1158
interleaved,5,444,15.9949
interleaved,5,445,16.2326
interleaved,5,446,16.0225
interleaved,5,447,16.2727
interleaved,5,448,16.1333
interleaved,5,449,16.0825
interleaved,5,450,16.5511
interleaved,5,451,16.0259
interleaved,5,452,15.6454
interleaved,5,453,16.142
interleaved,5,454,15.948
interleaved,5,455,15.9128
interleaved,5,456,16.2412
interleaved,5,457,16.0947
interleaved,5,458,16.234
interleaved,5,459,16.0627
interleaved,5,460,16.099
interleaved,5,461,16.6606
interleaved,5,462,16.2258
interleaved,5,463,16.4464
interleaved,5,464,16.0449
interleaved,5,465,16.1751
interleaved,5,466,16.2185
interleaved,5,467,16.285
interleaved,5,468,16.2126
interleaved,5,469,16.2847
interleaved,5,470,16.0289
interleaved,5,471,16.4189
interleaved,5,472,16.553
interleaved,5,473,16.7517
interleaved,5,474,17.2252
interleaved,5,475,16.735
interleaved,5,476,16.5375
interleaved,5,477,17.0248
interleaved,5,478,16.6593
interleaved,5,479,16.7293
interleaved,5,480,16.7676
interleaved,5,481,17.0237
interleaved,5,482,17.0855
interleaved,5,483,17.0202
interleaved,5,484,16.6398
interleaved,5,485,16.6771
interleaved,5,486,16.5952
interleaved,5,487,16.9753
interleaved,5,488,16.8032
interleaved,5,489,16.7765
interleaved,5,490,16.8446
interleaved,5,491,17.0413
interleaved,5,492,16.8142
interleaved,5,493,17.2873
interleaved,5,494,17.018
interleaved,5,495,16.6819
interleaved,5,496,16.9308
interleaved,5,497,16.9665
interleaved,5,498,16.7378
interleaved,5,499,16.9872
interleaved,5,500,17.3299
interleaved,5,501,16.6079
interleaved,5,502,16.8901
interleaved,5,503,17.3594
interleaved,5,504,17.0918
interleaved,5,505,16.8193
interleaved,5,506,16.9855
interleaved,5,507,16.9557
interleaved,5,508,17.0754
interleaved,5,509,16.792
interleaved,5,510,16.8375
interleaved,5,511,17.2344
interleaved,5,512,17.0153
interleaved,5,513,16.8897
interleaved,5,514,16.8067
interleaved,5,515,16.7323
interleaved,5,516,16.9192
interleaved,5,517,16.9906
interleaved,5,518,17.0456
interleaved,5,519,17.105
interleaved,5,520,16.9685
interleaved,5,521,16.9952
interleaved,5,522,16.3727
interleaved,5,523,17.1704
interleaved,5,524,17.1681
interleaved,5,525,16.8682
interleaved,5,526,17.0655
interleaved,5,527,17.2859
interleaved,5,528,16.7085
interleaved,5,529,17.06
interleaved,5,530,15.6953
interleaved,5,531,16.3183
interleaved,5,532,16.7679
interleaved,5,533,17.1639
interleaved,5,534,17.0645
interleaved,5,535,17.3105
interleaved,5,536,17.049
interleaved,5,537,17.2353
interleaved,5,538,17.0308
interleaved,5,539,16.9939
interleaved,5,540,17.1588
interleaved,5,541,16.211
interleaved,5,542,16.9512
interleaved,5,543,16.9567
interleaved,5,544,17.1254
interleaved,5,545,16.9797
interleaved,5,546,17.2146
interleaved,5,547,17.0753
interleaved,5,548,17.0937
interleaved,5,549,17.0557
interleaved,5,550,17.3345
interleaved,5,551,17.1711
interleaved,5,552,16.8055
interleaved,5,553,16.6894
interleaved,5,554,16.9424
interleaved,5,555,16.7447
interleaved,5,556,16.9654
interleaved,5,557,17.0684
interleaved,5,558,16.4019
interleaved,5,559,17.0731
interleaved,5,560,17.0697
interleaved,5,561,16.4974
interleaved,5,562,16.5075
interleaved,5,563,17.293
interleaved,5,564,16.8216
interleaved,5,565,17.0063
interleaved,5,566,16.8906
interleaved,5,567,16.9573
interleaved,5,568,16.8784
interleaved,5,569,16.9355
interleaved,5,570,16.8008
interleaved,5,571,17.1494
interleaved,5,572,16.7172
interleaved,5,573,16.9767
interleaved,5,574,16.6972
interleaved,5,575,16.8253
interleaved,5,576,16.657
interleaved,5,577,17.1442
interleaved,5,578,17.0589
interleaved,5,579,16.8133
interleaved,5,580,16.7306
interleaved,5,581,16.5252
interleaved,5,582,16.8441
interleaved,5,583,16.9965
interleaved,5,584,17.0316
interleaved,5,585,17.1825
interleaved,5,586,16.9793
interleaved,5,587,16.9644
interleaved,5,588,16.8504
interleaved,5,589,16.7449
interleaved,5,590,16.6171
interleaved,5,591,16.9348
interleaved,5,592,17.0598
interleaved,5,593,17.1449
interleaved,5,594,17.0501
interleaved,5,595,17.0568
interleaved,5,596,17.1712
interleaved,5,597,16.9606
interleaved,5,598,16.3781
interleaved,5,599,16.4506
deferscale,5,0,60.271
deferscale,5,1,11.6197
deferscale,5,2,11.659
deferscale,5,3,12.7423
deferscale,5,4,11.0273
deferscale,5,5,11.8088
deferscale,5,6,12.1171
deferscale,5,7,11.7176
deferscale,5,8,11.9493
deferscale,5,9,12.2815
deferscale,5,10,11.6652
deferscale,5,11,11.5755
deferscale,5,12,11.2849
deferscale,5,13,11.5867
deferscale,5,14,11.659
deferscale,5,15,11.7719
deferscale,5,16,11.4232
deferscale,5,17,11.422
deferscale,5,18,11.8104
deferscale,5,19,11.4716
deferscale,5,20,11.3806
deferscale,5,21,11.1698
deferscale,5,22,11.5388
deferscale,5,23,11.4846
deferscale,5,24,11.5603
deferscale,5,25,11.6063
deferscale,5,26,11.6855
deferscale,5,27,11.3106
deferscale,5,28,11.9068
deferscale,5,29,12.8968
deferscale,5,30,11.7377
deferscale,5,31,11.9438
deferscale,5,32,11.5776
deferscale,5,33,11.9859
deferscale,5,34,11.6918
deferscale,5,35,11.491
deferscale,5,36,11.6408
deferscale,5,37,11.4481
deferscale,5,38,12.0016
deferscale,5,39,12.4596
deferscale,5,40,12.6079
deferscale,5,41,11.2574
deferscale,5,42,11.4148
deferscale,5,43,11.4902
deferscale,5,44,11.3296
deferscale,5,45,11.4706
deferscale,5,46,11.4254
deferscale,5,47,11.614
deferscale,5,48,11.2814
deferscale,5,49,11.5158
deferscale,5,50,11.2915
deferscale,5,51,11.709
deferscale,5,52,11.4115
deferscale,5,53,11.5598
deferscale,5,54,11.784
deferscale,5,55,11.4711
deferscale,5,56,11.5563
deferscale,5,57,11.8049
deferscale,5,58,11.7438
deferscale,5,59,11.6506
deferscale,5,60,11.672
deferscale,5,61,12.1597
deferscale,5,62,12.1068
deferscale,5,63,12.0922
deferscale,5,64,11.8392
deferscale,5,65,11.1717
deferscale,5,66,12.2777
deferscale,5,67,12.136
deferscale,5,68,12.374
deferscale,5,69,12.521
deferscale,5,70,12.245
deferscale,5,71,11.8619
deferscale,5,72,12.0905
deferscale,5,73,12.2419
deferscale,5,74,12.1532
deferscale,5,75,12.5887
deferscale,5,76,12.4881
deferscale,5,77,11.9962
deferscale,5,78,12.296
deferscale,5,79,12.289
deferscale,5,80,12.3285
deferscale,5,81,12.3187
deferscale,5,82,12.1465
deferscale,5,83,12.315
deferscale,5,84,12.193
deferscale,5,85,12.1705
deferscale,5,86,12.0299
deferscale,5,87,12.1408
deferscale,5,88,11.9967
deferscale,5,89,11.9322
deferscale,5,90,11.9526
deferscale,5,91,12.0281
deferscale,5,92,11.8047
deferscale,5,93,12.1299
deferscale,5,94,12.0303
deferscale,5,95,11.9218
deferscale,5,96,12.5963
deferscale,5,97,12.4881
deferscale,5,98,12.4113
deferscale,5,99,11.936
deferscale,5,100,12.0576
deferscale,5,101,12.0179
deferscale,5,102,12.2012
deferscale,5,103,12.1861
deferscale,5,104,12.2554
deferscale,5,105,12.285
deferscale,5,106,12.1468
deferscale,5,107,12.1958
deferscale,5,108,12.0621
deferscale,5,109,12.0788
deferscale,5,110,12.7105
deferscale,5,111,12.3189
deferscale,5,112,12.3207
deferscale,5,113,12.1491
deferscale,5,114,12.1819
deferscale,5,115,11.8725
deferscale,5,116,12.2611
deferscale,5,117,12.2484
deferscale,5,118,12.1846
deferscale,5,119,12.5026
deferscale,5,120,12.1328
deferscale,5,121,12.3768
deferscale,5,122,12.6647
deferscale,5,123,12.228
deferscale,5,124,12.1887
deferscale,5,125,12.4113
deferscale,5,126,12.3331
deferscale,5,127,12.3242
deferscale,5,128,12.3235
deferscale,5,129,12.4093
deferscale,5,130,12.219
deferscale,5,131,12.6727
deferscale,5,132,12.5029
deferscale,5,133,12.7027
deferscale,5,134,13.0766
deferscale,5,135,12.8683
deferscale,5,136,12.9619
deferscale,5,137,12.5772
deferscale,5,138,13.4362
deferscale,5,139,12.9712
deferscale,5,140,12.8912
deferscale,5,141,12.8828
deferscale,5,142,12.822
deferscale,5,143,12.6822
deferscale,5,144,12.6149
deferscale,5,145,12.6094
deferscale,5,146,12.417
deferscale,5,147,12.6432
deferscale,5,148,12.7477
deferscale,5,149,12.7153
deferscale,5,150,12.444
deferscale,5,151,12.8124
deferscale,5,152,12.8696
deferscale,5,153,12.6619
deferscale,5,154,13.0957
deferscale,5,155,12.4687
deferscale,5,156,12.8047
deferscale,5,157,12.9695
deferscale,5,158,12.6919
deferscale,5,159,12.6398
deferscale,5,160,12.9667
deferscale,5,161,12.91
deferscale,5,162,12.8796
deferscale,5,163,12.8343
deferscale,5,164,12.84
deferscale,5,165,13.0103
deferscale,5,166,12.833
deferscale,5,167,12.5742
deferscale,5,168,13.0872
deferscale,5,169,12.5943
deferscale,5,170,12.8543
deferscale,5,171,13.0138
deferscale,5,172,13.2589
deferscale,5,173,13.3692
deferscale,5,174,12.9273
deferscale,5,175,12.8107
deferscale,5,176,12.7714
deferscale,5,177,12.8415
deferscale,5,178,13.3717
deferscale,5,179,13.5038
deferscale,5,180,13.7423
deferscale,5,181,13.5465
deferscale,5,182,13.8576
deferscale,5,183,13.3603
deferscale,5,184,13.7906
deferscale,5,185,13.6528
deferscale,5,186,13.6208
deferscale,5,187,13.6294
deferscale,5,188,13.5505
deferscale,5,189,13.886
deferscale,5,190,13.6379
deferscale,5,191,13.6996
deferscale,5,192,14.0605
deferscale,5,193,13.4301
deferscale,5,194,13.7242
deferscale,5,195,13.6351
deferscale,5,196,13.6333
deferscale,5,197,13.7625
deferscale,5,198,13.5275
deferscale,5,199,13.3573
deferscale,5,200,13.9526
deferscale,5,201,13.5513
deferscale,5,202,13.7552
deferscale,5,203,13.7037
deferscale,5,204,13.9915
deferscale,5,205,13.8901
deferscale,5,206,13.7958
deferscale,5,207,13.7712
deferscale,5,208,13.77
deferscale,5,209,13.9157
deferscale,5,210,13.8935
deferscale,5,211,13.6973
deferscale,5,212,13.9344
deferscale,5,213,13.7709
deferscale,5,214,13.8555
deferscale,5,215,13.5828
deferscale,5,216,13.9921
deferscale,5,217,13.9845
deferscale,5,218,13.756
deferscale,5,219,13.9958
deferscale,5,220,13.4704
deferscale,5,221,13.8127
deferscale,5,222,13.9638
deferscale,5,223,13.547
deferscale,5,224,13.9187
deferscale,5,225,13.8002
deferscale,5,226,14.0729
deferscale,5,227,14.0224
deferscale,5,228,13.9363
deferscale,5,229,14.2468
deferscale,5,230,13.7851
deferscale,5,231,13.9081
deferscale,5,232,13.9692
deferscale,5,233,13.9958
deferscale,5,234,14.2922
deferscale,5,235,14.0058
deferscale,5,236,14.0326
deferscale,5,237,14.0264
deferscale,5,238,13.8722
deferscale,5,239,14.1481
deferscale,5,240,14.1827
deferscale,5,241,14.0803
deferscale,5,242,14.2226
deferscale,5,243,14.1215
deferscale,5,244,14.0931
deferscale,5,245,14.3119
deferscale,5,246,14.0846
deferscale,5,247,14.1495
deferscale,5,248,14.014
deferscale,5,249,14.2259
deferscale,5,250,14.1144
deferscale,5,251,14.003
deferscale,5,252,14.2849
deferscale,5,253,14.3655
deferscale,5,254,14.4594
deferscale,5,255,14.3684
deferscale,5,256,14.3054
deferscale,5,257,14.1978
deferscale,5,258,14.4425
deferscale,5,259,13.9825
deferscale,5,260,14.0128
deferscale,5,261,14.1097
deferscale,5,262,14.7232
deferscale,5,263,14.5068
deferscale,5,264,14.4168
deferscale,5,265,14.5695
deferscale,5,266,14.4823
deferscale,5,267,14.4932
deferscale,5,268,14.4408
deferscale,5,269,14.509
deferscale,5,270,14.0578
deferscale,5,271,14.1966
deferscale,5,272,14.0808
deferscale,5,273,14.764
deferscale,5,274,13.9694
deferscale,5,275,14.6568
deferscale,5,276,14.4537
deferscale,5,277,14.1592
deferscale,5,278,14.3414
deferscale,5,279,14.3017
deferscale,5,280,14.5114
deferscale,5,281,14.7825
deferscale,5,282,14.7256
deferscale,5,283,14.7007
deferscale,5,284,15.267
deferscale,5,285,14.9994
deferscale,5,286,14.5087
deferscale,5,287,14.0545
deferscale,5,288,15.219
deferscale,5,289,14.9553
deferscale,5,290,15.6615
deferscale,5,291,15.1631
deferscale,5,292,15.3528
deferscale,5,293,15.39
deferscale,5,294,14.6348
deferscale,5,295,14.6967
deferscale,5,296,14.6095
deferscale,5,297,15.7632
deferscale,5,298,14.9364
deferscale,5,299,14.5696
deferscale,5,300,14.7702
deferscale,5,301,14.4006
deferscale,5,302,14.2523
deferscale,5,303,14.2609
deferscale,5,304,14.6632
deferscale,5,305,14.3391
deferscale,5,306,14.7819
deferscale,5,307,14.6502
deferscale,5,308,14.9898
deferscale,5,309,14.9152
deferscale,5,310,14.6072
deferscale,5,311,14.5265
deferscale,5,312,15.102
deferscale,5,313,15.1796
deferscale,5,314,14.6819
deferscale,5,315,15.0623
deferscale,5,316,14.416
deferscale,5,317,14.8339
deferscale,5,318,15.1666
deferscale,5,319,14.97
deferscale,5,320,14.586
deferscale,5,321,14.2776
deferscale,5,322,14.8093
deferscale,5,323,15.0845
deferscale,5,324,14.6534
deferscale,5,325,15.2446
deferscale,5,326,14.8051
deferscale,5,327,15.1303
deferscale,5,328,14.8564
deferscale,5,329,14.9269
deferscale,5,330,15.0542
deferscale,5,331,14.6928
deferscale,5,332,15.4415
deferscale,5,333,15.1269
deferscale,5,334,15.0044
deferscale,5,335,14.872
deferscale,5,336,14.9095
deferscale,5,337,14.7884
deferscale,5,338,15.1579
deferscale,5,339,14.9788
deferscale,5,340,15.3657
deferscale,5,341,15.0612
deferscale,5,342,15.063
deferscale,5,343,15.2907
deferscale,5,344,15.0171
deferscale,5,345,14.9615
deferscale,5,346,14.6892
deferscale,5,347,15.2132
deferscale,5,348,15.1289
deferscale,5,349,14.8635
deferscale,5,350,15.184
deferscale,5,351,15.1789
deferscale,5,352,14.9908
deferscale,5,353,15.2735
deferscale,5,354,15.0099
deferscale,5,355,15.146
deferscale,5,356,15.5328
deferscale,5,357,15.724
deferscale,5,358,15.2616
deferscale,5,359,15.527
deferscale,5,360,15.4099
deferscale,5,361,14.9212
deferscale,5,362,14.2839
deferscale,5,363,14.5918
deferscale,5,364,14.7467
deferscale,5,365,14.795
deferscale,5,366,14.6835
deferscale,5,367,14.7825
deferscale,5,368,15.1847
deferscale,5,369,14.9894
deferscale,5,370,15.3387
deferscale,5,371,15.853
deferscale,5,372,15.2847
deferscale,5,373,15.1769
deferscale,5,374,15.1788
deferscale,5,375,15.5373
deferscale,5,376,15.1767
deferscale,5,377,14.7553
deferscale,5,378,15.5781
deferscale,5,379,15.4247
deferscale,5,380,15.2591
deferscale,5,381,15.4163
deferscale,5,382,15.2329
deferscale,5,383,15.4615
deferscale,5,384,15.881
deferscale,5,385,15.7416
deferscale,5,386,15.6083
deferscale,5,387,15.5372
deferscale,5,388,15.6167
deferscale,5,389,15.0666
deferscale,5,390,15.2488
deferscale,5,391,14.8937
deferscale,5,392,15.0788
deferscale,5,393,15.2476
deferscale,5,394,15.3226
deferscale,5,395,15.6682
deferscale,5,396,15.6642
deferscale,5,397,15.6267
deferscale,5,398,15.558
deferscale,5,399,15.9815
deferscale,5,400,15.5661
deferscale,5,401,15.6188
deferscale,5,402,15.93
deferscale,5,403,15.587
deferscale,5,404,15.7083
deferscale,5,405,15.8862
deferscale,5,406,15.6445
deferscale,5,407,15.6512
deferscale,5,408,16.1432
deferscale,5,409,15.7198
deferscale,5,410,15.8655
deferscale,5,411,15.668
deferscale,5,412,15.8035
deferscale,5,413,15.6425
deferscale,5,414,16.2318
deferscale,5,415,15.7149
deferscale,5,416,15.625
deferscale,5,417,15.8763
deferscale,5,418,16.2111
deferscale,5,419,16.1432
deferscale,5,420,15.4742
deferscale,5,421,15.8495
deferscale,5,422,15.7322
deferscale,5,423,15.7249
deferscale,5,424,15.6218
deferscale,5,425,15.3353
deferscale,5,426,16.2455
deferscale,5,427,15.6253
deferscale,5,428,15.1472
deferscale,5,429,15.9938
deferscale,5,430,16.1984
deferscale,5,431,15.886
deferscale,5,432,16.4561
deferscale,5,433,16.5837
deferscale,5,434,15.9328
deferscale,5,435,15.7445
deferscale,5,436,16.157
deferscale,5,437,15.4912
deferscale,5,438,15.6252
deferscale,5,439,15.7826
deferscale,5,440,16.44
deferscale,5,441,16.4408
deferscale,5,442,17.1741
deferscale,5,443,17.1749
deferscale,5,444,16.9393
deferscale,5,445,16.0296
deferscale,5,446,16.0517
deferscale,5,447,16.7855
deferscale,5,448,16.2397
deferscale,5,449,16.3228
deferscale,5,450,16.1694
deferscale,5,451,16.3772
deferscale,5,452,16.1922
deferscale,5,453,16.0454
deferscale,5,454,16.158
deferscale,5,455,16.0771
deferscale,5,456,16.4383
deferscale,5,457,16.183
deferscale,5,458,16.0936
deferscale,5,459,16.4848
deferscale,5,460,16.6341
deferscale,5,461,16.3415
deferscale,5,462,16.2656
deferscale,5,463,16.1998
deferscale,5,464,16.2627
deferscale,5,465,16.141
deferscale,5,466,16.322
deferscale,5,467,16.4304
deferscale,5,468,16.2843
deferscale,5,469,16.3455
deferscale,5,470,15.9772
deferscale,5,471,16.2863
deferscale,5,472,16.9195
deferscale,5,473,17.0437
deferscale,5,474,16.3101
deferscale,5,475,16.8575
deferscale,5,476,17.0743
deferscale,5,477,16.8315
deferscale,5,478,16.681
deferscale,5,479,17.1435
deferscale,5,480,16.6701
deferscale,5,481,16.8075
deferscale,5,482,17.0522
deferscale,5,483,16.6617
deferscale,5,484,17.0225
deferscale,5,485,17.0452
deferscale,5,486,17.264
deferscale,5,487,16.3927
deferscale,5,488,16.6903
deferscale,5,489,16.7411
deferscale,5,490,17.0329
deferscale,5,491,18.3615
deferscale,5,492,22.657
deferscale,5,493,33.3986
deferscale,5,494,16.9895
deferscale,5,495,16.6092
deferscale,5,496,16.7852
deferscale,5,497,17.3997
deferscale,5,498,17.1077
deferscale,5,499,17.182
deferscale,5,500,17.5035
deferscale,5,501,17.457
deferscale,5,502,17.1734
deferscale,5,503,17.1328
deferscale,5,504,17.0699
deferscale,5,505,17.2772
deferscale,5,506,17.1764
deferscale,5,507,17.5644
deferscale,5,508,17.6476
deferscale,5,509,17.3969
deferscale,5,510,16.8278
deferscale,5,511,16.484
deferscale,5,512,16.982
deferscale,5,513,16.9677
deferscale,5,514,16.9603
deferscale,5,515,16.9824
deferscale,5,516,17.1153
deferscale,5,517,16.9008
deferscale,5,518,17.3678
deferscale,5,519,17.1163
deferscale,5,520,16.9869
deferscale,5,521,17.467
deferscale,5,522,17.1472
deferscale,5,523,17.0248
deferscale,5,524,16.7422
deferscale,5,525,17.1038
deferscale,5,526,17.3002
deferscale,5,527,16.7128
deferscale,5,528,17.0738
deferscale,5,529,16.5929
deferscale,5,530,17.0678
deferscale,5,531,16.7997
deferscale,5,532,17.2694
deferscale,5,533,16.7786
deferscale,5,534,16.9082
deferscale,5,535,17.1251
deferscale,5,536,16.9149
deferscale,5,537,17.1443
deferscale,5,538,17.1354
deferscale,5,539,16.8999
deferscale,5,540,17.2815
deferscale,5,541,16.9163
deferscale,5,542,16.9979
deferscale,5,543,17.1871
deferscale,5,544,17.0537
deferscale,5,545,17.4622
deferscale,5,546,16.83
deferscale,5,547,17.1082
deferscale,5,548,17.2274
deferscale,5,549,16.8949
deferscale,5,550,16.9697
deferscale,5,551,16.7458
deferscale,5,552,16.9578
deferscale,5,553,17.0407
deferscale,5,554,16.8764
deferscale,5,555,16.9107
deferscale,5,556,16.9606
deferscale,5,557,17.1687
deferscale,5,558,16.5613
deferscale,5,559,17.2497
deferscale,5,560,17.1253
deferscale,5,561,16.8809
deferscale,5,562,16.9821
deferscale,5,563,17.2411
deferscale,5,564,16.7817
deferscale,5,565,16.8367
deferscale,5,566,16.9762
deferscale,5,567,17.0248
deferscale,5,568,17.0069
deferscale,5,569,16.7721
deferscale,5,570,16.9511
deferscale,5,571,16.9808
deferscale,5,572,17.1244
deferscale,5,573,16.8545
deferscale,5,574,16.7358
deferscale,5,575,16.9984
deferscale,5,576,17.0812
deferscale,5,577,17.0116
deferscale,5,578,16.9375
deferscale,5,579,17.2042
deferscale,5,580,17.3414
deferscale,5,581,17.2915
deferscale,5,582,16.8177
deferscale,5,583,16.8347
deferscale,5,584,16.626
deferscale,5,585,17.0206
deferscale,5,586,16.7223
deferscale,5,587,17.2688
deferscale,5,588,17.3158
deferscale,5,589,17.126
deferscale,5,590,17.201
deferscale,5,591,17.1795
deferscale,5,592,17.5106
deferscale,5,593,16.7764
deferscale,5,594,16.7731
deferscale,5,595,16.8739
deferscale,5,596,17.132
deferscale,5,597,16.6509
deferscale,5,598,17.0902
deferscale,5,599,16.8875
deferscale,6,0,59.778
deferscale,6,1,11.2643
deferscale,6,2,11.4426
deferscale,6,3,11.2872
deferscale,6,4,11.398
deferscale,6,5,11.4948
deferscale,6,6,11.3821
deferscale,6,7,11.7657
deferscale,6,8,11.5599
deferscale,6,9,11.4609
deferscale,6,10,11.3403
deferscale,6,11,12.0011
deferscale,6,12,11.6524
deferscale,6,13,11.4675
deferscale,6,14,11.6337
deferscale,6,15,11.3565
deferscale,6,16,11.451
deferscale,6,17,11.2422
deferscale,6,18,11.7611
deferscale,6,19,11.5757
deferscale,6,20,11.4331
deferscale,6,21,11.5295
deferscale,6,22,11.7279
deferscale,6,23,11.3819
deferscale,6,24,11.4738
deferscale,6,25,11.6278
deferscale,6,26,12.0269
deferscale,6,27,11.9881
deferscale,6,28,11.8406
deferscale,6,29,11.8797
deferscale,6,30,11.8299
deferscale,6,31,11.6713
deferscale,6,32,11.6346
deferscale,6,33,11.8432
deferscale,6,34,11.829
deferscale,6,35,12.0666
deferscale,6,36,11.8361
deferscale,6,37,11.6083
deferscale,6,38,11.8909
deferscale,6,39,12.0056
deferscale,6,40,11.6467
deferscale,6,41,12.0295
deferscale,6,42,11.6864
deferscale,6,43,11.7195
deferscale,6,44,11.8451
deferscale,6,45,12.134
deferscale,6,46,11.9468
deferscale,6,47,11.6898
deferscale,6,48,12.2783
deferscale,6,49,12.5499
deferscale,6,50,12.2447
deferscale,6,51,11.5342
deferscale,6,52,12.1218
deferscale,6,53,12.0958
deferscale,6,54,11.7779
deferscale,6,55,11.848
deferscale,6,56,11.9348
deferscale,6,57,11.9363
deferscale,6,58,12.2543
deferscale,6,59,11.7455
deferscale,6,60,12.0585
deferscale,6,61,12.0179
deferscale,6,62,12.4231
deferscale,6,63,11.9483
deferscale,6,64,11.8093
deferscale,6,65,11.8132
deferscale,6,66,11.8929
deferscale,6,67,12.1003
deferscale,6,68,11.5712
deferscale,6,69,12.0223
deferscale,6,70,12.3407
deferscale,6,71,11.9205
deferscale,6,72,12.0149
deferscale,6,73,12.2783
deferscale,6,74,11.8676
deferscale,6,75,12.1182
deferscale,6,76,12.3308
deferscale,6,77,12.0009
deferscale,6,78,11.8165
deferscale,6,79,11.9344
deferscale,6,80,12.0487
deferscale,6,81,12.4564
deferscale,6,82,12.1698
deferscale,6,83,12.4675
deferscale,6,84,12.2666
deferscale,6,85,12.12
deferscale,6,86,11.9423
deferscale,6,87,12.411
deferscale,6,88,12.0778
deferscale,6,89,12.397
deferscale,6,90,12.7469
deferscale,6,91,12.3226
deferscale,6,92,12.8169
deferscale,6,93,12.2791
deferscale,6,94,12.9367
deferscale,6,95,12.2964
deferscale,6,96,12.8178
deferscale,6,97,12.0921
deferscale,6,98,12.4123
deferscale,6,99,12.5606
deferscale,6,100,12.7937
deferscale,6,101,12.4408
deferscale,6,102,12.5013
deferscale,6,103,12.6773
deferscale,6,104,12.821
deferscale,6,105,12.6515
deferscale,6,106,12.3385
deferscale,6,107,12.0769
deferscale,6,108,12.177
deferscale,6,109,12.4852
deferscale,6,110,12.6401
deferscale,6,111,12.4664
deferscale,6,112,12.8547
deferscale,6,113,12.7177
deferscale,6,114,12.8434
deferscale,6,115,12.7661
deferscale,6,116,12.4945
deferscale,6,117,12.3121
deferscale,6,118,12.1777
deferscale,6,119,12.4283
deferscale,6,120,12.2949
deferscale,6,121,13.276
deferscale,6,122,12.7686
deferscale,6,123,12.6519
deferscale,6,124,12.9035
deferscale,6,125,13.0651
deferscale,6,126,12.9908
deferscale,6,127,12.5422
deferscale,6,128,12.9336
deferscale,6,129,12.6905
deferscale,6,130,12.6904
deferscale,6,131,12.8562
deferscale,6,132,12.5257
deferscale,6,133,13.3744
deferscale,6,134,13.7867
deferscale,6,135,12.9782
deferscale,6,136,12.827
deferscale,6,137,12.659
deferscale,6,138,12.9443
deferscale,6,139,12.808
deferscale,6,140,12.8858
deferscale,6,141,12.8627
deferscale,6,142,13.1519
deferscale,6,143,12.9354
deferscale,6,144,13.5407
deferscale,6,145,12.3968
deferscale,6,146,12.4828
deferscale,6,147,12.6791
deferscale,6,148,12.7847
deferscale,6,149,12.7078
deferscale,6,150,12.9917
deferscale,6,151,12.947
deferscale,6,152,13.3918
deferscale,6,153,12.7985
deferscale,6,154,12.8454
deferscale,6,155,13.1722
deferscale,6,156,13.059
deferscale,6,157,13.3096
deferscale,6,158,13.3229
deferscale,6,159,12.8757
deferscale,6,160,13.4046
deferscale,6,161,13.0031
deferscale,6,162,13.1337
deferscale,6,163,12.9921
deferscale,6,164,13.1004
deferscale,6,165,13.2487
deferscale,6,166,13.3855
deferscale,6,167,13.0135
deferscale,6,168,13.0433
deferscale,6,169,13.4667
deferscale,6,170,13.5613
deferscale,6,171,13.2984
deferscale,6,172,13.209
deferscale,6,173,13.2049
deferscale,6,174,13.274
deferscale,6,175,13.485
deferscale,6,176,13.5869
deferscale,6,177,13.4585
deferscale,6,178,13.7861
deferscale,6,179,13.1955
deferscale,6,180,12.9114
deferscale,6,181,13.209
deferscale,6,182,13.264
deferscale,6,183,13.4226
deferscale,6,184,13.5982
deferscale,6,185,13.3881
deferscale,6,186,13.4408
deferscale,6,187,13.4012
deferscale,6,188,13.2055
deferscale,6,189,13.7476
deferscale,6,190,13.4168
deferscale,6,191,13.4084
deferscale,6,192,13.2764
deferscale,6,193,13.5251
deferscale,6,194,13.6393
deferscale,6,195,13.0854
deferscale,6,196,13.6013
deferscale,6,197,13.8254
deferscale,6,198,13.7139
deferscale,6,199,13.149
deferscale,6,200,13.8859
deferscale,6,201,13.4144
deferscale,6,202,13.6861
deferscale,6,203,13.8912
deferscale,6,204,13.6355
deferscale,6,205,13.7606
deferscale,6,206,13.6746
deferscale,6,207,13.4483
deferscale,6,208,13.5452
deferscale,6,209,13.7407
deferscale,6,210,14.2311
deferscale,6,211,13.7637
deferscale,6,212,13.8325
deferscale,6,213,13.6815
deferscale,6,214,13.5496
deferscale,6,215,13.8572
deferscale,6,216,13.7804
deferscale,6,217,13.7413
deferscale,6,218,13.9879
deferscale,6,219,13.7812
deferscale,6,220,13.8541
deferscale,6,221,14.2825
deferscale,6,222,13.623
deferscale,6,223,13.8937
deferscale,6,224,13.8352
deferscale,6,225,14.081
deferscale,6,226,13.905
deferscale,6,227,13.6489
deferscale,6,228,14.2208
deferscale,6,229,13.9647
deferscale,6,230,13.7842
deferscale,6,231,13.8133
deferscale,6,232,13.8023
deferscale,6,233,13.8383
deferscale,6,234,13.8722
deferscale,6,235,13.9867
deferscale,6,236,14.0615
deferscale,6,237,13.8664
deferscale,6,238,13.7563
deferscale,6,239,14.0143
deferscale,6,240,14.0255
deferscale,6,241,14.4473
deferscale,6,242,14.0688
deferscale,6,243,14.2583
deferscale,6,244,13.9169
deferscale,6,245,14.3801
deferscale,6,246,14.5406
deferscale,6,247,13.9628
deferscale,6,248,13.9105
deferscale,6,249,13.8889
deferscale,6,250,13.9147
deferscale,6,251,13.7226
deferscale,6,252,13.9209
deferscale,6,253,13.661
deferscale,6,254,13.5813
deferscale,6,255,13.6019
deferscale,6,256,13.698
deferscale,6,257,13.6556
deferscale,6,258,13.84
deferscale,6,259,14.1396
deferscale,6,260,13.9589
deferscale,6,261,13.773
deferscale,6,262,13.7875
deferscale,6,263,13.688
deferscale,6,264,13.9575
deferscale,6,265,13.678
deferscale,6,266,14.0192
deferscale,6,267,13.8979
deferscale,6,268,14.0366
deferscale,6,269,14.2384
deferscale,6,270,14.041
deferscale,6,271,14.2093
deferscale,6,272,13.7191
deferscale,6,273,13.736
deferscale,6,274,13.808
deferscale,6,275,13.7368
deferscale,6,276,14.0775
deferscale,6,277,13.8646
deferscale,6,278,13.9023
deferscale,6,279,13.7118
deferscale,6,280,14.0718
deferscale,6,281,13.9665
deferscale,6,282,13.934
deferscale,6,283,14.2935
deferscale,6,284,13.8432
deferscale,6,285,13.9062
deferscale,6,286,13.8748
deferscale,6,287,14.0852
deferscale,6,288,14.1032
deferscale,6,289,14.0079
deferscale,6,290,14.2527
deferscale,6,291,13.9448
deferscale,6,292,13.9799
deferscale,6,293,13.9415
deferscale,6,294,14.1971
deferscale,6,295,14.1066
deferscale,6,296,14.211
deferscale,6,297,14.3125
deferscale,6,298,14.2778
deferscale,6,299,14.0317
deferscale,6,300,14.1367
deferscale,6,301,14.0424
deferscale,6,302,14.0657
deferscale,6,303,14.1046
deferscale,6,304,14.472
deferscale,6,305,14.0154
deferscale,6,306,14.8791
deferscale,6,307,14.4903
deferscale,6,308,14.3128
deferscale,6,309,14.5768
deferscale,6,310,14.415
deferscale,6,311,14.1232
deferscale,6,312,14.1131
deferscale,6,313,14.4182
deferscale,6,314,14.5123
deferscale,6,315,14.3758
deferscale,6,316,14.4462
deferscale,6,317,14.3184
deferscale,6,318,14.1318
deferscale,6,319,14.7148
deferscale,6,320,14.575
deferscale,6,321,14.4009
deferscale,6,322,14.5677
deferscale,6,323,14.7307
deferscale,6,324,14.5756
deferscale,6,325,14.5276
deferscale,6,326,14.4052
deferscale,6,327,14.455
deferscale,6,328,14.5502
deferscale,6,329,15.1674
deferscale,6,330,14.8799
deferscale,6,331,14.9426
deferscale,6,332,15.4427
deferscale,6,333,15.1387
deferscale,6,334,14.5358
deferscale,6,335,15.0215
deferscale,6,336,14.757
deferscale,6,337,14.4856
deferscale,6,338,14.3336
deferscale,6,339,14.6642
deferscale,6,340,14.3183
deferscale,6,341,14.3718
deferscale,6,342,14.7551
deferscale,6,343,14.476
deferscale,6,344,14.792
deferscale,6,345,14.7079
deferscale,6,346,14.6603
deferscale,6,347,14.7565
deferscale,6,348,14.75
deferscale,6,349,14.4218
deferscale,6,350,14.6997
deferscale,6,351,14.8898
deferscale,6,352,14.6625
deferscale,6,353,14.8801
deferscale,6,354,15.0053
deferscale,6,355,14.7212
deferscale,6,356,14.7675
deferscale,6,357,15.4285
deferscale,6,358,14.8617
deferscale,6,359,14.6378
deferscale,6,360,14.4762
deferscale,6,361,14.6342
deferscale,6,362,14.9996
deferscale,6,363,14.729
deferscale,6,364,15.0207
deferscale,6,365,15.2859
deferscale,6,366,15.0817
deferscale,6,367,15.5652
deferscale,6,368,15.3155
deferscale,6,369,15.3911
deferscale,6,370,15.202
deferscale,6,371,15.3845
deferscale,6,372,15.5484
deferscale,6,373,15.075
deferscale,6,374,15.3186
deferscale,6,375,15.387
deferscale,6,376,15.4138
deferscale,6,377,15.3405
deferscale,6,378,15.4955
deferscale,6,379,15.4831
deferscale,6,380,15.3758
deferscale,6,381,15.1412
deferscale,6,382,15.1357
deferscale,6,383,15.7622
deferscale,6,384,15.6179
deferscale,6,385,15.7051
deferscale,6,386,15.5981
deferscale,6,387,15.3664
deferscale,6,388,15.9126
deferscale,6,389,15.5962
deferscale,6,390,16.1918
deferscale,6,391,15.9949
deferscale,6,392,15.3511
deferscale,6,393,15.313
deferscale,6,394,15.4916
deferscale,6,395,15.7467
deferscale,6,396,15.5681
deferscale,6,397,15.5258
deferscale,6,398,15.4122
deferscale,6,399,15.497
deferscale,6,400,15.1635
deferscale,6,401,14.9945
deferscale,6,402,15.7553
deferscale,6,403,15.8404
deferscale,6,404,15.5337
deferscale,6,405,15.496
deferscale,6,406,15.7952
deferscale,6,407,16.0729
deferscale,6,408,16.0631
deferscale,6,409,16.1411
deferscale,6,410,16.1285
deferscale,6,411,15.6405
deferscale,6,412,15.6889
deferscale,6,413,16.3732
deferscale,6,414,15.7173
deferscale,6,415,16.1572
deferscale,6,416,15.7701
deferscale,6,417,15.4908
deferscale,6,418,15.8361
deferscale,6,419,15.8983
deferscale,6,420,16.0119
deferscale,6,421,15.6003
deferscale,6,422,15.7065
deferscale,6,423,16.4545
deferscale,6,424,15.8703
deferscale,6,425,15.7084
deferscale,6,426,15.7615
deferscale,6,427,15.9461
deferscale,6,428,15.7867
deferscale,6,429,16.163
deferscale,6,430,16.3755
deferscale,6,431,15.6423
deferscale,6,432,16.2082
deferscale,6,433,16.1943
deferscale,6,434,16.3724
deferscale,6,435,16.2506
deferscale,6,436,16.359
deferscale,6,437,15.9883
deferscale,6,438,15.8858
deferscale,6,439,16.1013
deferscale,6,440,16.3134
deferscale,6,441,15.8376
deferscale,6,442,16.0185
deferscale,6,443,16.1364
deferscale,6,444,16.1302
deferscale,6,445,16.4567
deferscale,6,446,16.2726
deferscale,6,447,16.1231
deferscale,6,448,16.0787
deferscale,6,449,16.4005
deferscale,6,450,16.3219
deferscale,6,451,16.2558
deferscale,6,452,16.3917
deferscale,6,453,15.9686
deferscale,6,454,16.5471
deferscale,6,455,16.3866
deferscale,6,456,16.2542
deferscale,6,457,16.4994
deferscale,6,458,16.6164
deferscale,6,459,16.1979
deferscale,6,460,16.3326
deferscale,6,461,16.2873
deferscale,6,462,16.4947
deferscale,6,463,16.6977
deferscale,6,464,16.1798
deferscale,6,465,16.665
deferscale,6,466,16.3394
deferscale,6,467,16.0007
deferscale,6,468,16.0414
deferscale,6,469,16.3478
deferscale,6,470,16.5926
deferscale,6,471,16.0683
deferscale,6,472,17.2064
deferscale,6,473,16.9928
deferscale,6,474,16.8306
deferscale,6,475,16.7105
deferscale,6,476,17.0585
deferscale,6,477,16.8071
deferscale,6,478,16.8136
deferscale,6,479,17.2267
deferscale,6,480,17.3441
deferscale,6,481,17.4023
deferscale,6,482,17.2095
deferscale,6,483,17.6409
deferscale,6,484,17.1245
deferscale,6,485,17.0608
deferscale,6,486,17.0637
deferscale,6,487,17.4833
deferscale,6,488,16.9151
deferscale,6,489,16.9815
deferscale,6,490,17.1148
deferscale,6,491,17.0231
deferscale,6,492,17.4134
deferscale,6,493,17.1092
deferscale,6,494,16.9649
deferscale,6,495,17.1267
deferscale,6,496,17.0819
deferscale,6,497,17.017
deferscale,6,498,17.2727
deferscale,6,499,16.8758
deferscale,6,500,17.0213
deferscale,6,501,17.3008
deferscale,6,502,17.0123
deferscale,6,503,16.9169
deferscale,6,504,16.9083
deferscale,6,505,16.5694
deferscale,6,506,16.5497
deferscale,6,507,16.4922
deferscale,6,508,16.9036
deferscale,6,509,17.02
deferscale,6,510,17.1224
deferscale,6,511,17.1777
deferscale,6,512,17.1784
deferscale,6,513,17.0811
deferscale,6,514,16.9487
deferscale,6,515,16.9174
deferscale,6,516,16.6828
deferscale,6,517,17.0743
deferscale,6,518,17.0421
deferscale,6,519,17.0418
deferscale,6,520,17.1608
deferscale,6,521,16.6063
deferscale,6,522,17.2063
deferscale,6,523,16.833
deferscale,6,524,17.0716
deferscale,6,525,17.2712
deferscale,6,526,17.066
deferscale,6,527,17.3294
deferscale,6,528,17.0545
deferscale,6,529,17.6836
deferscale,6,530,17.2131
deferscale,6,531,17.0082
deferscale,6,532,16.8924
deferscale,6,533,17.1337
deferscale,6,534,16.7156
deferscale,6,535,16.8948
deferscale,6,536,17.2148
deferscale,6,537,17.177
deferscale,6,538,16.9025
deferscale,6,539,17.5501
deferscale,6,540,17.4869
deferscale,6,541,16.938
deferscale,6,542,17.3297
deferscale,6,543,17.0465
deferscale,6,544,18.3208
deferscale,6,545,17.4999
deferscale,6,546,16.2949
deferscale,6,547,16.4322
deferscale,6,548,17.6943
deferscale,6,549,17.4537
deferscale,6,550,17.576
deferscale,6,551,17.2052
deferscale,6,552,17.1936
deferscale,6,553,17.3568
deferscale,6,554,17.2628
deferscale,6,555,17.0693
deferscale,6,556,17.7623
deferscale,6,557,17.5016
deferscale,6,558,16.8782
deferscale,6,559,16.6547
deferscale,6,560,17.1883
deferscale,6,561,17.17
deferscale,6,562,17.1622
deferscale,6,563,16.6156
deferscale,6,564,16.503
deferscale,6,565,16.3908
deferscale,6,566,18.0452
deferscale,6,567,17.5292
deferscale,6,568,15.9227
deferscale,6,569,15.9015
deferscale,6,570,16.0329
deferscale,6,571,17.1624
deferscale,6,572,15.9088
deferscale,6,573,16.1752
deferscale,6,574,16.2542
deferscale,6,575,16.039
deferscale,6,576,16.1132
deferscale,6,577,16.2251
deferscale,6,578,16.0987
deferscale,6,579,16.9885
deferscale,6,580,18.5873
deferscale,6,581,17.612
deferscale,6,582,16.6875
deferscale,6,583,16.9511
deferscale,6,584,17.3167
deferscale,6,585,15.8803
deferscale,6,586,17.1755
deferscale,6,587,17.4835
deferscale,6,588,17.3201
deferscale,6,589,17.1476
deferscale,6,590,17.1011
deferscale,6,591,17.0207
deferscale,6,592,16.7918
deferscale,6,593,17.058
deferscale,6,594,17.1728
deferscale,6,595,17.2325
deferscale,6,596,16.9244
deferscale,6,597,17.3227
deferscale,6,598,16.8364
deferscale,6,599,16.8453
interleaved,6,0,60.1263
interleaved,6,1,11.543
interleaved,6,2,11.3542
interleaved,6,3,11.3804
interleaved,6,4,11.1468
interleaved,6,5,11.1888
interleaved,6,6,11.4611
interleaved,6,7,11.1923
interleaved,6,8,11.6205
interleaved,6,9,11.3075
interleaved,6,10,11.4231
interleaved,6,11,11.7163
interleaved,6,12,11.6323
interleaved,6,13,11.5597
interleaved,6,14,11.5089
interleaved,6,15,11.576
interleaved,6,16,11.5972
interleaved,6,17,11.3675
interleaved,6,18,11.3532
interleaved,6,19,11.6686
interleaved,6,20,11.858
interleaved,6,21,11.5866
interleaved,6,22,11.3648
interleaved,6,23,11.5987
interleaved,6,24,11.645
interleaved,6,25,11.9125
interleaved,6,26,11.5489
interleaved,6,27,11.4174
interleaved,6,28,11.5712
interleaved,6,29,12.0962
interleaved,6,30,11.9892
interleaved,6,31,11.8633
interleaved,6,32,11.6655
interleaved,6,33,11.6331
interleaved,6,34,11.6367
interleaved,6,35,11.6615
interleaved,6,36,11.605
interleaved,6,37,11.3795
interleaved,6,38,11.9336
interleaved,6,39,11.7302
interleaved,6,40,12.0885
interleaved,6,41,11.7936
interleaved,6,42,11.9154
interleaved,6,43,11.7589
interleaved,6,44,12.0189
interleaved,6,45,11.756
interleaved,6,46,11.6913
interleaved,6,47,11.8732
interleaved,6,48,11.632
interleaved,6,49,12.2325
interleaved,6,50,11.9347
interleaved,6,51,12.2339
interleaved,6,52,11.9392
interleaved,6,53,11.5455
interleaved,6,54,11.7055
interleaved,6,55,11.4869
interleaved,6,56,11.4569
interleaved,6,57,11.3889
interleaved,6,58,11.3519
interleaved,6,59,11.4705
interleaved,6,60,11.7413
interleaved,6,61,11.46
interleaved,6,62,11.5101
interleaved,6,63,11.6225
interleaved,6,64,11.4064
interleaved,6,65,11.8038
interleaved,6,66,11.7571
interleaved,6,67,11.7826
interleaved,6,68,11.6218
interleaved,6,69,11.7292
interleaved,6,70,11.536
interleaved,6,71,11.9756
interleaved,6,72,11.3905
interleaved,6,73,12.2712
interleaved,6,74,12.2582
interleaved,6,75,12.592
interleaved,6,76,12.0824
interleaved,6,77,12.3498
interleaved,6,78,11.7952
interleaved,6,79,11.5808
interleaved,6,80,13.0928
interleaved,6,81,12.7394
interleaved,6,82,11.6361
interleaved,6,83,13.1721
interleaved,6,84,13.3438
interleaved,6,85,12.2489
interleaved,6,86,11.7817
interleaved,6,87,12.1441
interleaved,6,88,12.1751
interleaved,6,89,11.8647
interleaved,6,90,11.9087
interleaved,6,91,12.6494
interleaved,6,92,12.2907
interleaved,6,93,12.5745
interleaved,6,94,12.1894
interleaved,6,95,12.623
interleaved,6,96,12.2537
interleaved,6,97,12.5355
interleaved,6,98,12.4873
interleaved,6,99,11.9831
interleaved,6,100,12.0769
interleaved,6,101,11.9928
interleaved,6,102,12.393
interleaved,6,103,12.0027
interleaved,6,104,12.5163
interleaved,6,105,12.3934
interleaved,6,106,12.5656
interleaved,6,107,12.4604
interleaved,6,108,12.7946
interleaved,6,109,12.6185
interleaved,6,110,12.4864
interleaved,6,111,12.489
interleaved,6,112,12.4813
interleaved,6,113,12.5386
interleaved,6,114,12.7057
interleaved,6,115,12.5376
interleaved,6,116,12.4067
interleaved,6,117,12.5359
interleaved,6,118,12.7618
interleaved,6,119,12.6284
interleaved,6,120,12.5056
interleaved,6,121,12.7345
interleaved,6,122,12.7145
interleaved,6,123,12.7732
interleaved,6,124,12.5143
interleaved,6,125,12.6728
interleaved,6,126,13.0243
interleaved,6,127,12.7335
interleaved,6,128,12.5291
interleaved,6,129,12.4396
interleaved,6,130,12.7815
interleaved,6,131,12.8501
interleaved,6,132,12.6045
interleaved,6,133,12.6979
interleaved,6,134,13.2372
interleaved,6,135,12.9951
interleaved,6,136,12.676
interleaved,6,137,12.8649
interleaved,6,138,13.048
interleaved,6,139,12.9969
interleaved,6,140,12.7744
interleaved,6,141,12.635
interleaved,6,142,12.8238
interleaved,6,143,13.0012
interleaved,6,144,12.879
interleaved,6,145,12.8153
interleaved,6,146,12.8064
interleaved,6,147,13.1035
interleaved,6,148,13.1256
interleaved,6,149,12.9264
interleaved,6,150,13.1803
interleaved,6,151,13.0354
interleaved,6,152,13.2164
interleaved,6,153,12.8565
interleaved,6,154,12.8458
interleaved,6,155,13.2674
interleaved,6,156,12.9464
interleaved,6,157,13.1239
interleaved,6,158,13.3777
interleaved,6,159,13.0395
interleaved,6,160,13.0133
interleaved,6,161,13.2851
interleaved,6,162,13.1214
interleaved,6,163,13.0013
interleaved,6,164,13.0961
interleaved,6,165,13.3287
interleaved,6,166,13.4497
interleaved,6,167,12.8547
interleaved,6,168,13.4515
interleaved,6,169,13.3171
interleaved,6,170,13.1058
interleaved,6,171,13.2548
interleaved,6,172,13.198
interleaved,6,173,13.2152
interleaved,6,174,13.1781
interleaved,6,175,13.3071
interleaved,6,176,13.1045
interleaved,6,177,13.8256
interleaved,6,178,13.3217
interleaved,6,179,13.3981
interleaved,6,180,13.7
interleaved,6,181,13.5467
interleaved,6,182,13.371
interleaved,6,183,13.516
interleaved,6,184,13.6958
interleaved,6,185,13.3398
interleaved,6,186,13.1678
interleaved,6,187,13.4245
interleaved,6,188,13.4443
interleaved,6,189,13.4506
interleaved,6,190,13.5189
interleaved,6,191,13.4342
interleaved,6,192,13.4654
interleaved,6,193,13.6852
interleaved,6,194,13.5657
interleaved,6,195,13.3863
interleaved,6,196,13.5979
interleaved,6,197,13.5392
interleaved,6,198,13.3425
interleaved,6,199,13.4753
interleaved,6,200,13.6836
interleaved,6,201,13.7159
interleaved,6,202,13.541
interleaved,6,203,13.5916
interleaved,6,204,13.7711
interleaved,6,205,13.9761
interleaved,6,206,13.5994
interleaved,6,207,13.6765
interleaved,6,208,13.5052
interleaved,6,209,13.5931
interleaved,6,210,13.8612
interleaved,6,211,13.3165
interleaved,6,212,13.9529
interleaved,6,213,13.4831
interleaved,6,214,13.5766
interleaved,6,215,13.3107
interleaved,6,216,13.4422
interleaved,6,217,13.7517
interleaved,6,218,13.7325
interleaved,6,219,13.9648
interleaved,6,220,13.944
interleaved,6,221,13.8981
interleaved,6,222,14.2063
interleaved,6,223,13.7938
interleaved,6,224,13.8273
interleaved,6,225,13.8187
interleaved,6,226,13.6757
interleaved,6,227,13.8286
interleaved,6,228,13.9682
interleaved,6,229,13.7924
interleaved,6,230,13.7972
interleaved,6,231,13.9452
interleaved,6,232,13.6978
interleaved,6,233,14.2253
interleaved,6,234,14.767
interleaved,6,235,14.3239
interleaved,6,236,13.8825
interleaved,6,237,13.7374
interleaved,6,238,14.5399
interleaved,6,239,14.1887
interleaved,6,240,14.0984
interleaved,6,241,14.2817
interleaved,6,242,14.6556
interleaved,6,243,14.0235
interleaved,6,244,14.0645
interleaved,6,245,13.7666
interleaved,6,246,13.6911
interleaved,6,247,14.1861
interleaved,6,248,13.434
interleaved,6,249,13.0268
interleaved,6,250,14.254
interleaved,6,251,13.7338
interleaved,6,252,13.4528
interleaved,6,253,17.2525
interleaved,6,254,15.8144
interleaved,6,255,13.519
interleaved,6,256,14.0567
interleaved,6,257,14.465
interleaved,6,258,13.6724
interleaved,6,259,13.2925
interleaved,6,260,14.3582
interleaved,6,261,14.4812
interleaved,6,262,13.7957
interleaved,6,263,14.3669
interleaved,6,264,13.5208
interleaved,6,265,14.1346
interleaved,6,266,14.0704
interleaved,6,267,14.0393
interleaved,6,268,14.1988
interleaved,6,269,14.1201
interleaved,6,270,14.2681
interleaved,6,271,14.9149
interleaved,6,272,14.3023
interleaved,6,273,14.2534
interleaved,6,274,14.3443
interleaved,6,275,14.2568
interleaved,6,276,14.1028
interleaved,6,277,13.8526
interleaved,6,278,14.5043
interleaved,6,279,14.7992
interleaved,6,280,14.3415
interleaved,6,281,14.3567
interleaved,6,282,13.9513
interleaved,6,283,14.5594
interleaved,6,284,14.4213
interleaved,6,285,13.9688
interleaved,6,286,14.0832
interleaved,6,287,14.0744
interleaved,6,288,13.7423
interleaved,6,289,14.1456
interleaved,6,290,14.4902
interleaved,6,291,14.7205
interleaved,6,292,14.2412
interleaved,6,293,14.4396
interleaved,6,294,14.2335
interleaved,6,295,14.6376
interleaved,6,296,14.2465
interleaved,6,297,14.6657
interleaved,6,298,14.267
interleaved,6,299,14.2485
interleaved,6,300,14.6477
interleaved,6,301,14.6852
interleaved,6,302,14.7185
interleaved,6,303,14.9525
interleaved,6,304,14.5973
interleaved,6,305,14.7848
interleaved,6,306,14.4803
interleaved,6,307,14.4386
interleaved,6,308,14.9804
interleaved,6,309,14.8257
interleaved,6,310,14.6699
interleaved,6,311,14.4675
interleaved,6,312,14.49
interleaved,6,313,14.6298
interleaved,6,314,14.7195
interleaved,6,315,14.9424
interleaved,6,316,14.8866
interleaved,6,317,14.3249
interleaved,6,318,14.7325
interleaved,6,319,14.3921
interleaved,6,320,14.3722
interleaved,6,321,14.6443
interleaved,6,322,14.7517
interleaved,6,323,14.9291
interleaved,6,324,14.3541
interleaved,6,325,14.7399
interleaved,6,326,14.8784
interleaved,6,327,14.7217
interleaved,6,328,14.9298
interleaved,6,329,14.8027
interleaved,6,330,14.6654
interleaved,6,331,14.9733
interleaved,6,332,14.6507
interleaved,6,333,14.961
interleaved,6,334,14.7561
interleaved,6,335,14.8926
interleaved,6,336,14.9371
interleaved,6,337,14.9784
interleaved,6,338,14.7834
interleaved,6,339,15.18
interleaved,6,340,14.864
interleaved,6,341,15.0018
interleaved,6,342,15.2919
interleaved,6,343,14.7711
interleaved,6,344,14.747
interleaved,6,345,15.1781
interleaved,6,346,15.1993
interleaved,6,347,14.2955
interleaved,6,348,14.7033
interleaved,6,349,14.6443
interleaved,6,350,14.3171
interleaved,6,351,14.6258
interleaved,6,352,14.678
interleaved,6,353,14.3956
interleaved,6,354,14.6156
interleaved,6,355,14.5809
interleaved,6,356,14.4865
interleaved,6,357,14.8079
interleaved,6,358,14.4117
interleaved,6,359,14.6336
interleaved,6,360,14.795
interleaved,6,361,14.8807
interleaved,6,362,15.6702
interleaved,6,363,15.0843
interleaved,6,364,15.1453
interleaved,6,365,15.0407
interleaved,6,366,15.3997
interleaved,6,367,15.3313
interleaved,6,368,15.4313
interleaved,6,369,15.4427
interleaved,6,370,15.5672
interleaved,6,371,15.438
interleaved,6,372,15.1578
interleaved,6,373,16.108
interleaved,6,374,15.4895
interleaved,6,375,15.2685
interleaved,6,376,15.2523
interleaved,6,377,15.4685
interleaved,6,378,15.1299
interleaved,6,379,15.427
interleaved,6,380,15.6515
interleaved,6,381,15.6545
interleaved,6,382,15.2955
interleaved,6,383,15.1193
interleaved,6,384,15.2395
interleaved,6,385,15.2172
interleaved,6,386,15.0705
interleaved,6,387,15.5303
interleaved,6,388,15.3629
interleaved,6,389,15.6997
interleaved,6,390,15.4855
interleaved,6,391,15.6069
interleaved,6,392,15.821
interleaved,6,393,15.0348
interleaved,6,394,15.8765
interleaved,6,395,15.335
interleaved,6,396,15.699
interleaved,6,397,15.5834
interleaved,6,398,15.7098
interleaved,6,399,15.5292
interleaved,6,400,15.5482
interleaved,6,401,15.3943
interleaved,6,402,15.2625
interleaved,6,403,15.2398
interleaved,6,404,15.5753
interleaved,6,405,15.5088
interleaved,6,406,15.3798
interleaved,6,407,15.5822
interleaved,6,408,15.7515
interleaved,6,409,15.6622
interleaved,6,410,15.6031
interleaved,6,411,15.5423
interleaved,6,412,15.7912
interleaved,6,413,15.5696
interleaved,6,414,15.7649
interleaved,6,415,15.9089
interleaved,6,416,16.1744
interleaved,6,417,15.5557
interleaved,6,418,15.7474
interleaved,6,419,15.8692
interleaved,6,420,15.5254
interleaved,6,421,15.6017
interleaved,6,422,15.8323
interleaved,6,423,15.7318
interleaved,6,424,15.6852
interleaved,6,425,15.7535
interleaved,6,426,16.0187
interleaved,6,427,15.7636
interleaved,6,428,15.5203
interleaved,6,429,15.6758
interleaved,6,430,15.9927
interleaved,6,431,16.1716
interleaved,6,432,15.5367
interleaved,6,433,15.4657
interleaved,6,434,15.4972
interleaved,6,435,15.2468
interleaved,6,436,15.4598
interleaved,6,437,15.5102
interleaved,6,438,15.3048
interleaved,6,439,15.4163
interleaved,6,440,15.7375
interleaved,6,441,15.8084
interleaved,6,442,15.4873
interleaved,6,443,15.5826
interleaved,6,444,15.5625
interleaved,6,445,15.6044
interleaved,6,446,16.0903
interleaved,6,447,15.6762
interleaved,6,448,15.7624
interleaved,6,449,15.5417
interleaved,6,450,16.2173
interleaved,6,451,15.9882
interleaved,6,452,15.6581
interleaved,6,453,15.9247
interleaved,6,454,15.3573
interleaved,6,455,15.6928
interleaved,6,456,15.3582
interleaved,6,457,15.564
interleaved,6,458,15.7392
interleaved,6,459,15.6408
interleaved,6,460,15.5778
interleaved,6,461,15.5138
interleaved,6,462,15.7023
interleaved,6,463,15.4681
interleaved,6,464,15.7484
interleaved,6,465,15.9592
interleaved,6,466,15.855
interleaved,6,467,16.7406
interleaved,6,468,16.4845
interleaved,6,469,15.9812
interleaved,6,470,16.2072
interleaved,6,471,16.0892
interleaved,6,472,16.3199
interleaved,6,473,16.234
interleaved,6,474,16.2319
interleaved,6,475,16.498
interleaved,6,476,16.503
interleaved,6,477,16.9742
interleaved,6,478,16.6865
interleaved,6,479,16.4875
interleaved,6,480,16.4161
interleaved,6,481,16.6159
interleaved,6,482,16.2599
interleaved,6,483,16.6301
interleaved,6,484,16.3186
interleaved,6,485,16.7555
interleaved,6,486,16.4088
interleaved,6,487,16.7255
interleaved,6,488,16.2717
interleaved,6,489,16.2727
interleaved,6,490,17.063
interleaved,6,491,17.7031
interleaved,6,492,16.2742
interleaved,6,493,16.9362
interleaved,6,494,16.5858
interleaved,6,495,16.731
interleaved,6,496,16.6129
interleaved,6,497,16.4567
interleaved,6,498,16.3287
interleaved,6,499,16.4035
interleaved,6,500,16.9922
interleaved,6,501,16.2828
interleaved,6,502,16.2933
interleaved,6,503,16.3418
interleaved,6,504,16.2946
interleaved,6,505,16.1397
interleaved,6,506,16.1588
interleaved,6,507,16.3539
interleaved,6,508,16.4096
interleaved,6,509,16.4805
interleaved,6,510,17.0964
interleaved,6,511,16.6316
interleaved,6,512,16.8187
interleaved,6,513,16.8752
interleaved,6,514,17.9541
interleaved,6,515,17.2098
interleaved,6,516,16.9929
interleaved,6,517,16.8331
interleaved,6,518,17.7079
interleaved,6,519,16.7291
interleaved,6,520,16.4015
interleaved,6,521,17.0576
interleaved,6,522,17.2316
interleaved,6,523,16.7655
interleaved,6,524,16.6462
interleaved,6,525,16.8055
interleaved,6,526,16.5704
interleaved,6,527,17.1695
interleaved,6,528,16.8212
interleaved,6,529,17.164
interleaved,6,530,16.4576
interleaved,6,531,16.4177
interleaved,6,532,16.5104
interleaved,6,533,15.9175
interleaved,6,534,16.5263
interleaved,6,535,16.7112
interleaved,6,536,20.6199
interleaved,6,537,21.8326
interleaved,6,538,19.2783
interleaved,6,539,17.52
interleaved,6,540,16.8648
interleaved,6,541,16.8534
interleaved,6,542,16.2475
interleaved,6,543,16.8028
interleaved,6,544,16.7169
interleaved,6,545,16.5226
interleaved,6,546,16.7674
interleaved,6,547,17.2155
interleaved,6,548,16.987
interleaved,6,549,17.3255
interleaved,6,550,16.7749
interleaved,6,551,16.904
interleaved,6,552,16.8705
interleaved,6,553,16.643
interleaved,6,554,16.6845
interleaved,6,555,16.9696
interleaved,6,556,16.8193
interleaved,6,557,16.5145
interleaved,6,558,16.6813
interleaved,6,559,16.9838
interleaved,6,560,17.6266
interleaved,6,561,16.9888
interleaved,6,562,16.9608
interleaved,6,563,17.2146
interleaved,6,564,16.9418
interleaved,6,565,16.864
interleaved,6,566,17.1847
interleaved,6,567,17.1858
interleaved,6,568,17.185
interleaved,6,569,16.3831
interleaved,6,570,16.1399
interleaved,6,571,16.4823
interleaved,6,572,16.8385
interleaved,6,573,16.6325
interleaved,6,574,16.4254
interleaved,6,575,17.0855
interleaved,6,576,17.1571
interleaved,6,577,16.8476
interleaved,6,578,16.6283
interleaved,6,579,17.0153
interleaved,6,580,17.0185
interleaved,6,581,17.2884
interleaved,6,582,16.5904
interleaved,6,583,17.2568
interleaved,6,584,17.0929
interleaved,6,585,16.8695
interleaved,6,586,16.4727
interleaved,6,587,16.9791
interleaved,6,588,17.0461
interleaved,6,589,16.5662
interleaved,6,590,16.6247
interleaved,6,591,16.7085
interleaved,6,592,16.9268
interleaved,6,593,17.0366
interleaved,6,594,16.9045
interleaved,6,595,16.8162
interleaved,6,596,16.8017
interleaved,6,597,16.9812
interleaved,6,598,16.719
interleaved,6,599,16.6965
interleaved,7,0,59.4452
interleaved,7,1,11.4924
interleaved,7,2,11.6242
interleaved,7,3,11.6077
interleaved,7,4,11.7308
interleaved,7,5,11.1943
interleaved,7,6,11.0067
interleaved,7,7,11.519
interleaved,7,8,11.4734
interleaved,7,9,11.3451
interleaved,7,10,11.2858
interleaved,7,11,11.4226
interleaved,7,12,11.7211
interleaved,7,13,11.4362
interleaved,7,14,11.3105
interleaved,7,15,11.7315
interleaved,7,16,11.5568
interleaved,7,17,11.7208
interleaved,7,18,10.9256
interleaved,7,19,11.7589
interleaved,7,20,11.7888
interleaved,7,21,11.4855
interleaved,7,22,11.7526
interleaved,7,23,11.5264
interleaved,7,24,11.8689
interleaved,7,25,12.4537
interleaved,7,26,11.5322
interleaved,7,27,11.1612
interleaved,7,28,11.2741
interleaved,7,29,11.733
interleaved,7,30,11.2403
interleaved,7,31,11.0267
interleaved,7,32,11.8815
interleaved,7,33,11.8157
interleaved,7,34,11.5719
interleaved,7,35,11.6335
interleaved,7,36,11.6328
interleaved,7,37,12.0297
interleaved,7,38,11.5041
interleaved,7,39,11.8005
interleaved,7,40,11.7862
interleaved,7,41,12.1209
interleaved,7,42,12.2406
interleaved,7,43,11.5644
interleaved,7,44,11.7355
interleaved,7,45,11.9133
interleaved,7,46,11.6796
interleaved,7,47,11.8783
interleaved,7,48,11.7896
interleaved,7,49,11.5879
interleaved,7,50,11.8117
interleaved,7,51,11.8952
interleaved,7,52,12.4545
interleaved,7,53,11.8244
interleaved,7,54,11.9894
interleaved,7,55,11.8055
interleaved,7,56,11.8557
interleaved,7,57,11.9686
interleaved,7,58,11.6237
interleaved,7,59,11.859
interleaved,7,60,11.8533
interleaved,7,61,11.9922
interleaved,7,62,11.9767
interleaved,7,63,11.807
interleaved,7,64,12.5853
interleaved,7,65,12.0897
interleaved,7,66,12.0034
interleaved,7,67,11.852
interleaved,7,68,12.2866
interleaved,7,69,11.9391
interleaved,7,70,11.498
interleaved,7,71,12.1692
interleaved,7,72,12.1005
interleaved,7,73,11.9727
interleaved,7,74,11.5482
interleaved,7,75,11.7915
interleaved,7,76,12.2732
interleaved,7,77,12.1138
interleaved,7,78,12.1874
interleaved,7,79,12.3312
interleaved,7,80,11.8817
interleaved,7,81,12.2319
interleaved,7,82,11.9268
interleaved,7,83,12.3973
interleaved,7,84,12.2972
interleaved,7,85,12.1402
interleaved,7,86,12.1804
interleaved,7,87,11.8558
interleaved,7,88,12.3147
interleaved,7,89,12.4079
interleaved,7,90,12.645
interleaved,7,91,12.2787
interleaved,7,92,12.6774
interleaved,7,93,12.162
interleaved,7,94,12.1009
interleaved,7,95,11.9743
interleaved,7,96,12.5023
interleaved,7,97,12.3262
interleaved,7,98,12.39
interleaved,7,99,12.2712
interleaved,7,100,12.6633
interleaved,7,101,12.2294
interleaved,7,102,12.1177
interleaved,7,103,12.1927
interleaved,7,104,12.3293
interleaved,7,105,12.4615
interleaved,7,106,12.5532
interleaved,7,107,12.6266
interleaved,7,108,12.6712
interleaved,7,109,12.6052
interleaved,7,110,12.574
interleaved,7,111,12.5455
interleaved,7,112,12.4138
interleaved,7,113,12.3652
interleaved,7,114,12.8398
interleaved,7,115,12.5951
interleaved,7,116,12.5761
interleaved,7,117,12.2935
interleaved,7,118,12.539
interleaved,7,119,12.7744
interleaved,7,120,12.49
interleaved,7,121,12.5367
interleaved,7,122,12.5889
interleaved,7,123,12.9229
interleaved,7,124,12.8443
interleaved,7,125,12.5359
interleaved,7,126,12.5644
interleaved,7,127,12.921
interleaved,7,128,12.8271
interleaved,7,129,12.9395
interleaved,7,130,12.8002
interleaved,7,131,13.2338
interleaved,7,132,12.9106
interleaved,7,133,12.7305
interleaved,7,134,12.8936
interleaved,7,135,13.0027
interleaved,7,136,13.0553
interleaved,7,137,12.8033
interleaved,7,138,12.742
interleaved,7,139,12.8135
interleaved,7,140,12.709
interleaved,7,141,12.6976
interleaved,7,142,12.8957
interleaved,7,143,12.6722
interleaved,7,144,12.6552
interleaved,7,145,12.8966
interleaved,7,146,12.9681
interleaved,7,147,13.0633
interleaved,7,148,13.2892
interleaved,7,149,12.9049
interleaved,7,150,12.7342
interleaved,7,151,13.0925
interleaved,7,152,13.244
interleaved,7,153,13.1376
interleaved,7,154,12.8729
interleaved,7,155,13.472
interleaved,7,156,12.8024
interleaved,7,157,12.8696
interleaved,7,158,13.024
interleaved,7,159,12.8253
interleaved,7,160,13.5033
interleaved,7,161,13.1519
interleaved,7,162,13.1099
interleaved,7,163,13.2733
interleaved,7,164,13.6459
interleaved,7,165,13.2945
interleaved,7,166,12.979
interleaved,7,167,13.3289
interleaved,7,168,13.3334
interleaved,7,169,13.3721
interleaved,7,170,12.9321
interleaved,7,171,13.0385
interleaved,7,172,13.3479
interleaved,7,173,13.2611
interleaved,7,174,13.1885
interleaved,7,175,13.13
interleaved,7,176,13.0034
interleaved,7,177,13.3815
interleaved,7,178,13.3102
interleaved,7,179,13.2601
interleaved,7,180,13.2223
interleaved,7,181,13.5165
interleaved,7,182,13.2454
interleaved,7,183,13.3308
interleaved,7,184,13.4221
interleaved,7,185,13.5474
interleaved,7,186,13.3754
interleaved,7,187,13.506
interleaved,7,188,13.4693
interleaved,7,189,13.3073
interleaved,7,190,13.8852
interleaved,7,191,13.4036
interleaved,7,192,13.5589
interleaved,7,193,13.3003
interleaved,7,194,13.0428
interleaved,7,195,13.1647
interleaved,7,196,13.2377
interleaved,7,197,13.4007
interleaved,7,198,13.1835
interleaved,7,199,13.6911
interleaved,7,200,13.2934
interleaved,7,201,13.6495
interleaved,7,202,13.4984
interleaved,7,203,13.2782
interleaved,7,204,13.4748
interleaved,7,205,13.3343
interleaved,7,206,13.3418
interleaved,7,207,13.6586
interleaved,7,208,13.614
interleaved,7,209,13.4627
interleaved,7,210,13.5928
interleaved,7,211,13.3914
interleaved,7,212,13.3787
interleaved,7,213,13.6049
interleaved,7,214,13.8875
interleaved,7,215,13.7903
interleaved,7,216,13.5997
interleaved,7,217,13.5518
interleaved,7,218,13.366
interleaved,7,219,14.0362
interleaved,7,220,14.1669
interleaved,7,221,13.2335
interleaved,7,222,13.3576
interleaved,7,223,13.4005
interleaved,7,224,13.3754
interleaved,7,225,13.4878
interleaved,7,226,13.5329
interleaved,7,227,13.6805
interleaved,7,228,13.6341
interleaved,7,229,13.4398
interleaved,7,230,12.9858
interleaved,7,231,13.7006
interleaved,7,232,13.5435
interleaved,7,233,13.8485
interleaved,7,234,13.613
interleaved,7,235,13.3238
interleaved,7,236,13.1436
interleaved,7,237,13.2939
interleaved,7,238,13.6141
interleaved,7,239,13.2405
interleaved,7,240,13.3389
interleaved,7,241,13.3002
interleaved,7,242,13.562
interleaved,7,243,13.1627
interleaved,7,244,13.4885
interleaved,7,245,13.5292
interleaved,7,246,13.6192
interleaved,7,247,13.4967
interleaved,7,248,13.7534
interleaved,7,249,13.7913
interleaved,7,250,13.3302
interleaved,7,251,13.6073
interleaved,7,252,13.6923
interleaved,7,253,12.9911
interleaved,7,254,13.221
interleaved,7,255,13.3566
interleaved,7,256,13.2208
interleaved,7,257,13.4181
interleaved,7,258,13.5108
interleaved,7,259,13.1004
interleaved,7,260,13.69
interleaved,7,261,13.3416
interleaved,7,262,13.666
interleaved,7,263,13.9865
interleaved,7,264,13.646
interleaved,7,265,13.876
interleaved,7,266,13.4772
interleaved,7,267,13.5285
interleaved,7,268,13.5558
interleaved,7,269,13.6879
interleaved,7,270,13.6873
interleaved,7,271,13.4948
interleaved,7,272,13.0154
interleaved,7,273,13.548
interleaved,7,274,13.3181
interleaved,7,275,13.8459
interleaved,7,276,13.7275
interleaved,7,277,13.5724
interleaved,7,278,13.7797
interleaved,7,279,13.9989
interleaved,7,280,13.843
interleaved,7,281,13.8523
interleaved,7,282,13.871
interleaved,7,283,14.3267
interleaved,7,284,13.8007
interleaved,7,285,13.9416
interleaved,7,286,14.0345
interleaved,7,287,13.9775
interleaved,7,288,14.0218
interleaved,7,289,13.8281
interleaved,7,290,14.0818
interleaved,7,291,13.9059
interleaved,7,292,13.9082
interleaved,7,293,13.8703
interleaved,7,294,14.0737
interleaved,7,295,13.8315
interleaved,7,296,13.9861
interleaved,7,297,13.7529
interleaved,7,298,14.7143
interleaved,7,299,13.9685
interleaved,7,300,14.0565
interleaved,7,301,13.8358
interleaved,7,302,14.1641
interleaved,7,303,14.2701
interleaved,7,304,13.9667
interleaved,7,305,14.0479
interleaved,7,306,14.2394
interleaved,7,307,14.3264
interleaved,7,308,14.2176
interleaved,7,309,14.134
interleaved,7,310,14.4956
interleaved,7,311,14.6477
interleaved,7,312,14.5257
interleaved,7,313,14.4978
interleaved,7,314,14.5689
interleaved,7,315,14.4979
interleaved,7,316,14.5058
interleaved,7,317,14.6301
interleaved,7,318,14.5187
interleaved,7,319,14.3689
interleaved,7,320,14.2817
interleaved,7,321,14.5684
interleaved,7,322,14.4379
interleaved,7,323,14.4717
interleaved,7,324,14.0848
interleaved,7,325,14.2047
interleaved,7,326,14.3848
interleaved,7,327,14.6903
interleaved,7,328,14.6818
interleaved,7,329,14.4964
interleaved,7,330,14.5446
interleaved,7,331,14.7498
interleaved,7,332,14.5271
interleaved,7,333,16.3319
interleaved,7,334,14.6017
interleaved,7,335,14.4621
interleaved,7,336,14.5249
interleaved,7,337,14.5381
interleaved,7,338,14.7797
interleaved,7,339,14.2185
interleaved,7,340,14.1003
interleaved,7,341,14.6567
interleaved,7,342,14.5575
interleaved,7,343,14.4806
interleaved,7,344,14.8677
interleaved,7,345,14.3127
interleaved,7,346,14.6512
interleaved,7,347,14.4572
interleaved,7,348,14.1098
interleaved,7,349,13.9809
interleaved,7,350,14.5249
interleaved,7,351,14.6945
interleaved,7,352,14.0952
interleaved,7,353,14.4595
interleaved,7,354,14.7738
interleaved,7,355,14.6227
interleaved,7,356,14.518
interleaved,7,357,14.6346
interleaved,7,358,14.4057
interleaved,7,359,14.4369
interleaved,7,360,14.6822
interleaved,7,361,15.1631
interleaved,7,362,14.6888
interleaved,7,363,15.3795
interleaved,7,364,15.2861
interleaved,7,365,15.224
interleaved,7,366,15.6673
interleaved,7,367,14.9346
interleaved,7,368,15.1062
interleaved,7,369,15.0415
interleaved,7,370,15.2273
interleaved,7,371,15.1702
interleaved,7,372,15.6488
interleaved,7,373,15.2472
interleaved,7,374,15.3788
interleaved,7,375,15.1677
interleaved,7,376,15.2587
interleaved,7,377,15.3065
interleaved,7,378,15.5173
interleaved,7,379,15.1226
interleaved,7,380,15.6159
interleaved,7,381,15.7806
interleaved,7,382,15.6116
interleaved,7,383,15.31
interleaved,7,384,15.2024
interleaved,7,385,15.0593
interleaved,7,386,15.2171
interleaved,7,387,15.3205
interleaved,7,388,15.247
interleaved,7,389,15.025
interleaved,7,390,15.1025
interleaved,7,391,14.9682
interleaved,7,392,15.5061
interleaved,7,393,15.8978
interleaved,7,394,15.374
interleaved,7,395,15.8962
interleaved,7,396,15.4046
interleaved,7,397,15.7781
interleaved,7,398,15.287
interleaved,7,399,15.6295
interleaved,7,400,15.6379
interleaved,7,401,15.6628
interleaved,7,402,15.9276
interleaved,7,403,16.1802
interleaved,7,404,15.6055
interleaved,7,405,15.3142
interleaved,7,406,15.4632
interleaved,7,407,15.533
interleaved,7,408,15.5297
interleaved,7,409,15.4384
interleaved,7,410,15.946
interleaved,7,411,15.6735
interleaved,7,412,15.6653
interleaved,7,413,15.4982
interleaved,7,414,15.3709
interleaved,7,415,15.439
interleaved,7,416,15.4013
interleaved,7,417,16.2743
interleaved,7,418,15.8405
interleaved,7,419,15.2453
interleaved,7,420,15.0284
interleaved,7,421,15.2573
interleaved,7,422,15.5597
interleaved,7,423,15.2526
interleaved,7,424,16.1116
interleaved,7,425,15.7691
interleaved,7,426,15.5117
interleaved,7,427,15.4975
interleaved,7,428,15.8625
interleaved,7,429,15.7865
interleaved,7,430,15.5205
interleaved,7,431,15.2302
interleaved,7,432,15.6192
interleaved,7,433,15.8748
interleaved,7,434,15.996
interleaved,7,435,15.7157
interleaved,7,436,15.595
interleaved,7,437,16.3555
interleaved,7,438,15.6916
interleaved,7,439,15.7427
interleaved,7,440,15.8397
interleaved,7,441,15.9287
interleaved,7,442,16.2974
interleaved,7,443,15.9657
interleaved,7,444,16.1702
interleaved,7,445,15.966
interleaved,7,446,16.084
interleaved,7,447,15.5858
interleaved,7,448,16.0811
interleaved,7,449,16.3635
interleaved,7,450,16.493
interleaved,7,451,16.2648
interleaved,7,452,16.0786
interleaved,7,453,16.0018
interleaved,7,454,16.1005
interleaved,7,455,16.3532
interleaved,7,456,16.2605
interleaved,7,457,16.1947
interleaved,7,458,15.9809
interleaved,7,459,16.0791
interleaved,7,460,16.2144
interleaved,7,461,15.9239
interleaved,7,462,16.3089
interleaved,7,463,16.2638
interleaved,7,464,16.8984
interleaved,7,465,15.9014
interleaved,7,466,16.7142
interleaved,7,467,16.4096
interleaved,7,468,15.8252
interleaved,7,469,16.0798
interleaved,7,470,16.1035
interleaved,7,471,16.0475
interleaved,7,472,16.8661
interleaved,7,473,16.5968
interleaved,7,474,16.475
interleaved,7,475,16.1711
interleaved,7,476,16.7228
interleaved,7,477,16.2808
interleaved,7,478,16.2705
interleaved,7,479,16.5618
interleaved,7,480,16.1337
interleaved,7,481,16.7591
interleaved,7,482,16.941
interleaved,7,483,16.8463
interleaved,7,484,16.4646
interleaved,7,485,16.8249
interleaved,7,486,17.1106
interleaved,7,487,16.6785
interleaved,7,488,17.0028
interleaved,7,489,17.1565
interleaved,7,490,17.248
interleaved,7,491,16.6722
interleaved,7,492,16.9969
interleaved,7,493,16.9196
interleaved,7,494,17.0508
interleaved,7,495,17.0305
interleaved,7,496,16.7102
interleaved,7,497,16.7408
interleaved,7,498,16.9308
interleaved,7,499,17.0918
interleaved,7,500,16.8615
interleaved,7,501,17.0785
interleaved,7,502,16.933
interleaved,7,503,16.7785
interleaved,7,504,16.8122
interleaved,7,505,16.6731
interleaved,7,506,16.4272
interleaved,7,507,16.894
interleaved,7,508,16.8911
interleaved,7,509,17.0115
interleaved,7,510,16.632
interleaved,7,511,16.9875
interleaved,7,512,16.6906
interleaved,7,513,16.7435
interleaved,7,514,16.6768
interleaved,7,515,16.9117
interleaved,7,516,16.7745
interleaved,7,517,17.0712
interleaved,7,518,17.1331
interleaved,7,519,16.8223
interleaved,7,520,17.0343
interleaved,7,521,16.2236
interleaved,7,522,16.6086
interleaved,7,523,16.123
interleaved,7,524,16.5271
interleaved,7,525,16.9193
interleaved,7,526,16.7121
interleaved,7,527,16.9816
interleaved,7,528,16.8547
interleaved,7,529,16.6974
interleaved,7,530,16.6966
interleaved,7,531,17.3695
interleaved,7,532,16.6531
interleaved,7,533,16.8421
interleaved,7,534,17.1307
interleaved,7,535,16.9097
interleaved,7,536,16.7117
interleaved,7,537,16.9754
interleaved,7,538,16.9245
interleaved,7,539,16.7308
interleaved,7,540,17.0288
interleaved,7,541,16.7406
interleaved,7,542,16.9657
interleaved,7,543,16.987
interleaved,7,544,16.9151
interleaved,7,545,16.4455
interleaved,7,546,17.1532
interleaved,7,547,16.6457
interleaved,7,548,16.8086
interleaved,7,549,16.4827
interleaved,7,550,17.4804
interleaved,7,551,17.0354
interleaved,7,552,16.9539
interleaved,7,553,17.0291
interleaved,7,554,16.7913
interleaved,7,555,17.148
interleaved,7,556,16.7757
interleaved,7,557,17.0094
interleaved,7,558,17.1716
interleaved,7,559,17.079
interleaved,7,560,16.6768
interleaved,7,561,16.9028
interleaved,7,562,17.1585
interleaved,7,563,16.6172
interleaved,7,564,16.916
interleaved,7,565,17.0896
interleaved,7,566,16.901
interleaved,7,567,16.9334
interleaved,7,568,16.5657
interleaved,7,569,17.0564
interleaved,7,570,16.7328
interleaved,7,571,16.8303
interleaved,7,572,17.0687
interleaved,7,573,16.5537
interleaved,7,574,17.0395
interleaved,7,575,16.9162
interleaved,7,576,23.0007
interleaved,7,577,16.7005
interleaved,7,578,17.2585
interleaved,7,579,16.8946
interleaved,7,580,16.6717
interleaved,7,581,16.901
interleaved,7,582,16.8213
interleaved,7,583,16.543
interleaved,7,584,17.1696
interleaved,7,585,16.7577
interleaved,7,586,17.1425
interleaved,7,587,16.9316
interleaved,7,588,17.2376
interleaved,7,589,16.985
interleaved,7,590,16.6714
interleaved,7,591,16.9246
interleaved,7,592,17.1281
interleaved,7,593,16.8176
interleaved,7,594,16.4125
interleaved,7,595,16.439
interleaved,7,596,16.2429
interleaved,7,597,16.3338
interleaved,7,598,16.4515
interleaved,7,599,16.3487
deferscale,7,0,59.131
deferscale,7,1,11.6835
deferscale,7,2,11.8456
deferscale,7,3,11.5328
deferscale,7,4,11.3125
deferscale,7,5,11.542
deferscale,7,6,11.0467
deferscale,7,7,11.6326
deferscale,7,8,11.5255
deferscale,7,9,11.3033
deferscale,7,10,11.1288
deferscale,7,11,11.3926
deferscale,7,12,11.4819
deferscale,7,13,11.4772
deferscale,7,14,11.623
deferscale,7,15,11.9597
deferscale,7,16,11.9002
deferscale,7,17,11.2786
deferscale,7,18,11.5305
deferscale,7,19,11.2391
deferscale,7,20,11.6997
deferscale,7,21,11.9047
deferscale,7,22,11.8435
deferscale,7,23,11.8202
deferscale,7,24,11.5691
deferscale,7,25,11.4048
deferscale,7,26,11.4624
deferscale,7,27,11.9564
deferscale,7,28,11.7963
deferscale,7,29,11.7597
deferscale,7,30,11.5159
deferscale,7,31,11.5824
deferscale,7,32,11.2993
deferscale,7,33,12.0313
deferscale,7,34,11.7038
deferscale,7,35,11.4177
deferscale,7,36,12.3651
deferscale,7,37,11.6501
deferscale,7,38,11.3582
deferscale,7,39,11.827
deferscale,7,40,11.5847
deferscale,7,41,11.0853
deferscale,7,42,11.6233
deferscale,7,43,11.7935
deferscale,7,44,11.6813
deferscale,7,45,11.6834
deferscale,7,46,11.3142
deferscale,7,47,11.4536
deferscale,7,48,11.3072
deferscale,7,49,11.6532
deferscale,7,50,11.5482
deferscale,7,51,11.5709
deferscale,7,52,11.6256
deferscale,7,53,11.4718
deferscale,7,54,11.5605
deferscale,7,55,11.7766
deferscale,7,56,11.7171
deferscale,7,57,12.4004
deferscale,7,58,11.7921
deferscale,7,59,13.23
deferscale,7,60,12.4422
deferscale,7,61,11.965
deferscale,7,62,12.1258
deferscale,7,63,12.1714
deferscale,7,64,11.586
deferscale,7,65,11.9303
deferscale,7,66,12.6619
deferscale,7,67,12.1393
deferscale,7,68,12.2959
deferscale,7,69,11.4941
deferscale,7,70,11.9483
deferscale,7,71,12.312
deferscale,7,72,11.9453
deferscale,7,73,12.2411
deferscale,7,74,12.1788
deferscale,7,75,12.2583
deferscale,7,76,12.0399
deferscale,7,77,12.1522
deferscale,7,78,12.1743
deferscale,7,79,12.2383
deferscale,7,80,12.1225
deferscale,7,81,12.1675
deferscale,7,82,12.248
deferscale,7,83,12.0613
deferscale,7,84,12.4268
deferscale,7,85,12.4507
deferscale,7,86,12.1475
deferscale,7,87,12.3271
deferscale,7,88,12.3526
deferscale,7,89,12.3707
deferscale,7,90,12.0627
deferscale,7,91,11.9597
deferscale,7,92,12.1375
deferscale,7,93,12.551
deferscale,7,94,12.7185
deferscale,7,95,12.3022
deferscale,7,96,12.3742
deferscale,7,97,12.6686
deferscale,7,98,12.7614
deferscale,7,99,12.4266
deferscale,7,100,12.5488
deferscale,7,101,12.5061
deferscale,7,102,12.7417
deferscale,7,103,12.3209
deferscale,7,104,12.1624
deferscale,7,105,12.5467
deferscale,7,106,12.9675
deferscale,7,107,12.7633
deferscale,7,108,12.6761
deferscale,7,109,12.3669
deferscale,7,110,12.3645
deferscale,7,111,12.7949
deferscale,7,112,12.5627
deferscale,7,113,12.7998
deferscale,7,114,12.6953
deferscale,7,115,12.8188
deferscale,7,116,12.6557
deferscale,7,117,12.7744
deferscale,7,118,12.7191
deferscale,7,119,12.6841
deferscale,7,120,12.8077
deferscale,7,121,12.8267
deferscale,7,122,12.6148
deferscale,7,123,13.0316
deferscale,7,124,12.6755
deferscale,7,125,12.759
deferscale,7,126,12.5371
deferscale,7,127,12.925
deferscale,7,128,12.6173
deferscale,7,129,12.6893
deferscale,7,130,12.6351
deferscale,7,131,12.9483
deferscale,7,132,13.1044
deferscale,7,133,13.1007
deferscale,7,134,12.6616
deferscale,7,135,12.9901
deferscale,7,136,12.9101
deferscale,7,137,12.819
deferscale,7,138,12.7987
deferscale,7,139,13.0147
deferscale,7,140,13.2173
deferscale,7,141,13.4913
deferscale,7,142,12.9908
deferscale,7,143,13.0451
deferscale,7,144,12.9703
deferscale,7,145,13.0934
deferscale,7,146,12.8017
deferscale,7,147,12.8061
deferscale,7,148,12.9299
deferscale,7,149,12.8085
deferscale,7,150,12.9882
deferscale,7,151,13.306
deferscale,7,152,13.0228
deferscale,7,153,13.0265
deferscale,7,154,13.0584
deferscale,7,155,12.8056
deferscale,7,156,13.2729
deferscale,7,157,12.9916
deferscale,7,158,12.8973
deferscale,7,159,13.0832
deferscale,7,160,13.1122
deferscale,7,161,12.9
deferscale,7,162,12.9594
deferscale,7,163,13.0514
deferscale,7,164,12.7672
deferscale,7,165,13.006
deferscale,7,166,13.2818
deferscale,7,167,13.2002
deferscale,7,168,13.264
deferscale,7,169,13.2124
deferscale,7,170,13.2007
deferscale,7,171,12.8636
deferscale,7,172,13.2093
deferscale,7,173,13.4596
deferscale,7,174,13.5776
deferscale,7,175,13.3465
deferscale,7,176,13.2861
deferscale,7,177,13.334
deferscale,7,178,13.3208
deferscale,7,179,13.2462
deferscale,7,180,13.6602
deferscale,7,181,13.2948
deferscale,7,182,13.6507
deferscale,7,183,13.4375
deferscale,7,184,13.0041
deferscale,7,185,12.8393
deferscale,7,186,12.7743
deferscale,7,187,13.0894
deferscale,7,188,12.9807
deferscale,7,189,13.8697
deferscale,7,190,13.6653
deferscale,7,191,13.2213
deferscale,7,192,12.8398
deferscale,7,193,13.214
deferscale,7,194,13.2836
deferscale,7,195,13.4818
deferscale,7,196,13.5917
deferscale,7,197,13.2423
deferscale,7,198,13.9115
deferscale,7,199,13.4255
deferscale,7,200,13.4574
deferscale,7,201,13.7265
deferscale,7,202,13.4565
deferscale,7,203,13.3205
deferscale,7,204,13.5708
deferscale,7,205,13.546
deferscale,7,206,13.7478
deferscale,7,207,13.7735
deferscale,7,208,13.85
deferscale,7,209,13.4445
deferscale,7,210,13.8366
deferscale,7,211,13.4644
deferscale,7,212,13.8407
deferscale,7,213,13.5727
deferscale,7,214,13.3025
deferscale,7,215,13.4073
deferscale,7,216,13.5903
deferscale,7,217,14.1257
deferscale,7,218,13.6606
deferscale,7,219,13.6717
deferscale,7,220,13.8583
deferscale,7,221,13.4492
deferscale,7,222,13.5871
deferscale,7,223,13.9861
deferscale,7,224,13.7886
deferscale,7,225,13.3321
deferscale,7,226,13.5649
deferscale,7,227,13.99
deferscale,7,228,13.8577
deferscale,7,229,13.7425
deferscale,7,230,13.7448
deferscale,7,231,14.1427
deferscale,7,232,13.6168
deferscale,7,233,13.9142
deferscale,7,234,13.2982
deferscale,7,235,13.5825
deferscale,7,236,14.0957
deferscale,7,237,13.8944
deferscale,7,238,13.5525
deferscale,7,239,13.9976
deferscale,7,240,13.93
deferscale,7,241,13.7556
deferscale,7,242,14.219
deferscale,7,243,13.9075
deferscale,7,244,14.3027
deferscale,7,245,13.9206
deferscale,7,246,14.1083
deferscale,7,247,14.0313
deferscale,7,248,14.0181
deferscale,7,249,14.1873
deferscale,7,250,14.291
deferscale,7,251,14.1284
deferscale,7,252,14.0572
deferscale,7,253,13.9465
deferscale,7,254,14.0129
deferscale,7,255,14.0407
deferscale,7,256,14.1337
deferscale,7,257,14.1005
deferscale,7,258,14.283
deferscale,7,259,14.0627
deferscale,7,260,14.2465
deferscale,7,261,13.7124
deferscale,7,262,14.0542
deferscale,7,263,14.2954
deferscale,7,264,14.316
deferscale,7,265,14.2286
deferscale,7,266,13.9702
deferscale,7,267,14.2533
deferscale,7,268,14.0193
deferscale,7,269,14.4184
deferscale,7,270,14.3136
deferscale,7,271,14.2145
deferscale,7,272,14.0759
deferscale,7,273,14.1999
deferscale,7,274,14.498
deferscale,7,275,14.3313
deferscale,7,276,14.5323
deferscale,7,277,14.3523
deferscale,7,278,14.567
deferscale,7,279,14.5726
deferscale,7,280,14.4794
deferscale,7,281,14.5871
deferscale,7,282,14.287
deferscale,7,283,14.5763
deferscale,7,284,14.4615
deferscale,7,285,14.3258
deferscale,7,286,14.7818
deferscale,7,287,14.4485
deferscale,7,288,15.095
deferscale,7,289,14.5633
deferscale,7,290,14.456
deferscale,7,291,14.9881
deferscale,7,292,14.4873
deferscale,7,293,14.5695
deferscale,7,294,14.4893
deferscale,7,295,14.2607
deferscale,7,296,14.4111
deferscale,7,297,14.4849
deferscale,7,298,14.4472
deferscale,7,299,14.5776
deferscale,7,300,14.5753
deferscale,7,301,14.5677
deferscale,7,302,14.7288
deferscale,7,303,14.4461
deferscale,7,304,14.9708
deferscale,7,305,14.4238
deferscale,7,306,14.8459
deferscale,7,307,14.856
deferscale,7,308,14.5348
deferscale,7,309,14.6339
deferscale,7,310,15.0873
deferscale,7,311,14.6404
deferscale,7,312,14.8637
deferscale,7,313,15.5266
deferscale,7,314,15.6423
deferscale,7,315,15.083
deferscale,7,316,15.1255
deferscale,7,317,14.9823
deferscale,7,318,15.079
deferscale,7,319,15.6206
deferscale,7,320,15.2387
deferscale,7,321,15.7246
deferscale,7,322,15.6203
deferscale,7,323,15.9017
deferscale,7,324,15.17
deferscale,7,325,15.3702
deferscale,7,326,14.3463
deferscale,7,327,15.2586
deferscale,7,328,15.8646
deferscale,7,329,14.3277
deferscale,7,330,14.4234
deferscale,7,331,14.0698
deferscale,7,332,14.4425
deferscale,7,333,14.5804
deferscale,7,334,14.5682
deferscale,7,335,14.8362
deferscale,7,336,14.3908
deferscale,7,337,14.9193
deferscale,7,338,14.5816
deferscale,7,339,14.5362
deferscale,7,340,14.87
deferscale,7,341,14.425
deferscale,7,342,14.2601
deferscale,7,343,14.6599
deferscale,7,344,14.8312
deferscale,7,345,14.6507
deferscale,7,346,14.5875
deferscale,7,347,14.6135
deferscale,7,348,14.567
deferscale,7,349,14.49
deferscale,7,350,14.9136
deferscale,7,351,14.8325
deferscale,7,352,14.5208
deferscale,7,353,14.5618
deferscale,7,354,14.6587
deferscale,7,355,14.4664
deferscale,7,356,14.4284
deferscale,7,357,14.7831
deferscale,7,358,14.9738
deferscale,7,359,14.719
deferscale,7,360,14.9659
deferscale,7,361,14.8806
deferscale,7,362,15.7397
deferscale,7,363,15.6865
deferscale,7,364,15.2193
deferscale,7,365,15.2387
deferscale,7,366,15.363
deferscale,7,367,15.8103
deferscale,7,368,15.6888
deferscale,7,369,15.6587
deferscale,7,370,15.128
deferscale,7,371,15.6026
deferscale,7,372,15.2748
deferscale,7,373,15.258
deferscale,7,374,15.5223
deferscale,7,375,15.2949
deferscale,7,376,15.8287
deferscale,7,377,15.2719
deferscale,7,378,15.6353
deferscale,7,379,14.9415
deferscale,7,380,14.9747
deferscale,7,381,15.0789
deferscale,7,382,15.7192
deferscale,7,383,15.7359
deferscale,7,384,15.7118
deferscale,7,385,15.5405
deferscale,7,386,15.1694
deferscale,7,387,15.3305
deferscale,7,388,15.3281
deferscale,7,389,14.9548
deferscale,7,390,15.4009
deferscale,7,391,15.1904
deferscale,7,392,15.9076
deferscale,7,393,15.3186
deferscale,7,394,15.5621
deferscale,7,395,15.9002
deferscale,7,396,15.319
deferscale,7,397,15.3023
deferscale,7,398,15.6749
deferscale,7,399,15.7359
deferscale,7,400,15.9012
deferscale,7,401,15.8599
deferscale,7,402,16.0434
deferscale,7,403,15.8862
deferscale,7,404,15.9711
deferscale,7,405,16.2102
deferscale,7,406,16.129
deferscale,7,407,16.1327
deferscale,7,408,15.4799
deferscale,7,409,15.318
deferscale,7,410,15.2756
deferscale,7,411,15.4866
deferscale,7,412,15.831
deferscale,7,413,16.1942
deferscale,7,414,15.9133
deferscale,7,415,15.8999
deferscale,7,416,15.9468
deferscale,7,417,16.2137
deferscale,7,418,15.8559
deferscale,7,419,16.1129
deferscale,7,420,15.6402
deferscale,7,421,16.7206
deferscale,7,422,15.9217
deferscale,7,423,15.586
deferscale,7,424,16.1669
deferscale,7,425,15.7666
deferscale,7,426,15.7163
deferscale,7,427,15.7606
deferscale,7,428,15.8715
deferscale,7,429,15.9931
deferscale,7,430,15.9041
deferscale,7,431,15.6021
deferscale,7,432,15.9741
deferscale,7,433,15.8827
deferscale,7,434,15.8042
deferscale,7,435,16.2204
deferscale,7,436,16.0038
deferscale,7,437,16.0242
deferscale,7,438,15.8547
deferscale,7,439,16.1435
deferscale,7,440,16.086
deferscale,7,441,16.0502
deferscale,7,442,16.1577
deferscale,7,443,16.1312
deferscale,7,444,16.1559
deferscale,7,445,16.2769
deferscale,7,446,16.373
deferscale,7,447,16.3097
deferscale,7,448,15.9947
deferscale,7,449,16.2587
deferscale,7,450,16.2768
deferscale,7,451,15.9049
deferscale,7,452,16.2558
deferscale,7,453,16.1434
deferscale,7,454,16.3873
deferscale,7,455,16.658
deferscale,7,456,16.4599
deferscale,7,457,16.0755
deferscale,7,458,16.4981
deferscale,7,459,16.1468
deferscale,7,460,16.6533
deferscale,7,461,16.1838
deferscale,7,462,16.2802
deferscale,7,463,15.9607
deferscale,7,464,16.1514
deferscale,7,465,16.6862
deferscale,7,466,16.16
deferscale,7,467,16.42
deferscale,7,468,16.5245
deferscale,7,469,16.3574
deferscale,7,470,16.3387
deferscale,7,471,16.043
deferscale,7,472,16.9383
deferscale,7,473,16.8672
deferscale,7,474,16.5891
deferscale,7,475,17.3479
deferscale,7,476,16.8016
deferscale,7,477,16.9742
deferscale,7,478,16.9076
deferscale,7,479,17.1241
deferscale,7,480,16.7647
deferscale,7,481,17.0695
deferscale,7,482,16.8871
deferscale,7,483,16.888
deferscale,7,484,17.21
deferscale,7,485,16.9706
deferscale,7,486,16.8581
deferscale,7,487,17.1847
deferscale,7,488,16.8734
deferscale,7,489,17.1909
deferscale,7,490,16.9792
deferscale,7,491,17.0722
deferscale,7,492,17.0459
deferscale,7,493,16.9117
deferscale,7,494,17.1686
deferscale,7,495,16.919
deferscale,7,496,16.5308
deferscale,7,497,17.1602
deferscale,7,498,17.2505
deferscale,7,499,16.8932
deferscale,7,500,17.0336
deferscale,7,501,16.8041
deferscale,7,502,17.0218
deferscale,7,503,17.2713
deferscale,7,504,17.1581
deferscale,7,505,17.0682
deferscale,7,506,16.9005
deferscale,7,507,17.3989
deferscale,7,508,16.5144
deferscale,7,509,16.4665
deferscale,7,510,16.6211
deferscale,7,511,16.7311
deferscale,7,512,16.9385
deferscale,7,513,17.0191
deferscale,7,514,16.6075
deferscale,7,515,16.7952
deferscale,7,516,16.9609
deferscale,7,517,16.4472
deferscale,7,518,16.5213
deferscale,7,519,17.0148
deferscale,7,520,16.8422
deferscale,7,521,16.845
deferscale,7,522,16.9776
deferscale,7,523,16.8823
deferscale,7,524,16.7995
deferscale,7,525,16.9447
deferscale,7,526,16.8809
deferscale,7,527,16.818
deferscale,7,528,17.0652
deferscale,7,529,16.8183
deferscale,7,530,17.0331
deferscale,7,531,16.7951
deferscale,7,532,17.2579
deferscale,7,533,17.1051
deferscale,7,534,16.7279
deferscale,7,535,16.4524
deferscale,7,536,16.7199
deferscale,7,537,16.5128
deferscale,7,538,17.262
deferscale,7,539,16.789
deferscale,7,540,16.8145
deferscale,7,541,16.5637
deferscale,7,542,17.1119
deferscale,7,543,17.9556
deferscale,7,544,15.9929
deferscale,7,545,16.5505
deferscale,7,546,16.7941
deferscale,7,547,16.5422
deferscale,7,548,16.5635
deferscale,7,549,16.7507
deferscale,7,550,16.7233
deferscale,7,551,16.7483
deferscale,7,552,16.2898
deferscale,7,553,16.2551
deferscale,7,554,16.5422
deferscale,7,555,16.7153
deferscale,7,556,16.5497
deferscale,7,557,16.5131
deferscale,7,558,17.5794
deferscale,7,559,17.0836
deferscale,7,560,17.3246
deferscale,7,561,17.0041
deferscale,7,562,17.1579
deferscale,7,563,16.5384
deferscale,7,564,17.014
deferscale,7,565,16.9537
deferscale,7,566,16.623
deferscale,7,567,16.8617
deferscale,7,568,17.0763
deferscale,7,569,16.7356
deferscale,7,570,17.0649
deferscale,7,571,16.8457
deferscale,7,572,16.6609
deferscale,7,573,16.9904
deferscale,7,574,18.8488
deferscale,7,575,21.942
deferscale,7,576,20.4042
deferscale,7,577,17.9063
deferscale,7,578,16.9179
deferscale,7,579,16.9845
deferscale,7,580,16.2985
deferscale,7,581,16.8765
deferscale,7,582,17.157
deferscale,7,583,17.0346
deferscale,7,584,17.0631
deferscale,7,585,17.1373
deferscale,7,586,17.4193
deferscale,7,587,16.7715
deferscale,7,588,16.9007
deferscale,7,589,17.0128
deferscale,7,590,16.4556
deferscale,7,591,16.7217
deferscale,7,592,17.2726
deferscale,7,593,17.1306
deferscale,7,594,16.9577
deferscale,7,595,16.6614
deferscale,7,596,17.1427
deferscale,7,597,17.7355
deferscale,7,598,17.3769
deferscale,7,599,17.0172
deferscale,8,0,59.9913
deferscale,8,1,11.5886
deferscale,8,2,11.6814
deferscale,8,3,11.3319
deferscale,8,4,11.2273
deferscale,8,5,11.2707
deferscale,8,6,11.1321
deferscale,8,7,11.3484
deferscale,8,8,11.509
deferscale,8,9,11.1776
deferscale,8,10,11.4802
deferscale,8,11,11.4325
deferscale,8,12,11.5388
deferscale,8,13,11.464
deferscale,8,14,11.3721
deferscale,8,15,11.6118
deferscale,8,16,11.5317
deferscale,8,17,11.3375
deferscale,8,18,11.7333
deferscale,8,19,11.5826
deferscale,8,20,11.8737
deferscale,8,21,11.622
deferscale,8,22,12.0654
deferscale,8,23,11.4481
deferscale,8,24,11.5854
deferscale,8,25,11.8482
deferscale,8,26,11.6803
deferscale,8,27,11.6374
deferscale,8,28,11.5752
deferscale,8,29,11.6305
deferscale,8,30,11.5085
deferscale,8,31,11.3174
deferscale,8,32,11.4866
deferscale,8,33,11.3883
deferscale,8,34,11.8977
deferscale,8,35,11.5582
deferscale,8,36,11.6832
deferscale,8,37,11.7963
deferscale,8,38,11.6085
deferscale,8,39,11.6646
deferscale,8,40,11.7897
deferscale,8,41,12.0725
deferscale,8,42,11.9435
deferscale,8,43,12.0965
deferscale,8,44,12.301
deferscale,8,45,11.9621
deferscale,8,46,11.9951
deferscale,8,47,12.0387
deferscale,8,48,11.6734
deferscale,8,49,11.7624
deferscale,8,50,11.8334
deferscale,8,51,12.185
deferscale,8,52,11.8302
deferscale,8,53,11.7591
deferscale,8,54,12.0986
deferscale,8,55,11.6282
deferscale,8,56,11.7451
deferscale,8,57,11.862
deferscale,8,58,12.0007
deferscale,8,59,11.9196
deferscale,8,60,11.7977
deferscale,8,61,11.9377
deferscale,8,62,12.1086
deferscale,8,63,12.1034
deferscale,8,64,11.9134
deferscale,8,65,12.1645
deferscale,8,66,12.3064
deferscale,8,67,12.0193
deferscale,8,68,11.9627
deferscale,8,69,12.517
deferscale,8,70,12.1521
deferscale,8,71,12.0469
deferscale,8,72,12.483
deferscale,8,73,11.9513
deferscale,8,74,12.3307
deferscale,8,75,11.9247
deferscale,8,76,12.0115
deferscale,8,77,12.0315
deferscale,8,78,12.0808
deferscale,8,79,12.2572
deferscale,8,80,12.1393
deferscale,8,81,12.0723
deferscale,8,82,11.9969
deferscale,8,83,11.8369
deferscale,8,84,12.576
deferscale,8,85,12.3048
deferscale,8,86,11.7282
deferscale,8,87,12.113
deferscale,8,88,12.4255
deferscale,8,89,12.2227
deferscale,8,90,12.0957
deferscale,8,91,12.3629
deferscale,8,92,11.9243
deferscale,8,93,11.9927
deferscale,8,94,12.1522
deferscale,8,95,11.8265
deferscale,8,96,12.0165
deferscale,8,97,11.9465
deferscale,8,98,12.3393
deferscale,8,99,12.6066
deferscale,8,100,12.9993
deferscale,8,101,12.1078
deferscale,8,102,12.2505
deferscale,8,103,12.4297
deferscale,8,104,12.2681
deferscale,8,105,12.0377
deferscale,8,106,12.6061
deferscale,8,107,12.7677
deferscale,8,108,12.8351
deferscale,8,109,12.2195
deferscale,8,110,12.9135
deferscale,8,111,12.6895
deferscale,8,112,12.9895
deferscale,8,113,12.7622
deferscale,8,114,12.9812
deferscale,8,115,12.7999
deferscale,8,116,12.4379
deferscale,8,117,12.7268
deferscale,8,118,12.4827
deferscale,8,119,12.9526
deferscale,8,120,12.9111
deferscale,8,121,12.8633
deferscale,8,122,12.6647
deferscale,8,123,13.2372
deferscale,8,124,12.7324
deferscale,8,125,12.649
deferscale,8,126,12.5602
deferscale,8,127,12.6773
deferscale,8,128,12.9797
deferscale,8,129,12.9316
deferscale,8,130,12.4667
deferscale,8,131,12.8427
deferscale,8,132,12.7582
deferscale,8,133,12.9718
deferscale,8,134,13.039
deferscale,8,135,12.8634
deferscale,8,136,12.5046
deferscale,8,137,12.2583
deferscale,8,138,12.4544
deferscale,8,139,13.0236
deferscale,8,140,12.9095
deferscale,8,141,13.0757
deferscale,8,142,12.3296
deferscale,8,143,12.7202
deferscale,8,144,12.8483
deferscale,8,145,12.8
deferscale,8,146,12.8618
deferscale,8,147,13.472
deferscale,8,148,12.774
deferscale,8,149,13.1428
deferscale,8,150,12.9568
deferscale,8,151,13.4652
deferscale,8,152,13.4239
deferscale,8,153,13.1286
deferscale,8,154,13.034
deferscale,8,155,13.5142
deferscale,8,156,13.5105
deferscale,8,157,13.2852
deferscale,8,158,12.9561
deferscale,8,159,13.2324
deferscale,8,160,13.0541
deferscale,8,161,13.2108
deferscale,8,162,13.3915
deferscale,8,163,13.4723
deferscale,8,164,13.5021
deferscale,8,165,12.8981
deferscale,8,166,12.8535
deferscale,8,167,13.4753
deferscale,8,168,13.4671
deferscale,8,169,13.4949
deferscale,8,170,13.6084
deferscale,8,171,12.5756
deferscale,8,172,13.632
deferscale,8,173,13.3985
deferscale,8,174,13.1574
deferscale,8,175,13.0368
deferscale,8,176,14.213
deferscale,8,177,13.5759
deferscale,8,178,14.3845
deferscale,8,179,14.7502
deferscale,8,180,13.42
deferscale,8,181,13.7607
deferscale,8,182,13.261
deferscale,8,183,13.3842
deferscale,8,184,13.0803
deferscale,8,185,13.8889
deferscale,8,186,13.5642
deferscale,8,187,13.4536
deferscale,8,188,13.2261
deferscale,8,189,13.6571
deferscale,8,190,13.5707
deferscale,8,191,13.6368
deferscale,8,192,13.7622
deferscale,8,193,13.9792
deferscale,8,194,13.303
deferscale,8,195,13.3097
deferscale,8,196,13.2413
deferscale,8,197,13.4171
deferscale,8,198,13.2618
deferscale,8,199,13.7373
deferscale,8,200,13.6147
deferscale,8,201,13.3725
deferscale,8,202,13.2988
deferscale,8,203,13.6981
deferscale,8,204,13.9224
deferscale,8,205,13.4282
deferscale,8,206,13.7313
deferscale,8,207,13.6616
deferscale,8,208,13.7056
deferscale,8,209,13.6882
deferscale,8,210,13.6935
deferscale,8,211,13.3077
deferscale,8,212,13.0036
deferscale,8,213,12.9213
deferscale,8,214,13.8023
deferscale,8,215,13.669
deferscale,8,216,13.5529
deferscale,8,217,13.9651
deferscale,8,218,13.8099
deferscale,8,219,13.8182
deferscale,8,220,13.7606
deferscale,8,221,13.7999
deferscale,8,222,13.6291
deferscale,8,223,13.7104
deferscale,8,224,13.8259
deferscale,8,225,13.8625
deferscale,8,226,13.6668
deferscale,8,227,13.7822
deferscale,8,228,14.3622
deferscale,8,229,13.3253
deferscale,8,230,13.6259
deferscale,8,231,13.335
deferscale,8,232,13.3101
deferscale,8,233,13.3264
deferscale,8,234,13.6109
deferscale,8,235,13.2081
deferscale,8,236,14.0791
deferscale,8,237,14.021
deferscale,8,238,14.1276
deferscale,8,239,13.8203
deferscale,8,240,13.8824
deferscale,8,241,13.7765
deferscale,8,242,13.9021
deferscale,8,243,13.608
deferscale,8,244,13.5785
deferscale,8,245,13.7909
deferscale,8,246,14.1267
deferscale,8,247,14.2339
deferscale,8,248,13.9571
deferscale,8,249,13.9007
deferscale,8,250,14.2383
deferscale,8,251,14.0763
deferscale,8,252,14.2427
deferscale,8,253,14.454
deferscale,8,254,13.7375
deferscale,8,255,14.025
deferscale,8,256,13.9483
deferscale,8,257,14.125
deferscale,8,258,14.1435
deferscale,8,259,13.9947
deferscale,8,260,14.1979
deferscale,8,261,13.8585
deferscale,8,262,14.0296
deferscale,8,263,14.61
deferscale,8,264,14.2076
deferscale,8,265,14.1929
deferscale,8,266,14.0769
deferscale,8,267,14.1338
deferscale,8,268,14.1049
deferscale,8,269,14.1191
deferscale,8,270,13.8405
deferscale,8,271,14.2474
deferscale,8,272,14.3728
deferscale,8,273,14.0115
deferscale,8,274,14.096
deferscale,8,275,14.1738
deferscale,8,276,14.2003
deferscale,8,277,14.0236
deferscale,8,278,14.3687
deferscale,8,279,14.1916
deferscale,8,280,14.1366
deferscale,8,281,14.3604
deferscale,8,282,14.6452
deferscale,8,283,14.6255
deferscale,8,284,14.5524
deferscale,8,285,14.537
deferscale,8,286,14.2774
deferscale,8,287,14.1139
deferscale,8,288,14.4022
deferscale,8,289,14.662
deferscale,8,290,14.4412
deferscale,8,291,14.5525
deferscale,8,292,14.4228
deferscale,8,293,14.6442
deferscale,8,294,14.408
deferscale,8,295,14.1996
deferscale,8,296,14.9263
deferscale,8,297,14.5266
deferscale,8,298,14.5371
deferscale,8,299,14.5112
deferscale,8,300,14.4015
deferscale,8,301,14.4012
deferscale,8,302,14.5319
deferscale,8,303,14.4253
deferscale,8,304,14.3803
deferscale,8,305,14.4369
deferscale,8,306,14.6431
deferscale,8,307,14.0857
deferscale,8,308,14.5504
deferscale,8,309,14.4903
deferscale,8,310,14.5106
deferscale,8,311,14.5125
deferscale,8,312,14.8135
deferscale,8,313,14.5222
deferscale,8,314,14.765
deferscale,8,315,14.7973
deferscale,8,316,14.9312
deferscale,8,317,14.7097
deferscale,8,318,14.5514
deferscale,8,319,14.171
deferscale,8,320,14.1536
deferscale,8,321,14.4969
deferscale,8,322,14.2872
deferscale,8,323,14.6439
deferscale,8,324,14.8013
deferscale,8,325,14.8734
deferscale,8,326,14.8302
deferscale,8,327,15.0021
deferscale,8,328,14.7377
deferscale,8,329,14.572
deferscale,8,330,15.0714
deferscale,8,331,14.846
deferscale,8,332,14.6414
deferscale,8,333,14.835
deferscale,8,334,14.5506
deferscale,8,335,15.1113
deferscale,8,336,14.8378
deferscale,8,337,14.964
deferscale,8,338,14.8557
deferscale,8,339,14.6192
deferscale,8,340,14.5455
deferscale,8,341,15.1238
deferscale,8,342,14.9757
deferscale,8,343,14.9636
deferscale,8,344,15.1411
deferscale,8,345,15.274
deferscale,8,346,15.2781
deferscale,8,347,14.7705
deferscale,8,348,14.866
deferscale,8,349,15.2137
deferscale,8,350,15.1324
deferscale,8,351,15.0488
deferscale,8,352,14.8526
deferscale,8,353,15.1598
deferscale,8,354,15.195
deferscale,8,355,15.0954
deferscale,8,356,14.6874
deferscale,8,357,14.4987
deferscale,8,358,15.3483
deferscale,8,359,14.9167
deferscale,8,360,15.5237
deferscale,8,361,15.3442
deferscale,8,362,15.066
deferscale,8,363,15.3098
deferscale,8,364,15.3982
deferscale,8,365,15.0787
deferscale,8,366,14.9507
deferscale,8,367,15.1516
deferscale,8,368,15.6388
deferscale,8,369,15.2035
deferscale,8,370,15.3332
deferscale,8,371,15.3514
deferscale,8,372,15.6491
deferscale,8,373,15.4681
deferscale,8,374,15.4234
deferscale,8,375,15.4161
deferscale,8,376,15.5877
deferscale,8,377,15.521
deferscale,8,378,15.5852
deferscale,8,379,15.5359
deferscale,8,380,15.4317
deferscale,8,381,15.5804
deferscale,8,382,15.559
deferscale,8,383,15.4127
deferscale,8,384,15.2119
deferscale,8,385,15.3745
deferscale,8,386,15.7124
deferscale,8,387,15.4435
deferscale,8,388,15.5749
deferscale,8,389,15.5653
deferscale,8,390,15.3833
deferscale,8,391,15.2933
deferscale,8,392,15.6462
deferscale,8,393,15.822
deferscale,8,394,15.5993
deferscale,8,395,15.543
deferscale,8,396,15.4393
deferscale,8,397,15.6889
deferscale,8,398,15.3537
deferscale,8,399,15.6064
deferscale,8,400,15.6128
deferscale,8,401,15.675
deferscale,8,402,15.3588
deferscale,8,403,15.5616
deferscale,8,404,15.4838
deferscale,8,405,15.697
deferscale,8,406,15.301
deferscale,8,407,15.8242
deferscale,8,408,15.6357
deferscale,8,409,15.8528
deferscale,8,410,15.6963
deferscale,8,411,15.7057
deferscale,8,412,15.5517
deferscale,8,413,15.527
deferscale,8,414,15.647
deferscale,8,415,15.6161
deferscale,8,416,15.3706
deferscale,8,417,15.5643
deferscale,8,418,15.4774
deferscale,8,419,15.801
deferscale,8,420,15.3866
deferscale,8,421,15.745
deferscale,8,422,15.7401
deferscale,8,423,15.6961
deferscale,8,424,15.8458
deferscale,8,425,15.852
deferscale,8,426,15.9607
deferscale,8,427,15.6867
deferscale,8,428,16.1825
deferscale,8,429,16.1825
deferscale,8,430,15.9586
deferscale,8,431,15.7796
deferscale,8,432,16.1444
deferscale,8,433,15.7598
deferscale,8,434,15.9446
deferscale,8,435,15.8268
deferscale,8,436,15.9212
deferscale,8,437,15.832
deferscale,8,438,15.9037
deferscale,8,439,15.9336
deferscale,8,440,16.2393
deferscale,8,441,16.0084
deferscale,8,442,15.7416
deferscale,8,443,15.9619
deferscale,8,444,16.1362
deferscale,8,445,16.0791
deferscale,8,446,16.1417
deferscale,8,447,16.0116
deferscale,8,448,16.4163
deferscale,8,449,16.1865
deferscale,8,450,16.1648
deferscale,8,451,16.1916
deferscale,8,452,16.3796
deferscale,8,453,16.2825
deferscale,8,454,16.2653
deferscale,8,455,16.206
deferscale,8,456,16.2127
deferscale,8,457,16.4888
deferscale,8,458,16.1692
deferscale,8,459,16.0323
deferscale,8,460,16.1401
deferscale,8,461,16.4134
deferscale,8,462,16.5332
deferscale,8,463,16.3753
deferscale,8,464,16.2661
deferscale,8,465,16.3675
deferscale,8,466,16.505
deferscale,8,467,16.2123
deferscale,8,468,16.3411
deferscale,8,469,16.3706
deferscale,8,470,16.1843
deferscale,8,471,15.7785
deferscale,8,472,16.7156
deferscale,8,473,16.8615
deferscale,8,474,16.8822
deferscale,8,475,16.9135
deferscale,8,476,16.8912
deferscale,8,477,16.8758
deferscale,8,478,17.009
deferscale,8,479,16.7677
deferscale,8,480,16.7844
deferscale,8,481,17.04
deferscale,8,482,16.7153
deferscale,8,483,17.1166
deferscale,8,484,16.9463
deferscale,8,485,16.8441
deferscale,8,486,16.727
deferscale,8,487,16.7285
deferscale,8,488,16.5479
deferscale,8,489,16.2529
deferscale,8,490,16.9414
deferscale,8,491,16.909
deferscale,8,492,16.9814
deferscale,8,493,17.1828
deferscale,8,494,16.8867
deferscale,8,495,17.0304
deferscale,8,496,17.0496
deferscale,8,497,16.7859
deferscale,8,498,16.893
deferscale,8,499,17.0781
deferscale,8,500,17.2099
deferscale,8,501,17.3636
deferscale,8,502,17.9383
deferscale,8,503,17.0089
deferscale,8,504,16.8608
deferscale,8,505,16.8777
deferscale,8,506,16.903
deferscale,8,507,16.9376
deferscale,8,508,16.6333
deferscale,8,509,16.6777
deferscale,8,510,16.7432
deferscale,8,511,16.9588
deferscale,8,512,17.0111
deferscale,8,513,16.6724
deferscale,8,514,17.1202
deferscale,8,515,17.0791
deferscale,8,516,17.0797
deferscale,8,517,16.9596
deferscale,8,518,16.727
deferscale,8,519,16.8775
deferscale,8,520,17.2019
deferscale,8,521,16.906
deferscale,8,522,16.861
deferscale,8,523,17.1013
deferscale,8,524,17.4491
deferscale,8,525,16.9987
deferscale,8,526,16.8806
deferscale,8,527,16.9237
deferscale,8,528,16.9696
deferscale,8,529,17.0523
deferscale,8,530,16.8703
deferscale,8,531,17.0525
deferscale,8,532,17.3
deferscale,8,533,17.0901
deferscale,8,534,17.0427
deferscale,8,535,16.8431
deferscale,8,536,17.1019
deferscale,8,537,16.9439
deferscale,8,538,16.8265
deferscale,8,539,16.4798
deferscale,8,540,17.1333
deferscale,8,541,16.617
deferscale,8,542,16.7326
deferscale,8,543,16.6963
deferscale,8,544,17.1258
deferscale,8,545,17.078
deferscale,8,546,17.263
deferscale,8,547,17.1794
deferscale,8,548,17.1092
deferscale,8,549,16.8481
deferscale,8,550,16.9666
deferscale,8,551,16.9777
deferscale,8,552,17.1068
deferscale,8,553,16.8841
deferscale,8,554,16.8144
deferscale,8,555,17.0336
deferscale,8,556,16.6767
deferscale,8,557,16.8098
deferscale,8,558,16.9749
deferscale,8,559,16.8382
deferscale,8,560,16.8394
deferscale,8,561,17.1167
deferscale,8,562,16.8941
deferscale,8,563,16.8435
deferscale,8,564,16.9159
deferscale,8,565,17.2898
deferscale,8,566,17.1225
deferscale,8,567,17.1101
deferscale,8,568,17.1097
deferscale,8,569,16.574
deferscale,8,570,16.7111
deferscale,8,571,16.9259
deferscale,8,572,16.9752
deferscale,8,573,17.0878
deferscale,8,574,17.1695
deferscale,8,575,16.9468
deferscale,8,576,16.9623
deferscale,8,577,16.9897
deferscale,8,578,16.4908
deferscale,8,579,17.0544
deferscale,8,580,17.107
deferscale,8,581,16.8658
deferscale,8,582,17.1167
deferscale,8,583,16.9241
deferscale,8,584,16.9725
deferscale,8,585,16.9043
deferscale,8,586,17.1217
deferscale,8,587,16.8985
deferscale,8,588,17.2083
deferscale,8,589,17.0574
deferscale,8,590,17.1708
deferscale,8,591,16.9065
deferscale,8,592,16.811
deferscale,8,593,16.9148
deferscale,8,594,17.2505
deferscale,8,595,17.0861
deferscale,8,596,17.0502
deferscale,8,597,16.7798
deferscale,8,598,17.0434
deferscale,8,599,17.0267
interleaved,8,0,58.4863
interleaved,8,1,11.1263
interleaved,8,2,11.5301
interleaved,8,3,11.1455
interleaved,8,4,11.1618
interleaved,8,5,11.4168
interleaved,8,6,11.5636
interleaved,8,7,11.4055
interleaved,8,8,11.1962
interleaved,8,9,11.5245
interleaved,8,10,11.2596
interleaved,8,11,11.2815
interleaved,8,12,11.5441
interleaved,8,13,11.3395
interleaved,8,14,11.1725
interleaved,8,15,11.693
interleaved,8,16,11.8087
interleaved,8,17,11.5982
interleaved,8,18,11.225
interleaved,8,19,11.4251
interleaved,8,20,11.5818
interleaved,8,21,11.5553
interleaved,8,22,11.5295
interleaved,8,23,11.4734
interleaved,8,24,11.4248
interleaved,8,25,11.8859
interleaved,8,26,11.401
interleaved,8,27,12.2067
interleaved,8,28,11.3737
interleaved,8,29,11.5929
interleaved,8,30,11.3732
interleaved,8,31,11.7858
interleaved,8,32,11.7737
interleaved,8,33,11.4929
interleaved,8,34,11.5074
interleaved,8,35,11.6114
interleaved,8,36,11.8338
interleaved,8,37,11.5243
interleaved,8,38,11.8124
interleaved,8,39,11.9671
interleaved,8,40,11.9448
interleaved,8,41,11.84
interleaved,8,42,11.5045
interleaved,8,43,11.7045
interleaved,8,44,11.8094
interleaved,8,45,12.01
interleaved,8,46,12.1
interleaved,8,47,11.9862
interleaved,8,48,11.5477
interleaved,8,49,11.5425
interleaved,8,50,11.8306
interleaved,8,51,12.017
interleaved,8,52,11.8029
interleaved,8,53,11.7872
interleaved,8,54,11.5799
interleaved,8,55,11.685
interleaved,8,56,12.1071
interleaved,8,57,12.0959
interleaved,8,58,11.8324
interleaved,8,59,12.2193
interleaved,8,60,11.8201
interleaved,8,61,12.0198
interleaved,8,62,12.3551
interleaved,8,63,11.6483
interleaved,8,64,11.3376
interleaved,8,65,11.7597
interleaved,8,66,11.5573
interleaved,8,67,11.4539
interleaved,8,68,11.5264
interleaved,8,69,12.3411
interleaved,8,70,12.1723
interleaved,8,71,12.0073
interleaved,8,72,11.9207
interleaved,8,73,11.8773
interleaved,8,74,11.9348
interleaved,8,75,12.2369
interleaved,8,76,11.8863
interleaved,8,77,12.3263
interleaved,8,78,12.0567
interleaved,8,79,12.0045
interleaved,8,80,11.7929
interleaved,8,81,11.5712
interleaved,8,82,11.8377
interleaved,8,83,12.4419
interleaved,8,84,12.3398
interleaved,8,85,12.1166
interleaved,8,86,12.3798
interleaved,8,87,12.4465
interleaved,8,88,12.1975
interleaved,8,89,12.1994
interleaved,8,90,12.0516
interleaved,8,91,12.3031
interleaved,8,92,12.7365
interleaved,8,93,12.5393
interleaved,8,94,12.454
interleaved,8,95,12.2097
interleaved,8,96,12.3814
interleaved,8,97,12.3099
interleaved,8,98,12.4479
interleaved,8,99,12.2713
interleaved,8,100,12.0274
interleaved,8,101,11.9704
interleaved,8,102,12.0825
interleaved,8,103,12.4026
interleaved,8,104,12.4871
interleaved,8,105,12.533
interleaved,8,106,12.6873
interleaved,8,107,12.4288
interleaved,8,108,11.4622
interleaved,8,109,12.4184
interleaved,8,110,12.8796
interleaved,8,111,12.6687
interleaved,8,112,12.442
interleaved,8,113,12.5412
interleaved,8,114,12.876
interleaved,8,115,12.5252
interleaved,8,116,12.743
interleaved,8,117,12.7527
interleaved,8,118,12.7034
interleaved,8,119,12.722
interleaved,8,120,12.8155
interleaved,8,121,12.5493
interleaved,8,122,12.8611
interleaved,8,123,12.5796
interleaved,8,124,12.9206
interleaved,8,125,12.5291
interleaved,8,126,12.4751
interleaved,8,127,12.7482
interleaved,8,128,12.8566
interleaved,8,129,12.82
interleaved,8,130,12.6497
interleaved,8,131,12.6725
interleaved,8,132,12.8313
interleaved,8,133,12.6205
interleaved,8,134,12.54
interleaved,8,135,12.6362
interleaved,8,136,12.8908
interleaved,8,137,13.0954
interleaved,8,138,12.673
interleaved,8,139,12.4752
interleaved,8,140,12.8831
interleaved,8,141,12.6609
interleaved,8,142,12.5439
interleaved,8,143,13.2131
interleaved,8,144,13.0497
interleaved,8,145,12.7185
interleaved,8,146,12.7786
interleaved,8,147,12.9906
interleaved,8,148,12.7456
interleaved,8,149,12.906
interleaved,8,150,12.8997
interleaved,8,151,13.0654
interleaved,8,152,13.2207
interleaved,8,153,13.0852
interleaved,8,154,12.846
interleaved,8,155,12.996
interleaved,8,156,12.6808
interleaved,8,157,12.8576
interleaved,8,158,13.0452
interleaved,8,159,13.1087
interleaved,8,160,12.7632
interleaved,8,161,12.9859
interleaved,8,162,12.9912
interleaved,8,163,13.3507
interleaved,8,164,12.7183
interleaved,8,165,13.0048
interleaved,8,166,13.0814
interleaved,8,167,13.0746
interleaved,8,168,12.7971
interleaved,8,169,13.1654
interleaved,8,170,13.2109
interleaved,8,171,13.0935
interleaved,8,172,13.1261
interleaved,8,173,13.5063
interleaved,8,174,13.2903
interleaved,8,175,13.1977
interleaved,8,176,13.0024
interleaved,8,177,12.9631
interleaved,8,178,13.2543
interleaved,8,179,13.2059
interleaved,8,180,13.6264
interleaved,8,181,13.4254
interleaved,8,182,13.034
interleaved,8,183,13.1132
interleaved,8,184,13.3903
interleaved,8,185,13.4987
interleaved,8,186,13.3704
interleaved,8,187,12.97
interleaved,8,188,13.9392
interleaved,8,189,14.0204
interleaved,8,190,13.2356
interleaved,8,191,13.6036
interleaved,8,192,13.1619
interleaved,8,193,12.7227
interleaved,8,194,13.6721
interleaved,8,195,13.2108
interleaved,8,196,13.3898
interleaved,8,197,13.3325
interleaved,8,198,13.6452
interleaved,8,199,13.2985
interleaved,8,200,13.4747
interleaved,8,201,13.3803
interleaved,8,202,13.4423
interleaved,8,203,13.6231
interleaved,8,204,13.346
interleaved,8,205,13.7016
interleaved,8,206,13.7027
interleaved,8,207,13.472
interleaved,8,208,13.2519
interleaved,8,209,14.1525
interleaved,8,210,13.5407
interleaved,8,211,13.3243
interleaved,8,212,13.6007
interleaved,8,213,13.6776
interleaved,8,214,13.915
interleaved,8,215,13.8515
interleaved,8,216,13.5176
interleaved,8,217,13.6426
interleaved,8,218,14.1164
interleaved,8,219,13.525
interleaved,8,220,13.8598
interleaved,8,221,13.4536
interleaved,8,222,13.6674
interleaved,8,223,13.7944
interleaved,8,224,13.7881
interleaved,8,225,13.4949
interleaved,8,226,13.5902
interleaved,8,227,13.6618
interleaved,8,228,13.612
interleaved,8,229,13.7274
interleaved,8,230,13.8639
interleaved,8,231,13.7224
interleaved,8,232,14.12
interleaved,8,233,14.1393
interleaved,8,234,13.8748
interleaved,8,235,13.5077
interleaved,8,236,13.7599
interleaved,8,237,13.5034
interleaved,8,238,13.9023
interleaved,8,239,13.6502
interleaved,8,240,13.6294
interleaved,8,241,14.0787
interleaved,8,242,14.0237
interleaved,8,243,14.4142
interleaved,8,244,13.8852
interleaved,8,245,13.793
interleaved,8,246,14.1155
interleaved,8,247,13.9441
interleaved,8,248,14.1113
interleaved,8,249,13.9001
interleaved,8,250,13.9924
interleaved,8,251,14.0216
interleaved,8,252,13.7764
interleaved,8,253,13.9133
interleaved,8,254,13.9177
interleaved,8,255,13.9666
interleaved,8,256,14.2811
interleaved,8,257,14.1601
interleaved,8,258,13.7337
interleaved,8,259,14.1668
interleaved,8,260,14.1425
interleaved,8,261,14.2529
interleaved,8,262,14.013
interleaved,8,263,14.0908
interleaved,8,264,14.205
interleaved,8,265,14.1607
interleaved,8,266,13.9159
interleaved,8,267,13.9411
interleaved,8,268,14.0013
interleaved,8,269,14.5484
interleaved,8,270,14.0491
interleaved,8,271,14.1528
interleaved,8,272,14.2864
interleaved,8,273,13.968
interleaved,8,274,14.4945
interleaved,8,275,14.2469
interleaved,8,276,14.4198
interleaved,8,277,14.0615
interleaved,8,278,13.8448
interleaved,8,279,14.013
interleaved,8,280,14.1295
interleaved,8,281,14.1948
interleaved,8,282,14.208
interleaved,8,283,14.4808
interleaved,8,284,14.5354
interleaved,8,285,14.2263
interleaved,8,286,14.3557
interleaved,8,287,14.5267
interleaved,8,288,14.433
interleaved,8,289,14.3196
interleaved,8,290,14.1417
interleaved,8,291,14.5774
interleaved,8,292,14.267
interleaved,8,293,14.355
interleaved,8,294,14.0963
interleaved,8,295,14.4678
interleaved,8,296,14.4878
interleaved,8,297,14.3349
interleaved,8,298,14.3485
interleaved,8,299,14.1123
interleaved,8,300,14.4686
interleaved,8,301,14.8498
interleaved,8,302,14.3331
interleaved,8,303,14.8282
interleaved,8,304,14.5411
interleaved,8,305,14.3084
interleaved,8,306,15.1643
interleaved,8,307,15.1395
interleaved,8,308,14.7992
interleaved,8,309,15.0775
interleaved,8,310,14.4885
interleaved,8,311,14.3697
interleaved,8,312,14.2112
interleaved,8,313,14.9812
interleaved,8,314,14.5601
interleaved,8,315,14.8195
interleaved,8,316,14.422
interleaved,8,317,14.2418
interleaved,8,318,14.8677
interleaved,8,319,14.5131
interleaved,8,320,14.9725
interleaved,8,321,14.48
interleaved,8,322,14.7434
interleaved,8,323,15.3767
interleaved,8,324,14.9495
interleaved,8,325,14.5455
interleaved,8,326,14.5631
interleaved,8,327,14.6237
interleaved,8,328,14.8426
interleaved,8,329,14.7297
interleaved,8,330,14.7588
interleaved,8,331,14.5014
interleaved,8,332,15.2388
interleaved,8,333,14.792
interleaved,8,334,14.99
interleaved,8,335,14.795
interleaved,8,336,14.7663
interleaved,8,337,14.7148
interleaved,8,338,14.9111
interleaved,8,339,14.7378
interleaved,8,340,14.7942
interleaved,8,341,15.0408
interleaved,8,342,14.9926
interleaved,8,343,14.6489
interleaved,8,344,14.4922
interleaved,8,345,14.3955
interleaved,8,346,15.0063
interleaved,8,347,14.6675
interleaved,8,348,14.8609
interleaved,8,349,15.4169
interleaved,8,350,15.0563
interleaved,8,351,15.0412
interleaved,8,352,15.0132
interleaved,8,353,15.1822
interleaved,8,354,14.9217
interleaved,8,355,15.0204
interleaved,8,356,15.1356
interleaved,8,357,15.0788
interleaved,8,358,15.0694
interleaved,8,359,15.005
interleaved,8,360,15.1017
interleaved,8,361,15.1985
interleaved,8,362,15.0263
interleaved,8,363,15.3316
interleaved,8,364,14.9767
interleaved,8,365,14.6095
interleaved,8,366,15.0057
interleaved,8,367,15.0878
interleaved,8,368,15.0474
interleaved,8,369,15.1655
interleaved,8,370,15.449
interleaved,8,371,15.5709
interleaved,8,372,15.0478
interleaved,8,373,15.1279
interleaved,8,374,14.423
interleaved,8,375,15.0896
interleaved,8,376,15.1388
interleaved,8,377,15.2827
interleaved,8,378,15.0646
interleaved,8,379,14.897
interleaved,8,380,14.3501
interleaved,8,381,15.1925
interleaved,8,382,15.5653
interleaved,8,383,15.2663
interleaved,8,384,15.5315
interleaved,8,385,15.6699
interleaved,8,386,15.2043
interleaved,8,387,15.2855
interleaved,8,388,15.3544
interleaved,8,389,15.9355
interleaved,8,390,15.4119
interleaved,8,391,15.6126
interleaved,8,392,15.542
interleaved,8,393,15.4298
interleaved,8,394,15.3045
interleaved,8,395,15.6775
interleaved,8,396,15.375
interleaved,8,397,15.185
interleaved,8,398,15.3126
interleaved,8,399,15.094
interleaved,8,400,15.5899
interleaved,8,401,15.4156
interleaved,8,402,15.9014
interleaved,8,403,15.7427
interleaved,8,404,15.6332
interleaved,8,405,15.4938
interleaved,8,406,15.6954
interleaved,8,407,15.6469
interleaved,8,408,15.6855
interleaved,8,409,15.6762
interleaved,8,410,15.6323
interleaved,8,411,15.3112
interleaved,8,412,15.6412
interleaved,8,413,15.5269
interleaved,8,414,15.6403
interleaved,8,415,15.566
interleaved,8,416,15.6589
interleaved,8,417,15.618
interleaved,8,418,15.7727
interleaved,8,419,16.1214
interleaved,8,420,15.4609
interleaved,8,421,16.05
interleaved,8,422,15.5675
interleaved,8,423,15.7215
interleaved,8,424,15.7388
interleaved,8,425,15.8129
interleaved,8,426,15.6723
interleaved,8,427,15.8314
interleaved,8,428,16.1403
interleaved,8,429,15.9141
interleaved,8,430,15.7642
interleaved,8,431,15.6907
interleaved,8,432,15.5855
interleaved,8,433,15.8533
interleaved,8,434,15.6277
interleaved,8,435,15.9979
interleaved,8,436,16.3797
interleaved,8,437,16.2465
interleaved,8,438,15.9432
interleaved,8,439,15.8545
interleaved,8,440,15.9754
interleaved,8,441,15.888
interleaved,8,442,15.8272
interleaved,8,443,15.9938
interleaved,8,444,15.8038
interleaved,8,445,15.436
interleaved,8,446,15.6505
interleaved,8,447,15.5604
interleaved,8,448,15.6999
interleaved,8,449,16.2127
interleaved,8,450,15.9081
interleaved,8,451,15.9652
interleaved,8,452,15.9975
interleaved,8,453,16.1148
interleaved,8,454,16.2718
interleaved,8,455,16.2362
interleaved,8,456,16.2811
interleaved,8,457,15.9118
interleaved,8,458,15.9924
interleaved,8,459,15.9245
interleaved,8,460,16.158
interleaved,8,461,16.2568
interleaved,8,462,16.1553
interleaved,8,463,16.4721
interleaved,8,464,16.084
interleaved,8,465,16.0383
interleaved,8,466,16.3447
interleaved,8,467,16.2718
interleaved,8,468,16.4638
interleaved,8,469,16.131
interleaved,8,470,16.3627
interleaved,8,471,15.9291
interleaved,8,472,16.791
interleaved,8,473,17.1053
interleaved,8,474,16.5345
interleaved,8,475,16.4295
interleaved,8,476,16.4936
interleaved,8,477,17.1475
interleaved,8,478,16.6116
interleaved,8,479,16.8219
interleaved,8,480,16.8621
interleaved,8,481,16.7969
interleaved,8,482,16.7688
interleaved,8,483,16.7655
interleaved,8,484,16.843
interleaved,8,485,16.853
interleaved,8,486,16.7285
interleaved,8,487,16.68
interleaved,8,488,16.711
interleaved,8,489,16.7293
interleaved,8,490,16.8768
interleaved,8,491,17.1881
interleaved,8,492,16.9651
interleaved,8,493,16.7482
interleaved,8,494,16.777
interleaved,8,495,17.204
interleaved,8,496,17.0592
interleaved,8,497,17.0054
interleaved,8,498,16.8616
interleaved,8,499,16.8152
interleaved,8,500,17.0097
interleaved,8,501,17.0381
interleaved,8,502,16.9432
interleaved,8,503,16.61
interleaved,8,504,16.5909
interleaved,8,505,16.809
interleaved,8,506,16.8875
interleaved,8,507,17.0196
interleaved,8,508,17.1457
interleaved,8,509,16.9105
interleaved,8,510,16.5366
interleaved,8,511,17.2206
interleaved,8,512,16.819
interleaved,8,513,16.9619
interleaved,8,514,16.464
interleaved,8,515,16.9951
interleaved,8,516,16.9187
interleaved,8,517,16.6064
interleaved,8,518,16.7157
interleaved,8,519,17.022
interleaved,8,520,16.8298
interleaved,8,521,16.9838
interleaved,8,522,16.8202
interleaved,8,523,16.5979
interleaved,8,524,16.6699
interleaved,8,525,16.885
interleaved,8,526,17.2925
interleaved,8,527,16.7213
interleaved,8,528,16.4556
interleaved,8,529,16.7995
interleaved,8,530,17.017
interleaved,8,531,16.8554
interleaved,8,532,17.1435
interleaved,8,533,16.7873
interleaved,8,534,16.9262
interleaved,8,535,16.9847
interleaved,8,536,16.9508
interleaved,8,537,16.8687
interleaved,8,538,15.917
interleaved,8,539,16.8146
interleaved,8,540,16.6938
interleaved,8,541,16.8809
interleaved,8,542,16.7812
interleaved,8,543,16.7078
interleaved,8,544,16.8199
interleaved,8,545,17.2499
interleaved,8,546,16.7835
interleaved,8,547,16.5143
interleaved,8,548,16.4963
interleaved,8,549,16.6846
interleaved,8,550,16.5613
interleaved,8,551,16.9609
interleaved,8,552,16.8887
interleaved,8,553,17.4008
interleaved,8,554,17.2695
interleaved,8,555,16.5079
interleaved,8,556,17.0307
interleaved,9,0,59.4336
interleaved,9,1,11.5934
interleaved,9,2,11.1802
interleaved,9,3,11.4908
interleaved,9,4,11.1838
interleaved,9,5,11.6617
interleaved,9,6,11.5378
interleaved,9,7,11.4191
interleaved,9,8,11.4713
interleaved,9,9,10.4635
interleaved,9,10,10.9493
interleaved,9,11,11.4129
interleaved,9,12,11.3753
interleaved,9,13,11.476
interleaved,9,14,11.5238
interleaved,9,15,11.3492
interleaved,9,16,11.4548
interleaved,9,17,11.7453
interleaved,9,18,11.6611
interleaved,9,19,11.4204
interleaved,9,20,11.6813
interleaved,9,21,11.6574
interleaved,9,22,11.8177
interleaved,9,23,11.589
interleaved,9,24,11.488
interleaved,9,25,11.7845
interleaved,9,26,11.657
interleaved,9,27,11.9696
interleaved,9,28,11.732
interleaved,9,29,11.8377
interleaved,9,30,11.7935
interleaved,9,31,11.9636
interleaved,9,32,12.0585
interleaved,9,33,11.9105
interleaved,9,34,11.7008
interleaved,9,35,11.6731
interleaved,9,36,11.7452
interleaved,9,37,11.7582
interleaved,9,38,11.9172
interleaved,9,39,12.0095
interleaved,9,40,11.742
interleaved,9,41,11.8918
interleaved,9,42,11.6955
interleaved,9,43,11.761
interleaved,9,44,11.8627
interleaved,9,45,11.8102
interleaved,9,46,11.8759
interleaved,9,47,11.8472
interleaved,9,48,12.263
interleaved,9,49,11.6059
interleaved,9,50,12.0199
interleaved,9,51,11.6377
interleaved,9,52,11.5415
interleaved,9,53,11.9629
interleaved,9,54,12.0626
interleaved,9,55,11.4835
interleaved,9,56,11.883
interleaved,9,57,12.059
interleaved,9,58,11.785
interleaved,9,59,12.0606
interleaved,9,60,11.4042
interleaved,9,61,11.8149
interleaved,9,62,11.9871
interleaved,9,63,12.1166
interleaved,9,64,11.9382
interleaved,9,65,11.9595
interleaved,9,66,11.9605
interleaved,9,67,12.3994
interleaved,9,68,11.9892
interleaved,9,69,12.0214
interleaved,9,70,12.0448
interleaved,9,71,12.1182
interleaved,9,72,12.0092
interleaved,9,73,11.8145
interleaved,9,74,12.1362
interleaved,9,75,12.3973
interleaved,9,76,11.8665
interleaved,9,77,11.79
interleaved,9,78,12.3813
interleaved,9,79,11.9315
interleaved,9,80,12.1759
interleaved,9,81,12.5619
interleaved,9,82,12.1659
interleaved,9,83,12.1757
interleaved,9,84,12.002
interleaved,9,85,11.794
interleaved,9,86,11.9932
interleaved,9,87,12.4344
interleaved,9,88,12.453
interleaved,9,89,12.0767
interleaved,9,90,12.5959
interleaved,9,91,12.1979
interleaved,9,92,12.1894
interleaved,9,93,12.4035
interleaved,9,94,12.4528
interleaved,9,95,12.2172
interleaved,9,96,12.4934
interleaved,9,97,12.2357
interleaved,9,98,20.626
interleaved,9,99,16.9148
interleaved,9,100,13.7637
interleaved,9,101,14.034
interleaved,9,102,12.4879
interleaved,9,103,12.3251
interleaved,9,104,12.4221
interleaved,9,105,12.1459
interleaved,9,106,12.482
interleaved,9,107,12.6717
interleaved,9,108,12.4876
interleaved,9,109,12.2234
interleaved,9,110,12.5742
interleaved,9,111,12.7858
interleaved,9,112,12.3549
interleaved,9,113,12.4519
interleaved,9,114,12.594
interleaved,9,115,12.8192
interleaved,9,116,12.5933
interleaved,9,117,12.3831
interleaved,9,118,12.5384
interleaved,9,119,12.8326
interleaved,9,120,12.6982
interleaved,9,121,12.5573
interleaved,9,122,12.6193
interleaved,9,123,12.5785
interleaved,9,124,12.917
interleaved,9,125,12.5529
interleaved,9,126,12.6151
interleaved,9,127,12.8375
interleaved,9,128,12.8276
interleaved,9,129,12.3244
interleaved,9,130,12.9853
interleaved,9,131,12.6222
interleaved,9,132,12.6913
interleaved,9,133,12.9452
interleaved,9,134,13.2798
interleaved,9,135,12.7915
interleaved,9,136,13.2243
interleaved,9,137,13.3475
interleaved,9,138,12.9575
interleaved,9,139,12.8986
interleaved,9,140,12.8777
interleaved,9,141,13.0033
interleaved,9,142,12.8199
interleaved,9,143,12.7561
interleaved,9,144,13.0776
interleaved,9,145,12.9528
interleaved,9,146,12.8795
interleaved,9,147,13.0919
interleaved,9,148,12.7008
interleaved,9,149,13.0103
interleaved,9,150,13.5189
interleaved,9,151,13.0078
interleaved,9,152,12.9659
interleaved,9,153,13.0599
interleaved,9,154,13.1442
interleaved,9,155,12.8843
interleaved,9,156,13.2073
interleaved,9,157,13.2911
interleaved,9,158,12.8779
interleaved,9,159,13.1137
interleaved,9,160,12.9212
interleaved,9,161,13.1376
interleaved,9,162,13.1538
interleaved,9,163,13.0437
interleaved,9,164,12.9879
interleaved,9,165,13.2795
interleaved,9,166,13.3567
interleaved,9,167,13.3097
interleaved,9,168,13.413
interleaved,9,169,13.093
interleaved,9,170,12.9592
interleaved,9,171,12.9469
interleaved,9,172,13.1723
interleaved,9,173,13.2942
interleaved,9,174,13.7855
interleaved,9,175,13.1612
interleaved,9,176,13.2599
interleaved,9,177,12.9588
interleaved,9,178,13.2034
interleaved,9,179,13.3266
interleaved,9,180,13.3173
interleaved,9,181,13.3867
interleaved,9,182,13.3079
interleaved,9,183,13.4463
interleaved,9,184,13.2807
interleaved,9,185,12.9677
interleaved,9,186,13.3377
interleaved,9,187,13.2595
interleaved,9,188,13.2405
interleaved,9,189,13.1318
interleaved,9,190,13.5606
interleaved,9,191,13.3552
interleaved,9,192,13.8127
interleaved,9,193,13.5295
interleaved,9,194,13.644
interleaved,9,195,13.3569
interleaved,9,196,13.408
interleaved,9,197,13.3903
interleaved,9,198,13.6901
interleaved,9,199,13.2642
interleaved,9,200,13.785
interleaved,9,201,13.3034
interleaved,9,202,13.4469
interleaved,9,203,13.6351
interleaved,9,204,13.8482
interleaved,9,205,13.3666
interleaved,9,206,13.9467
interleaved,9,207,13.6587
interleaved,9,208,13.5048
interleaved,9,209,13.6608
interleaved,9,210,13.877
interleaved,9,211,13.2815
interleaved,9,212,13.5968
interleaved,9,213,13.664
interleaved,9,214,13.6168
interleaved,9,215,13.615
interleaved,9,216,13.6073
interleaved,9,217,13.6329
interleaved,9,218,13.1872
interleaved,9,219,13.6146
interleaved,9,220,13.6577
interleaved,9,221,13.6266
interleaved,9,222,13.6697
interleaved,9,223,14.0038
interleaved,9,224,14.1356
interleaved,9,225,13.5244
interleaved,9,226,13.356
interleaved,9,227,13.1053
interleaved,9,228,13.8902
interleaved,9,229,13.9587
interleaved,9,230,13.9703
interleaved,9,231,13.7801
interleaved,9,232,13.8238
interleaved,9,233,13.4989
interleaved,9,234,14.0782
interleaved,9,235,13.963
interleaved,9,236,14.004
interleaved,9,237,13.854
interleaved,9,238,14.2083
interleaved,9,239,13.8075
interleaved,9,240,13.735
interleaved,9,241,13.8885
interleaved,9,242,14.0965
interleaved,9,243,13.5288
interleaved,9,244,13.9133
interleaved,9,245,13.878
interleaved,9,246,14.3689
interleaved,9,247,13.9216
interleaved,9,248,13.7997
interleaved,9,249,13.7831
interleaved,9,250,13.7064
interleaved,9,251,13.9516
interleaved,9,252,14.0725
interleaved,9,253,13.6489
interleaved,9,254,14.1713
interleaved,9,255,14.0074
interleaved,9,256,13.8825
interleaved,9,257,13.9889
interleaved,9,258,14.2783
interleaved,9,259,14.1623
interleaved,9,260,14.2167
interleaved,9,261,14.0957
interleaved,9,262,13.8549
interleaved,9,263,14.0985
interleaved,9,264,13.9678
interleaved,9,265,13.8379
interleaved,9,266,13.661
interleaved,9,267,13.5529
interleaved,9,268,13.5552
interleaved,9,269,13.7649
interleaved,9,270,14.2495
interleaved,9,271,14.195
interleaved,9,272,14.1526
interleaved,9,273,14.0977
interleaved,9,274,14.2816
interleaved,9,275,14.0672
interleaved,9,276,14.2568
interleaved,9,277,14.1614
interleaved,9,278,14.1717
interleaved,9,279,14.5733
interleaved,9,280,13.9783
interleaved,9,281,14.2342
interleaved,9,282,14.3841
interleaved,9,283,14.5868
interleaved,9,284,14.2046
interleaved,9,285,14.3213
interleaved,9,286,14.2172
interleaved,9,287,14.7059
interleaved,9,288,14.2423
interleaved,9,289,14.0547
interleaved,9,290,14.5974
interleaved,9,291,14.6437
interleaved,9,292,14.5248
interleaved,9,293,14.4373
interleaved,9,294,14.5076
interleaved,9,295,14.2278
interleaved,9,296,14.4586
interleaved,9,297,14.5004
interleaved,9,298,14.0235
interleaved,9,299,14.4503
interleaved,9,300,14.0369
interleaved,9,301,14.4878
interleaved,9,302,14.2591
interleaved,9,303,14.392
interleaved,9,304,14.4148
interleaved,9,305,14.5437
interleaved,9,306,14.447
interleaved,9,307,14.3422
interleaved,9,308,14.5147
interleaved,9,309,14.8791
interleaved,9,310,14.3212
interleaved,9,311,14.8675
interleaved,9,312,14.4435
interleaved,9,313,14.6628
interleaved,9,314,14.286
interleaved,9,315,14.4235
interleaved,9,316,14.707
interleaved,9,317,14.6434
interleaved,9,318,14.9724
interleaved,9,319,14.1584
interleaved,9,320,14.5746
interleaved,9,321,15.0545
interleaved,9,322,14.9403
interleaved,9,323,14.6997
interleaved,9,324,14.8634
interleaved,9,325,14.7118
interleaved,9,326,14.4693
interleaved,9,327,15.1469
interleaved,9,328,14.6205
interleaved,9,329,14.402
interleaved,9,330,14.6784
interleaved,9,331,14.512
interleaved,9,332,14.5212
interleaved,9,333,14.5412
interleaved,9,334,14.0577
interleaved,9,335,15.177
interleaved,9,336,14.8027
interleaved,9,337,14.9667
interleaved,9,338,14.6713
interleaved,9,339,14.5465
interleaved,9,340,15.0225
interleaved,9,341,14.9463
interleaved,9,342,14.9045
interleaved,9,343,14.7735
interleaved,9,344,14.8069
interleaved,9,345,14.8075
interleaved,9,346,14.82
interleaved,9,347,14.9713
interleaved,9,348,14.7865
interleaved,9,349,15.0614
interleaved,9,350,14.9905
interleaved,9,351,14.7624
interleaved,9,352,14.6644
interleaved,9,353,14.6545
interleaved,9,354,15.2506
interleaved,9,355,14.9654
interleaved,9,356,15.2063
interleaved,9,357,15.0176
interleaved,9,358,14.6044
interleaved,9,359,15.3936
interleaved,9,360,15.2123
interleaved,9,361,15.2114
interleaved,9,362,15.217
interleaved,9,363,15.363
interleaved,9,364,15.0089
interleaved,9,365,14.8985
interleaved,9,366,15.3552
interleaved,9,367,15.363
interleaved,9,368,14.9805
interleaved,9,369,15.1538
interleaved,9,370,14.875
interleaved,9,371,14.8882
interleaved,9,372,14.5448
interleaved,9,373,15.0759
interleaved,9,374,15.4433
interleaved,9,375,15.1088
interleaved,9,376,14.8837
interleaved,9,377,15.3055
interleaved,9,378,15.5777
interleaved,9,379,15.423
interleaved,9,380,15.3133
interleaved,9,381,15.724
interleaved,9,382,15.2997
interleaved,9,383,15.3389
interleaved,9,384,15.364
interleaved,9,385,15.5097
interleaved,9,386,15.5138
interleaved,9,387,15.09
interleaved,9,388,15.4988
interleaved,9,389,15.3302
interleaved,9,390,15.5694
interleaved,9,391,15.488
interleaved,9,392,15.5783
interleaved,9,393,15.5727
interleaved,9,394,15.4093
interleaved,9,395,15.4964
interleaved,9,396,15.5728
interleaved,9,397,15.3734
interleaved,9,398,15.8765
interleaved,9,399,15.7238
interleaved,9,400,15.6825
interleaved,9,401,15.7053
interleaved,9,402,15.7578
interleaved,9,403,15.4427
interleaved,9,404,15.6299
interleaved,9,405,15.6436
interleaved,9,406,15.628
interleaved,9,407,15.5043
interleaved,9,408,15.5721
interleaved,9,409,15.5725
interleaved,9,410,15.6688
interleaved,9,411,15.3509
interleaved,9,412,15.722
interleaved,9,413,15.6773
interleaved,9,414,15.4404
interleaved,9,415,15.7527
interleaved,9,416,15.6479
interleaved,9,417,15.4723
interleaved,9,418,15.5247
interleaved,9,419,15.4688
interleaved,9,420,15.6461
interleaved,9,421,15.385
interleaved,9,422,15.8109
interleaved,9,423,15.8473
interleaved,9,424,15.5814
interleaved,9,425,16.0432
interleaved,9,426,15.6709
interleaved,9,427,15.7457
interleaved,9,428,15.513
interleaved,9,429,15.8344
interleaved,9,430,15.9024
interleaved,9,431,15.6889
interleaved,9,432,15.9498
interleaved,9,433,15.9001
interleaved,9,434,15.9033
interleaved,9,435,15.7034
interleaved,9,436,16.0485
interleaved,9,437,15.8121
interleaved,9,438,15.9893
interleaved,9,439,15.8621
interleaved,9,440,16.1011
interleaved,9,441,15.8791
interleaved,9,442,15.9625
interleaved,9,443,15.7239
interleaved,9,444,15.3364
interleaved,9,445,16.292
interleaved,9,446,16.1865
interleaved,9,447,16.2845
interleaved,9,448,16.7949
interleaved,9,449,15.9896
interleaved,9,450,16.17
interleaved,9,451,16.0618
interleaved,9,452,15.637
interleaved,9,453,16.082
interleaved,9,454,15.9048
interleaved,9,455,15.9374
interleaved,9,456,16.2663
interleaved,9,457,15.7784
interleaved,9,458,16.3137
interleaved,9,459,16.0753
interleaved,9,460,15.9608
interleaved,9,461,15.8442
interleaved,9,462,16.1622
interleaved,9,463,15.7608
interleaved,9,464,16.063
interleaved,9,465,16.6934
interleaved,9,466,16.611
interleaved,9,467,16.2811
interleaved,9,468,16.8306
interleaved,9,469,16.6863
interleaved,9,470,16.4322
interleaved,9,471,16.521
interleaved,9,472,16.6076
interleaved,9,473,16.9014
interleaved,9,474,17.3285
interleaved,9,475,16.8257
interleaved,9,476,16.39
interleaved,9,477,16.8624
interleaved,9,478,16.8599
interleaved,9,479,16.8047
interleaved,9,480,16.92
interleaved,9,481,17.4247
interleaved,9,482,16.9348
interleaved,9,483,16.8102
interleaved,9,484,17.1496
interleaved,9,485,16.9443
interleaved,9,486,17.025
interleaved,9,487,17.0874
interleaved,9,488,16.881
interleaved,9,489,16.5334
interleaved,9,490,17.1721
interleaved,9,491,16.9653
interleaved,9,492,16.9225
interleaved,9,493,16.8212
interleaved,9,494,16.9065
interleaved,9,495,16.8327
interleaved,9,496,16.7618
interleaved,9,497,16.7192
interleaved,9,498,17.0362
interleaved,9,499,16.9778
interleaved,9,500,16.9976
interleaved,9,501,16.7483
interleaved,9,502,16.2208
interleaved,9,503,16.1921
interleaved,9,504,16.8599
interleaved,9,505,16.7359
interleaved,9,506,16.7528
interleaved,9,507,16.4374
interleaved,9,508,16.986
interleaved,9,509,17.0428
interleaved,9,510,16.8653
interleaved,9,511,16.6345
interleaved,9,512,17.34
interleaved,9,513,16.6522
interleaved,9,514,17.1132
interleaved,9,515,16.8558
interleaved,9,516,16.6669
interleaved,9,517,16.7343
interleaved,9,518,16.9128
interleaved,9,519,16.8492
interleaved,9,520,16.7133
interleaved,9,521,16.9572
interleaved,9,522,16.999
interleaved,9,523,16.9097
interleaved,9,524,16.8996
interleaved,9,525,17.1029
interleaved,9,526,17.0363
interleaved,9,527,16.6178
interleaved,9,528,16.7113
interleaved,9,529,17.1125
interleaved,9,530,17.2106
interleaved,9,531,16.7463
interleaved,9,532,16.7765
interleaved,9,533,16.9848
interleaved,9,534,17.0102
interleaved,9,535,16.68
interleaved,9,536,17.1551
interleaved,9,537,16.8905
interleaved,9,538,16.8718
interleaved,9,539,16.8908
interleaved,9,540,16.7356
interleaved,9,541,16.7945
interleaved,9,542,17.2682
interleaved,9,543,16.6283
interleaved,9,544,17.1133
interleaved,9,545,17.0416
interleaved,9,546,16.7504
interleaved,9,547,16.5275
interleaved,9,548,16.7385
interleaved,9,549,16.959
interleaved,9,550,16.6838
interleaved,9,551,16.6035
interleaved,9,552,16.4675
interleaved,9,553,16.5246
interleaved,9,554,17.0438
interleaved,9,555,16.8715
interleaved,9,556,16.8027
interleaved,9,557,16.4056
interleaved,9,558,17.1259
interleaved,9,559,16.8678
interleaved,9,560,16.7059
interleaved,9,561,16.9578
interleaved,9,562,16.6369
interleaved,9,563,16.6287
interleaved,9,564,16.8373
interleaved,9,565,16.4992
interleaved,9,566,16.9426
interleaved,9,567,16.6072
interleaved,9,568,16.3885
interleaved,9,569,16.1978
interleaved,9,570,16.8031
interleaved,9,571,16.5534
interleaved,9,572,17.3006
interleaved,9,573,16.633
interleaved,9,574,17.0293
interleaved,9,575,16.459
interleaved,9,576,16.3603
interleaved,9,577,16.9964
interleaved,9,578,16.8755
interleaved,9,579,16.5607
interleaved,9,580,16.4185
interleaved,9,581,16.71
interleaved,9,582,16.8394
interleaved,9,583,16.8868
interleaved,9,584,16.8381
interleaved,9,585,16.802
interleaved,9,586,16.694
interleaved,9,587,16.8645
interleaved,9,588,17.0052
interleaved,9,589,16.9093
interleaved,9,590,17.1515
interleaved,9,591,16.6426
interleaved,9,592,16.2314
interleaved,9,593,16.7738
interleaved,9,594,16.9462
interleaved,9,595,16.8695
interleaved,9,596,16.897
interleaved,9,597,17.0195
interleaved,9,598,16.5439
interleaved,9,599,16.4312
deferscale,9,0,59.0977
deferscale,9,1,11.1063
deferscale,9,2,10.983
deferscale,9,3,11.18
deferscale,9,4,11.3242
deferscale,9,5,11.0219
deferscale,9,6,11.1615
deferscale,9,7,11.2892
deferscale,9,8,11.1223
deferscale,9,9,11.6166
deferscale,9,10,11.3925
deferscale,9,11,11.8322
deferscale,9,12,11.8373
deferscale,9,13,11.5144
deferscale,9,14,11.467
deferscale,9,15,11.4065
deferscale,9,16,11.3474
deferscale,9,17,11.2943
deferscale,9,18,11.7961
deferscale,9,19,11.3796
deferscale,9,20,11.2622
deferscale,9,21,10.9497
deferscale,9,22,11.4503
deferscale,9,23,11.7244
deferscale,9,24,11.1445
deferscale,9,25,11.7745
deferscale,9,26,11.4474
deferscale,9,27,11.3766
deferscale,9,28,11.2419
deferscale,9,29,11.6428
deferscale,9,30,11.9293
deferscale,9,31,11.9544
deferscale,9,32,11.8923
deferscale,9,33,12.0129
deferscale,9,34,11.7748
deferscale,9,35,11.9105
deferscale,9,36,11.278
deferscale,9,37,11.4363
deferscale,9,38,11.5844
deferscale,9,39,11.3758
deferscale,9,40,11.7305
deferscale,9,41,11.4017
deferscale,9,42,11.912
deferscale,9,43,12.0127
deferscale,9,44,11.9948
deferscale,9,45,11.4877
deferscale,9,46,11.5507
deferscale,9,47,12.1235
deferscale,9,48,11.6274
deferscale,9,49,12.001
deferscale,9,50,12.1338
deferscale,9,51,12.1638
deferscale,9,52,12.0876
deferscale,9,53,11.7582
deferscale,9,54,11.8218
deferscale,9,55,11.3249
deferscale,9,56,12.436
deferscale,9,57,11.9456
deferscale,9,58,11.7072
deferscale,9,59,11.6903
deferscale,9,60,12.1465
deferscale,9,61,12.5526
deferscale,9,62,12.1261
deferscale,9,63,11.5135
deferscale,9,64,11.7447
deferscale,9,65,12.2895
deferscale,9,66,12.1001
deferscale,9,67,11.8755
deferscale,9,68,11.4748
deferscale,9,69,11.8102
deferscale,9,70,11.7867
deferscale,9,71,11.4321
deferscale,9,72,11.7842
deferscale,9,73,11.4608
deferscale,9,74,11.7005
deferscale,9,75,12.1785
deferscale,9,76,12.1443
deferscale,9,77,11.7417
deferscale,9,78,12.1267
deferscale,9,79,12.7383
deferscale,9,80,12.1194
deferscale,9,81,11.8837
deferscale,9,82,11.9573
deferscale,9,83,12.8131
deferscale,9,84,13.03
deferscale,9,85,12.6409
deferscale,9,86,12.754
deferscale,9,87,13.083
deferscale,9,88,12.862
deferscale,9,89,12.7119
deferscale,9,90,12.493
deferscale,9,91,12.2346
deferscale,9,92,12.4648
deferscale,9,93,12.081
deferscale,9,94,12.1528
deferscale,9,95,12.0075
deferscale,9,96,12.567
deferscale,9,97,12.6333
deferscale,9,98,12.733
deferscale,9,99,12.3323
deferscale,9,100,12.4271
deferscale,9,101,12.4445
deferscale,9,102,12.2627
deferscale,9,103,12.5716
deferscale,9,104,12.5314
deferscale,9,105,12.6954
deferscale,9,106,12.5221
deferscale,9,107,12.7201
deferscale,9,108,12.399
deferscale,9,109,12.623
deferscale,9,110,12.6713
deferscale,9,111,12.5091
deferscale,9,112,12.7994
deferscale,9,113,12.9482
deferscale,9,114,12.747
deferscale,9,115,12.603
deferscale,9,116,12.4023
deferscale,9,117,12.2918
deferscale,9,118,12.5313
deferscale,9,119,12.9085
deferscale,9,120,12.8567
deferscale,9,121,12.455
deferscale,9,122,12.8041
deferscale,9,123,12.8598
deferscale,9,124,12.5687
deferscale,9,125,12.1225
deferscale,9,126,12.7777
deferscale,9,127,12.7794
deferscale,9,128,12.7465
deferscale,9,129,12.7006
deferscale,9,130,12.6413
deferscale,9,131,12.947
deferscale,9,132,12.6288
deferscale,9,133,12.6517
deferscale,9,134,13.0868
deferscale,9,135,13.0453
deferscale,9,136,12.9798
deferscale,9,137,12.9046
deferscale,9,138,12.9347
deferscale,9,139,12.9825
deferscale,9,140,12.8483
deferscale,9,141,13.1126
deferscale,9,142,13.9295
deferscale,9,143,14.0659
deferscale,9,144,12.9753
deferscale,9,145,12.6349
deferscale,9,146,12.8949
deferscale,9,147,13.0581
deferscale,9,148,13.1462
deferscale,9,149,12.7632
deferscale,9,150,12.6705
deferscale,9,151,13.5252
deferscale,9,152,13.4122
deferscale,9,153,12.9365
deferscale,9,154,12.9913
deferscale,9,155,12.9616
deferscale,9,156,13.1992
deferscale,9,157,13.1842
deferscale,9,158,13.31
deferscale,9,159,13.1193
deferscale,9,160,13.2891
deferscale,9,161,13.0368
deferscale,9,162,13.1406
deferscale,9,163,13.116
deferscale,9,164,13.2788
deferscale,9,165,13.2225
deferscale,9,166,13.2616
deferscale,9,167,13.0292
deferscale,9,168,13.3616
deferscale,9,169,13.3649
deferscale,9,170,13.2731
deferscale,9,171,13.6164
deferscale,9,172,13.3075
deferscale,9,173,13.2417
deferscale,9,174,13.0223
deferscale,9,175,13.1845
deferscale,9,176,13.266
deferscale,9,177,13.4053
deferscale,9,178,13.1096
deferscale,9,179,13.1653
deferscale,9,180,13.7571
deferscale,9,181,13.5451
deferscale,9,182,13.2558
deferscale,9,183,13.4727
deferscale,9,184,13.3954
deferscale,9,185,13.886
deferscale,9,186,13.5582
deferscale,9,187,13.2553
deferscale,9,188,13.7047
deferscale,9,189,13.4336
deferscale,9,190,13.6119
deferscale,9,191,13.6658
deferscale,9,192,13.3296
deferscale,9,193,13.4449
deferscale,9,194,13.3967
deferscale,9,195,13.5452
deferscale,9,196,13.674
deferscale,9,197,13.1971
deferscale,9,198,13.5696
deferscale,9,199,13.369
deferscale,9,200,13.8759
deferscale,9,201,13.8332
deferscale,9,202,13.4889
deferscale,9,203,13.969
deferscale,9,204,13.6435
deferscale,9,205,13.6793
deferscale,9,206,13.2936
deferscale,9,207,13.3909
deferscale,9,208,13.1394
deferscale,9,209,13.1134
deferscale,9,210,13.3368
deferscale,9,211,13.304
deferscale,9,212,14.1502
deferscale,9,213,14.4157
deferscale,9,214,14.6794
deferscale,9,215,15.9472
deferscale,9,216,14.178
deferscale,9,217,14.5742
deferscale,9,218,13.772
deferscale,9,219,14.0876
deferscale,9,220,14.0145
deferscale,9,221,13.9696
deferscale,9,222,14.1687
deferscale,9,223,13.9174
deferscale,9,224,13.6622
deferscale,9,225,13.5934
deferscale,9,226,14.1096
deferscale,9,227,14.0215
deferscale,9,228,13.5875
deferscale,9,229,13.9307
deferscale,9,230,13.8708
deferscale,9,231,13.705
deferscale,9,232,13.674
deferscale,9,233,13.8207
deferscale,9,234,14.1088
deferscale,9,235,14.2015
deferscale,9,236,13.9333
deferscale,9,237,13.8672
deferscale,9,238,14.3008
deferscale,9,239,13.8114
deferscale,9,240,14.2921
deferscale,9,241,14.0554
deferscale,9,242,14.0195
deferscale,9,243,14.1277
deferscale,9,244,13.9
deferscale,9,245,13.9765
deferscale,9,246,14.0833
deferscale,9,247,14.3801
deferscale,9,248,14.4735
deferscale,9,249,13.7372
deferscale,9,250,14.3565
deferscale,9,251,14.2266
deferscale,9,252,13.9665
deferscale,9,253,13.9169
deferscale,9,254,13.8949
deferscale,9,255,14.2982
deferscale,9,256,14.3389
deferscale,9,257,14.1898
deferscale,9,258,14.2912
deferscale,9,259,13.9415
deferscale,9,260,13.8588
deferscale,9,261,14.3266
deferscale,9,262,14.2077
deferscale,9,263,13.9665
deferscale,9,264,14.0757
deferscale,9,265,14.3591
deferscale,9,266,14.1235
deferscale,9,267,14.3977
deferscale,9,268,14.0958
deferscale,9,269,14.4865
deferscale,9,270,14.235
deferscale,9,271,14.2715
deferscale,9,272,14.0689
deferscale,9,273,13.9502
deferscale,9,274,14.3627
deferscale,9,275,14.4375
deferscale,9,276,14.3818
deferscale,9,277,14.0494
deferscale,9,278,13.6965
deferscale,9,279,14.3448
deferscale,9,280,14.4769
deferscale,9,281,14.2402
deferscale,9,282,14.2471
deferscale,9,283,15.1064
deferscale,9,284,14.5077
deferscale,9,285,14.2548
deferscale,9,286,14.5203
deferscale,9,287,14.6972
deferscale,9,288,14.8605
deferscale,9,289,15.082
deferscale,9,290,14.7942
deferscale,9,291,14.938
deferscale,9,292,14.7469
deferscale,9,293,14.8733
deferscale,9,294,15.0805
deferscale,9,295,14.555
deferscale,9,296,14.688
deferscale,9,297,14.4321
deferscale,9,298,14.8086
deferscale,9,299,14.7229
deferscale,9,300,14.4392
deferscale,9,301,14.2808
deferscale,9,302,14.5998
deferscale,9,303,14.7515
deferscale,9,304,14.7465
deferscale,9,305,14.8818
deferscale,9,306,14.532
deferscale,9,307,14.7967
deferscale,9,308,14.3847
deferscale,9,309,15.1666
deferscale,9,310,14.7178
deferscale,9,311,14.6857
deferscale,9,312,15.0813
deferscale,9,313,14.5497
deferscale,9,314,14.6342
deferscale,9,315,14.4136
deferscale,9,316,14.558
deferscale,9,317,14.8902
deferscale,9,318,14.849
deferscale,9,319,14.9122
deferscale,9,320,14.7049
deferscale,9,321,14.8499
deferscale,9,322,14.8993
deferscale,9,323,14.6174
deferscale,9,324,14.743
deferscale,9,325,15.1493
deferscale,9,326,15.0712
deferscale,9,327,14.8858
deferscale,9,328,14.7463
deferscale,9,329,14.4702
deferscale,9,330,14.9574
deferscale,9,331,14.7525
deferscale,9,332,14.9025
deferscale,9,333,14.7803
deferscale,9,334,14.8028
deferscale,9,335,14.9586
deferscale,9,336,15.0349
deferscale,9,337,14.9636
deferscale,9,338,15.1057
deferscale,9,339,15.3537
deferscale,9,340,14.6524
deferscale,9,341,14.9704
deferscale,9,342,14.921
deferscale,9,343,15.4072
deferscale,9,344,15.47
deferscale,9,345,15.0501
deferscale,9,346,15.5388
deferscale,9,347,15.0651
deferscale,9,348,14.9996
deferscale,9,349,14.7404
deferscale,9,350,14.4812
deferscale,9,351,14.8982
deferscale,9,352,15.4889
deferscale,9,353,15.0953
deferscale,9,354,14.9907
deferscale,9,355,15.178
deferscale,9,356,15.1993
deferscale,9,357,15.2811
deferscale,9,358,15.2978
deferscale,9,359,15.0588
deferscale,9,360,15.4717
deferscale,9,361,15.0325
deferscale,9,362,15.64
deferscale,9,363,15.0491
deferscale,9,364,15.0951
deferscale,9,365,15.4575
deferscale,9,366,15.3383
deferscale,9,367,15.1785
deferscale,9,368,15.3545
deferscale,9,369,15.3881
deferscale,9,370,15.2368
deferscale,9,371,14.9156
deferscale,9,372,15.4874
deferscale,9,373,15.4952
deferscale,9,374,15.1282
deferscale,9,375,15.6133
deferscale,9,376,15.3813
deferscale,9,377,15.5473
deferscale,9,378,15.598
deferscale,9,379,15.7534
deferscale,9,380,15.4508
deferscale,9,381,15.3622
deferscale,9,382,15.5811
deferscale,9,383,15.4084
deferscale,9,384,15.4414
deferscale,9,385,15.6542
deferscale,9,386,15.5597
deferscale,9,387,15.3144
deferscale,9,388,15.6442
deferscale,9,389,15.575
deferscale,9,390,15.9951
deferscale,9,391,15.2426
deferscale,9,392,15.6917
deferscale,9,393,15.3823
deferscale,9,394,15.3982
deferscale,9,395,15.0357
deferscale,9,396,15.2087
deferscale,9,397,15.421
deferscale,9,398,15.3062
deferscale,9,399,15.3324
deferscale,9,400,15.5704
deferscale,9,401,15.798
deferscale,9,402,15.2754
deferscale,9,403,15.8926
deferscale,9,404,15.7775
deferscale,9,405,15.9844
deferscale,9,406,15.8986
deferscale,9,407,15.4308
deferscale,9,408,15.5093
deferscale,9,409,15.5728
deferscale,9,410,16.0268
deferscale,9,411,16.1124
deferscale,9,412,15.9475
deferscale,9,413,15.9291
deferscale,9,414,15.921
deferscale,9,415,22.7075
deferscale,9,416,16.3172
deferscale,9,417,15.9806
deferscale,9,418,15.6613
deferscale,9,419,15.8571
deferscale,9,420,15.8106
deferscale,9,421,16.3918
deferscale,9,422,16.1419
deferscale,9,423,16.252
deferscale,9,424,15.7367
deferscale,9,425,15.5514
deferscale,9,426,16.0037
deferscale,9,427,15.8598
deferscale,9,428,16.0975
deferscale,9,429,15.892
deferscale,9,430,15.8576
deferscale,9,431,16.0027
deferscale,9,432,16.0719
deferscale,9,433,16.2314
deferscale,9,434,15.9923
deferscale,9,435,16.2922
deferscale,9,436,16.2238
deferscale,9,437,15.866
deferscale,9,438,15.8286
deferscale,9,439,16.0425
deferscale,9,440,15.9292
deferscale,9,441,15.9974
deferscale,9,442,16.2233
deferscale,9,443,15.8413
deferscale,9,444,15.8639
deferscale,9,445,15.9634
deferscale,9,446,16.0043
deferscale,9,447,16.0467
deferscale,9,448,16.0359
deferscale,9,449,16.322
deferscale,9,450,15.9947
deferscale,9,451,16.4287
deferscale,9,452,16.2838
deferscale,9,453,15.9445
deferscale,9,454,16.4526
deferscale,9,455,16.1581
deferscale,9,456,15.9661
deferscale,9,457,16.6232
deferscale,9,458,16.4495
deferscale,9,459,16.0273
deferscale,9,460,16.278
deferscale,9,461,16.0994
deferscale,9,462,16.2385
deferscale,9,463,16.4923
deferscale,9,464,16.0735
deferscale,9,465,16.199
deferscale,9,466,16.427
deferscale,9,467,16.5892
deferscale,9,468,16.3814
deferscale,9,469,16.513
deferscale,9,470,16.2359
deferscale,9,471,16.1715
deferscale,9,472,17.4657
deferscale,9,473,17.305
deferscale,9,474,16.96
deferscale,9,475,16.8475
deferscale,9,476,16.8673
deferscale,9,477,16.9591
deferscale,9,478,17.178
deferscale,9,479,17.0455
deferscale,9,480,16.974
deferscale,9,481,16.297
deferscale,9,482,17.9965
deferscale,9,483,17.0841
deferscale,9,484,16.7775
deferscale,9,485,17.1229
deferscale,9,486,16.7346
deferscale,9,487,17.127
deferscale,9,488,17.5696
deferscale,9,489,16.7482
deferscale,9,490,17.0222
deferscale,9,491,16.9476
deferscale,9,492,17.3931
deferscale,9,493,17.3027
deferscale,9,494,16.7537
deferscale,9,495,17.2666
deferscale,9,496,17.2449
deferscale,9,497,17.0595
deferscale,9,498,17.3952
deferscale,9,499,17.2495
deferscale,9,500,17.0659
deferscale,9,501,16.9285
deferscale,9,502,17.0349
deferscale,9,503,17.256
deferscale,9,504,16.9209
deferscale,9,505,17.021
deferscale,9,506,17.0866
deferscale,9,507,17.2432
deferscale,9,508,17.134
deferscale,9,509,17.1091
deferscale,9,510,17.1358
deferscale,9,511,16.976
deferscale,9,512,17.2555
deferscale,9,513,16.8658
deferscale,9,514,17.2045
deferscale,9,515,17.2324
deferscale,9,516,17.4357
deferscale,9,517,17.1024
deferscale,9,518,16.8278
deferscale,9,519,16.973
deferscale,9,520,17.2256
deferscale,9,521,17.0881
deferscale,9,522,17.114
deferscale,9,523,17.2037
deferscale,9,524,17.2229
deferscale,9,525,16.905
deferscale,9,526,17.1622
deferscale,9,527,17.0516
deferscale,9,528,16.9333
deferscale,9,529,16.8773
deferscale,9,530,17.1931
deferscale,9,531,16.8176
deferscale,9,532,17.2473
deferscale,9,533,17.2227
deferscale,9,534,16.9513
deferscale,9,535,17.0347
deferscale,9,536,17.2952
deferscale,9,537,17.1322
deferscale,9,538,17.0047
deferscale,9,539,17.1123
deferscale,9,540,17.1732
deferscale,9,541,16.9558
deferscale,9,542,17.188
deferscale,9,543,16.6732
deferscale,9,544,17.1298
deferscale,9,545,16.3975
deferscale,9,546,16.912
deferscale,9,547,17.037
deferscale,9,548,17.7119
deferscale,9,549,16.8816
deferscale,9,550,17.6373
deferscale,9,551,16.9563
deferscale,9,552,17.1426
deferscale,9,553,16.9478
deferscale,9,554,16.4976
deferscale,9,555,17.297
deferscale,9,556,16.7559
deferscale,9,557,16.8338
deferscale,9,558,17.289
deferscale,9,559,17.428
deferscale,9,560,16.8508
deferscale,9,561,17.2013
deferscale,9,562,16.9883
deferscale,9,563,16.9966
deferscale,9,564,16.8753
deferscale,9,565,17.3712
deferscale,9,566,16.865
deferscale,9,567,17.1991
deferscale,9,568,17.2993
deferscale,9,569,17.0693
deferscale,9,570,17.2993
deferscale,9,571,17.5022
deferscale,9,572,17.3908
deferscale,9,573,16.6544
deferscale,9,574,16.5705
deferscale,9,575,16.4216
deferscale,9,576,16.78
deferscale,9,577,17.1703
deferscale,9,578,17.7938
deferscale,9,579,16.662
deferscale,9,580,16.4985
deferscale,9,581,16.7225
deferscale,9,582,15.8772
deferscale,9,583,16.5317
deferscale,9,584,16.16
deferscale,9,585,16.1013
deferscale,9,586,16.9496
deferscale,9,587,16.3224
deferscale,9,588,16.2104
deferscale,9,589,18.153
deferscale,9,590,16.5901
deferscale,9,591,17.2694
deferscale,9,592,16.7965
deferscale,9,593,17.392
deferscale,9,594,16.2467
deferscale,9,595,18.469
deferscale,9,596,17.0289
deferscale,9,597,17.232
deferscale,9,598,17.3732
deferscale,9,599,17.1661
